order_id,restaurant_id,order_date,items_count,order_value,discount,delivery_fee,final_amount,payment_mode,delivery_time_mins,order_status,customer_rating,restaurant_name,city,cuisine,rating,cost_for_two
5298,20,2024-01-01 09:16:00,1,416,62.4,0,353.6,UPI,23,Cancelled,4.0,Urban Tadka 20,Hyderabad,Street Food,3.4,600
2995,11,2024-01-01 09:18:00,1,294,58.8,20,255.2,Wallet,60,Cancelled,4.1,Noodle Bar 11,Hyderabad,Chinese,2.8,600
2274,39,2024-01-01 09:24:00,3,931,186.2,0,744.8,Debit Card,47,Delivered,4.9,Wok This Way 39,Pune,North Indian,4.2,350
4598,34,2024-01-01 17:03:00,1,220,0.0,30,250.0,Cash on Delivery,51,Delivered,5.0,Biryani House 34,Bangalore,South Indian,4.8,200
5749,39,2024-01-01 18:04:00,4,1445,216.75,0,1228.25,Wallet,47,Delivered,4.0,Wok This Way 39,Pune,North Indian,4.2,350
1572,35,2024-01-01 19:15:00,1,494,49.4,0,444.6,Credit Card,56,Cancelled,3.3,Momo Magic 35,Hyderabad,Fast Food,4.8,150
2168,47,2024-01-01 20:54:00,3,1366,136.6,30,1259.4,Cash on Delivery,62,Delivered,4.0,Wok This Way 47,Ahmedabad,Street Food,3.5,250
4160,45,2024-01-01 22:53:00,4,825,0.0,0,825.0,Cash on Delivery,38,Delivered,3.5,Royal Feast 45,Ahmedabad,Fast Food,3.3,250
5260,2,2024-01-01 23:55:00,2,705,70.5,40,674.5,Cash on Delivery,58,Delivered,3.3,Spice Junction 2,Lucknow,Continental,4.8,200
1817,15,2024-01-02 08:19:00,4,2032,0.0,20,2052.0,Wallet,27,Delivered,3.5,Biryani House 15,Ahmedabad,North Indian,3.2,800
2460,42,2024-01-02 08:42:00,4,608,91.2,49,565.8,Credit Card,54,Cancelled,3.7,Sizzle & Steam 42,Lucknow,Chinese,3.8,400
5249,10,2024-01-02 11:11:00,4,1236,0.0,30,1266.0,Cash on Delivery,51,Delivered,2.8,Chaat Street 10,Mumbai,Italian,4.3,350
4904,38,2024-01-02 12:49:00,4,644,0.0,0,644.0,Wallet,46,Delivered,4.2,Burger Barn 38,Kolkata,Biryani,3.0,600
4832,34,2024-01-02 13:36:00,2,727,0.0,0,727.0,Credit Card,45,Delivered,4.6,Biryani House 34,Bangalore,South Indian,4.8,200
1804,26,2024-01-02 14:37:00,3,775,0.0,30,805.0,Wallet,24,Cancelled,2.7,Chaat Street 26,Hyderabad,Continental,4.4,250
4922,34,2024-01-02 14:54:00,3,467,46.7,30,450.3,Credit Card,61,Delivered,4.2,Biryani House 34,Bangalore,South Indian,4.8,200
4269,38,2024-01-02 15:44:00,2,444,0.0,40,484.0,Wallet,64,Delivered,4.3,Burger Barn 38,Kolkata,Biryani,3.0,600
1301,39,2024-01-02 17:46:00,4,1214,0.0,49,1263.0,Cash on Delivery,36,Delivered,3.6,Wok This Way 39,Pune,North Indian,4.2,350
5980,49,2024-01-02 18:48:00,1,215,0.0,30,245.0,Credit Card,32,Delivered,3.2,Curry Leaf 49,Pune,Chinese,3.9,350
1079,37,2024-01-02 18:49:00,4,1406,0.0,49,1455.0,Cash on Delivery,48,Delivered,4.7,Curry Leaf 37,Chennai,Chinese,3.4,500
1249,2,2024-01-02 21:28:00,3,1531,0.0,40,1571.0,Debit Card,31,Delivered,4.3,Spice Junction 2,Lucknow,Continental,4.8,200
4179,5,2024-01-02 23:00:00,2,440,0.0,40,480.0,Credit Card,20,Delivered,3.1,Cafe Bliss 5,Hyderabad,Street Food,3.1,500
2422,50,2024-01-03 09:34:00,4,563,112.6,30,480.4,Credit Card,47,Delivered,3.5,Urban Tadka 50,Delhi,Bakery,3.2,500
2533,49,2024-01-03 09:35:00,1,432,0.0,40,472.0,Cash on Delivery,26,Delivered,4.2,Curry Leaf 49,Pune,Chinese,3.9,350
3910,14,2024-01-03 13:26:00,1,162,0.0,40,202.0,Credit Card,49,Delivered,3.7,Curry Leaf 14,Pune,South Indian,3.2,150
2003,15,2024-01-03 14:13:00,1,331,66.2,0,264.8,Credit Card,50,Delivered,4.8,Biryani House 15,Ahmedabad,North Indian,3.2,800
5701,42,2024-01-03 16:44:00,1,537,0.0,20,557.0,Credit Card,52,Delivered,4.3,Sizzle & Steam 42,Lucknow,Chinese,3.8,400
5728,10,2024-01-03 17:44:00,1,391,78.2,49,361.8,Wallet,32,Delivered,3.7,Chaat Street 10,Mumbai,Italian,4.3,350
2653,49,2024-01-03 18:15:00,2,615,0.0,20,635.0,Debit Card,16,Delivered,4.8,Curry Leaf 49,Pune,Chinese,3.9,350
5402,13,2024-01-03 19:49:00,3,789,78.9,30,740.1,Credit Card,55,Delivered,2.9,Spice Junction 13,Kolkata,Biryani,4.5,800
4214,18,2024-01-03 20:12:00,4,2029,0.0,40,2069.0,Debit Card,58,Delivered,2.6,Sizzle & Steam 18,Chennai,Chinese,3.9,600
4549,35,2024-01-04 09:06:00,4,1627,162.7,49,1513.3,Cash on Delivery,33,Delivered,3.7,Momo Magic 35,Hyderabad,Fast Food,4.8,150
2804,46,2024-01-04 09:54:00,2,224,22.4,40,241.6,UPI,23,Delivered,3.1,Urban Tadka 46,Kolkata,Continental,4.2,350
2618,41,2024-01-04 10:48:00,3,395,0.0,40,435.0,Credit Card,31,Delivered,3.5,Dosa Corner 41,Hyderabad,Continental,3.1,600
2736,44,2024-01-04 11:33:00,2,201,20.1,20,200.9,Debit Card,21,Delivered,2.7,Tandoori Nights 44,Hyderabad,South Indian,4.7,150
3190,15,2024-01-04 11:43:00,2,301,60.2,40,280.8,UPI,62,Delivered,4.4,Biryani House 15,Ahmedabad,North Indian,3.2,800
1444,32,2024-01-04 13:55:00,4,611,122.2,20,508.8,Wallet,63,Cancelled,4.4,Grill Masters 32,Hyderabad,Fast Food,3.2,800
3455,49,2024-01-04 13:59:00,2,426,85.2,49,389.8,Wallet,39,Cancelled,3.8,Curry Leaf 49,Pune,Chinese,3.9,350
4037,41,2024-01-04 15:53:00,4,742,148.4,49,642.6,UPI,36,Delivered,3.7,Dosa Corner 41,Hyderabad,Continental,3.1,600
5902,47,2024-01-04 18:59:00,1,324,64.8,49,308.2,Debit Card,26,Delivered,4.1,Wok This Way 47,Ahmedabad,Street Food,3.5,250
4274,19,2024-01-04 19:00:00,2,614,0.0,0,614.0,UPI,31,Delivered,3.5,Spice Junction 19,Chennai,Desserts,3.7,150
2889,18,2024-01-04 19:12:00,4,1019,0.0,0,1019.0,Cash on Delivery,56,Delivered,4.2,Sizzle & Steam 18,Chennai,Chinese,3.9,600
1159,36,2024-01-04 19:19:00,3,1239,0.0,20,1259.0,Credit Card,19,Delivered,4.7,Wok This Way 36,Bangalore,Desserts,4.5,500
5577,8,2024-01-04 19:43:00,4,830,166.0,20,684.0,Cash on Delivery,43,Cancelled,4.6,Urban Tadka 8,Hyderabad,Desserts,4.6,350
1953,35,2024-01-04 20:21:00,1,315,47.25,20,287.75,Cash on Delivery,28,Delivered,4.5,Momo Magic 35,Hyderabad,Fast Food,4.8,150
2737,28,2024-01-04 20:41:00,1,385,0.0,0,385.0,Wallet,34,Delivered,3.2,Spice Junction 28,Ahmedabad,Continental,3.9,350
2165,18,2024-01-04 21:01:00,3,1091,0.0,30,1121.0,UPI,53,Delivered,4.4,Sizzle & Steam 18,Chennai,Chinese,3.9,600
1883,11,2024-01-04 21:08:00,1,529,0.0,49,578.0,UPI,32,Cancelled,3.8,Noodle Bar 11,Hyderabad,Chinese,2.8,600
3610,29,2024-01-04 21:40:00,1,532,106.4,20,445.6,UPI,59,Delivered,4.7,Sweet Tooth 29,Kolkata,North Indian,4.0,500
4727,27,2024-01-04 21:44:00,4,806,0.0,49,855.0,Credit Card,21,Delivered,3.4,Grill Masters 27,Delhi,Fast Food,3.2,150
5340,42,2024-01-04 23:39:00,4,516,103.2,0,412.8,Cash on Delivery,54,Delivered,2.9,Sizzle & Steam 42,Lucknow,Chinese,3.8,400
1348,28,2024-01-05 09:58:00,3,336,0.0,0,336.0,Cash on Delivery,20,Delivered,3.8,Spice Junction 28,Ahmedabad,Continental,3.9,350
3371,2,2024-01-05 10:00:00,1,445,0.0,30,475.0,Wallet,46,Cancelled,3.0,Spice Junction 2,Lucknow,Continental,4.8,200
1082,1,2024-01-05 11:04:00,3,605,0.0,30,635.0,Credit Card,30,Delivered,3.2,Wok This Way 1,Pune,Italian,3.6,200
4876,46,2024-01-05 11:34:00,2,740,111.0,0,629.0,Credit Card,32,Delivered,4.4,Urban Tadka 46,Kolkata,Continental,4.2,350
4257,9,2024-01-05 12:03:00,3,315,0.0,0,315.0,Credit Card,56,Delivered,3.0,Curry Leaf 9,Pune,Bakery,4.1,200
4708,41,2024-01-05 12:42:00,1,218,0.0,49,267.0,Wallet,49,Cancelled,3.0,Dosa Corner 41,Hyderabad,Continental,3.1,600
4180,35,2024-01-05 13:26:00,4,1997,0.0,49,2046.0,Cash on Delivery,36,Delivered,3.3,Momo Magic 35,Hyderabad,Fast Food,4.8,150
2831,40,2024-01-05 13:26:00,1,165,0.0,30,195.0,Debit Card,18,Cancelled,4.6,Dosa Corner 40,Mumbai,Fast Food,3.7,250
2906,18,2024-01-05 15:05:00,2,547,82.05,0,464.95,Cash on Delivery,60,Delivered,4.9,Sizzle & Steam 18,Chennai,Chinese,3.9,600
2373,34,2024-01-05 15:16:00,3,936,0.0,0,936.0,UPI,18,Delivered,3.1,Biryani House 34,Bangalore,South Indian,4.8,200
5715,43,2024-01-05 17:07:00,3,538,53.8,20,504.2,Cash on Delivery,30,Delivered,4.8,Grill Masters 43,Chennai,Continental,2.9,250
2087,41,2024-01-05 18:52:00,3,1386,277.2,0,1108.8,Credit Card,64,Delivered,2.8,Dosa Corner 41,Hyderabad,Continental,3.1,600
4971,28,2024-01-05 19:48:00,2,1040,0.0,49,1089.0,UPI,20,Delivered,3.5,Spice Junction 28,Ahmedabad,Continental,3.9,350
3826,12,2024-01-05 20:59:00,3,426,85.2,0,340.8,Credit Card,52,Delivered,2.9,Tandoori Nights 12,Mumbai,Continental,4.8,800
2887,14,2024-01-05 21:51:00,1,443,88.6,30,384.4,Wallet,42,Delivered,4.7,Curry Leaf 14,Pune,South Indian,3.2,150
5505,16,2024-01-05 22:02:00,1,136,27.2,0,108.8,UPI,57,Delivered,4.7,Cafe Bliss 16,Chennai,South Indian,3.2,500
4351,34,2024-01-05 23:51:00,4,631,0.0,0,631.0,UPI,33,Delivered,4.2,Biryani House 34,Bangalore,South Indian,4.8,200
2883,26,2024-01-06 08:33:00,2,819,0.0,30,849.0,Debit Card,25,Delivered,3.7,Chaat Street 26,Hyderabad,Continental,4.4,250
4049,21,2024-01-06 10:05:00,1,174,0.0,40,214.0,Debit Card,56,Delivered,2.9,Biryani House 21,Pune,South Indian,4.1,600
3304,22,2024-01-06 10:41:00,3,414,0.0,40,454.0,Debit Card,56,Cancelled,3.7,Urban Tadka 22,Mumbai,Desserts,3.1,250
4647,37,2024-01-06 11:07:00,2,1026,0.0,0,1026.0,UPI,64,Delivered,3.6,Curry Leaf 37,Chennai,Chinese,3.4,500
1980,40,2024-01-06 11:16:00,4,1230,0.0,0,1230.0,Debit Card,56,Delivered,3.0,Dosa Corner 40,Mumbai,Fast Food,3.7,250
3666,36,2024-01-06 11:50:00,4,609,0.0,40,649.0,Cash on Delivery,28,Cancelled,3.2,Wok This Way 36,Bangalore,Desserts,4.5,500
5187,43,2024-01-06 12:06:00,4,1844,0.0,49,1893.0,Wallet,44,Delivered,4.6,Grill Masters 43,Chennai,Continental,2.9,250
4371,21,2024-01-06 13:20:00,3,602,120.4,49,530.6,Debit Card,24,Delivered,3.0,Biryani House 21,Pune,South Indian,4.1,600
2135,50,2024-01-06 13:31:00,4,644,128.8,20,535.2,UPI,17,Delivered,4.6,Urban Tadka 50,Delhi,Bakery,3.2,500
5122,41,2024-01-06 13:42:00,4,1803,0.0,49,1852.0,Wallet,17,Delivered,3.3,Dosa Corner 41,Hyderabad,Continental,3.1,600
5042,47,2024-01-06 14:04:00,4,1798,0.0,30,1828.0,UPI,64,Delivered,3.7,Wok This Way 47,Ahmedabad,Street Food,3.5,250
1210,19,2024-01-06 14:05:00,1,136,13.6,49,171.4,Wallet,24,Delivered,3.6,Spice Junction 19,Chennai,Desserts,3.7,150
5768,34,2024-01-06 14:28:00,1,352,0.0,30,382.0,Credit Card,54,Delivered,3.5,Biryani House 34,Bangalore,South Indian,4.8,200
2762,8,2024-01-06 14:54:00,3,583,0.0,49,632.0,Credit Card,32,Delivered,4.8,Urban Tadka 8,Hyderabad,Desserts,4.6,350
4408,29,2024-01-06 16:07:00,4,836,83.6,30,782.4,Wallet,61,Cancelled,4.9,Sweet Tooth 29,Kolkata,North Indian,4.0,500
2271,2,2024-01-06 16:13:00,2,810,81.0,49,778.0,UPI,34,Delivered,4.9,Spice Junction 2,Lucknow,Continental,4.8,200
4723,33,2024-01-06 21:43:00,4,819,81.9,40,777.1,Credit Card,33,Delivered,4.6,Pizza Point 33,Chennai,Bakery,2.9,600
3873,31,2024-01-06 23:08:00,2,939,93.9,20,865.1,UPI,56,Delivered,3.5,Momo Magic 31,Jaipur,Continental,4.1,500
3326,41,2024-01-06 23:29:00,3,307,0.0,30,337.0,Wallet,30,Delivered,4.1,Dosa Corner 41,Hyderabad,Continental,3.1,600
4873,14,2024-01-07 09:08:00,4,2013,201.3,20,1831.7,UPI,42,Delivered,4.8,Curry Leaf 14,Pune,South Indian,3.2,150
4245,25,2024-01-07 10:37:00,2,311,0.0,20,331.0,Cash on Delivery,57,Cancelled,3.7,Royal Feast 25,Jaipur,Biryani,3.8,250
4871,32,2024-01-07 11:24:00,4,1835,183.5,49,1700.5,Cash on Delivery,39,Delivered,2.5,Grill Masters 32,Hyderabad,Fast Food,3.2,800
4803,36,2024-01-07 12:21:00,4,1637,327.4,30,1339.6,Credit Card,26,Delivered,4.8,Wok This Way 36,Bangalore,Desserts,4.5,500
2134,28,2024-01-07 12:44:00,4,1018,152.7,40,905.3,Credit Card,26,Delivered,3.5,Spice Junction 28,Ahmedabad,Continental,3.9,350
5891,24,2024-01-07 13:20:00,3,471,0.0,0,471.0,Wallet,29,Delivered,4.7,Cafe Bliss 24,Delhi,Street Food,3.6,600
5709,47,2024-01-07 13:33:00,3,899,0.0,20,919.0,Credit Card,40,Delivered,2.8,Wok This Way 47,Ahmedabad,Street Food,3.5,250
2148,7,2024-01-07 15:02:00,3,569,0.0,20,589.0,Debit Card,55,Cancelled,3.4,Wok This Way 7,Bangalore,Street Food,2.9,600
1232,32,2024-01-07 17:30:00,1,535,0.0,0,535.0,Debit Card,19,Delivered,4.9,Grill Masters 32,Hyderabad,Fast Food,3.2,800
2114,2,2024-01-07 19:59:00,3,939,140.85,30,828.15,Credit Card,54,Delivered,3.1,Spice Junction 2,Lucknow,Continental,4.8,200
4938,29,2024-01-07 21:09:00,1,182,27.3,49,203.7,Cash on Delivery,55,Delivered,4.3,Sweet Tooth 29,Kolkata,North Indian,4.0,500
5674,42,2024-01-08 12:06:00,4,617,0.0,0,617.0,Debit Card,55,Delivered,3.5,Sizzle & Steam 42,Lucknow,Chinese,3.8,400
1228,31,2024-01-08 12:17:00,3,900,90.0,0,810.0,Debit Card,57,Delivered,2.7,Momo Magic 31,Jaipur,Continental,4.1,500
4990,16,2024-01-08 12:49:00,3,402,60.3,30,371.7,Debit Card,61,Delivered,4.2,Cafe Bliss 16,Chennai,South Indian,3.2,500
2927,37,2024-01-08 13:50:00,2,647,64.7,49,631.3,UPI,42,Cancelled,2.9,Curry Leaf 37,Chennai,Chinese,3.4,500
4726,15,2024-01-08 14:58:00,4,1223,122.3,30,1130.7,Wallet,16,Delivered,4.0,Biryani House 15,Ahmedabad,North Indian,3.2,800
1859,33,2024-01-08 14:59:00,2,819,81.9,49,786.1,Debit Card,51,Delivered,3.9,Pizza Point 33,Chennai,Bakery,2.9,600
5450,15,2024-01-08 15:52:00,2,822,0.0,40,862.0,Cash on Delivery,30,Delivered,2.8,Biryani House 15,Ahmedabad,North Indian,3.2,800
3105,31,2024-01-08 16:26:00,3,1541,231.15,49,1358.85,Cash on Delivery,43,Delivered,3.3,Momo Magic 31,Jaipur,Continental,4.1,500
5495,29,2024-01-08 16:51:00,3,946,94.6,0,851.4,UPI,61,Cancelled,4.8,Sweet Tooth 29,Kolkata,North Indian,4.0,500
4431,49,2024-01-08 18:52:00,2,311,62.2,0,248.8,Debit Card,63,Delivered,5.0,Curry Leaf 49,Pune,Chinese,3.9,350
1401,10,2024-01-08 19:50:00,1,134,0.0,0,134.0,Wallet,57,Cancelled,4.6,Chaat Street 10,Mumbai,Italian,4.3,350
5791,5,2024-01-08 20:26:00,3,1533,229.95,49,1352.05,Debit Card,44,Delivered,4.7,Cafe Bliss 5,Hyderabad,Street Food,3.1,500
1291,42,2024-01-08 21:05:00,3,1095,0.0,20,1115.0,Debit Card,16,Delivered,3.2,Sizzle & Steam 42,Lucknow,Chinese,3.8,400
1214,17,2024-01-09 10:18:00,3,1517,0.0,40,1557.0,Cash on Delivery,43,Delivered,3.4,Spicy Junction 17,Delhi,Chinese,3.4,800
4852,1,2024-01-09 11:46:00,3,472,0.0,49,521.0,Cash on Delivery,32,Delivered,2.7,Wok This Way 1,Pune,Italian,3.6,200
3305,48,2024-01-09 12:46:00,4,427,42.7,30,414.3,Debit Card,37,Delivered,3.2,Burger Barn 48,Delhi,Italian,3.9,150
1824,39,2024-01-09 15:13:00,2,706,0.0,20,726.0,Wallet,16,Delivered,3.2,Wok This Way 39,Pune,North Indian,4.2,350
1890,2,2024-01-09 16:34:00,1,276,27.6,40,288.4,Debit Card,50,Delivered,3.2,Spice Junction 2,Lucknow,Continental,4.8,200
1713,34,2024-01-09 19:21:00,2,382,0.0,0,382.0,Credit Card,24,Delivered,3.4,Biryani House 34,Bangalore,South Indian,4.8,200
4923,44,2024-01-09 19:35:00,1,307,0.0,0,307.0,Wallet,38,Delivered,4.2,Tandoori Nights 44,Hyderabad,South Indian,4.7,150
1579,14,2024-01-09 19:50:00,4,1223,122.3,49,1149.7,Debit Card,50,Delivered,4.4,Curry Leaf 14,Pune,South Indian,3.2,150
4430,21,2024-01-09 21:01:00,2,531,0.0,30,561.0,Wallet,47,Delivered,3.5,Biryani House 21,Pune,South Indian,4.1,600
5070,7,2024-01-09 21:06:00,2,630,0.0,0,630.0,Credit Card,47,Delivered,4.6,Wok This Way 7,Bangalore,Street Food,2.9,600
5685,35,2024-01-09 23:46:00,2,920,184.0,49,785.0,Wallet,55,Delivered,2.6,Momo Magic 35,Hyderabad,Fast Food,4.8,150
4415,48,2024-01-10 11:11:00,4,840,0.0,0,840.0,UPI,23,Delivered,3.6,Burger Barn 48,Delhi,Italian,3.9,150
3775,23,2024-01-10 13:36:00,2,335,67.0,30,298.0,Debit Card,49,Delivered,3.0,Noodle Bar 23,Lucknow,Desserts,3.4,150
4152,19,2024-01-10 16:35:00,4,1218,182.7,30,1065.3,Cash on Delivery,48,Delivered,4.3,Spice Junction 19,Chennai,Desserts,3.7,150
5478,15,2024-01-10 20:24:00,1,147,0.0,40,187.0,Wallet,46,Delivered,3.0,Biryani House 15,Ahmedabad,North Indian,3.2,800
3993,27,2024-01-10 21:36:00,1,159,15.9,40,183.1,UPI,64,Delivered,4.7,Grill Masters 27,Delhi,Fast Food,3.2,150
1723,4,2024-01-10 22:20:00,1,430,64.5,20,385.5,Debit Card,64,Delivered,3.6,Cafe Bliss 4,Lucknow,Fast Food,4.1,600
1471,9,2024-01-10 22:58:00,3,425,85.0,49,389.0,UPI,64,Cancelled,4.9,Curry Leaf 9,Pune,Bakery,4.1,200
3660,5,2024-01-10 23:48:00,3,1088,217.6,49,919.4,Wallet,53,Delivered,4.0,Cafe Bliss 5,Hyderabad,Street Food,3.1,500
3434,21,2024-01-10 23:58:00,1,520,0.0,0,520.0,Cash on Delivery,52,Cancelled,4.4,Biryani House 21,Pune,South Indian,4.1,600
2443,43,2024-01-11 09:44:00,2,295,59.0,49,285.0,UPI,40,Delivered,3.4,Grill Masters 43,Chennai,Continental,2.9,250
3797,8,2024-01-11 09:55:00,1,164,32.8,49,180.2,Wallet,39,Delivered,3.1,Urban Tadka 8,Hyderabad,Desserts,4.6,350
4458,12,2024-01-11 11:19:00,2,421,0.0,0,421.0,Wallet,53,Delivered,4.4,Tandoori Nights 12,Mumbai,Continental,4.8,800
5665,9,2024-01-11 11:32:00,4,2010,201.0,30,1839.0,UPI,28,Delivered,2.5,Curry Leaf 9,Pune,Bakery,4.1,200
4768,42,2024-01-11 12:09:00,3,1503,0.0,49,1552.0,Credit Card,22,Cancelled,2.9,Sizzle & Steam 42,Lucknow,Chinese,3.8,400
1179,33,2024-01-11 12:15:00,4,1818,0.0,0,1818.0,Wallet,39,Cancelled,3.7,Pizza Point 33,Chennai,Bakery,2.9,600
3928,19,2024-01-11 14:10:00,4,1004,150.6,20,873.4,UPI,19,Delivered,4.5,Spice Junction 19,Chennai,Desserts,3.7,150
5172,22,2024-01-11 17:01:00,1,499,0.0,40,539.0,Cash on Delivery,51,Delivered,3.2,Urban Tadka 22,Mumbai,Desserts,3.1,250
5655,30,2024-01-11 20:05:00,2,833,83.3,20,769.7,Debit Card,41,Delivered,3.5,Noodle Bar 30,Pune,South Indian,2.9,800
2841,33,2024-01-11 21:07:00,1,215,21.5,20,213.5,UPI,32,Delivered,3.4,Pizza Point 33,Chennai,Bakery,2.9,600
3751,40,2024-01-11 23:37:00,1,493,73.95,40,459.05,Wallet,44,Delivered,3.1,Dosa Corner 40,Mumbai,Fast Food,3.7,250
2250,38,2024-01-12 12:37:00,2,385,57.75,30,357.25,Credit Card,34,Delivered,4.9,Burger Barn 38,Kolkata,Biryani,3.0,600
2858,11,2024-01-12 12:46:00,4,2019,302.85,0,1716.15,Cash on Delivery,38,Cancelled,3.3,Noodle Bar 11,Hyderabad,Chinese,2.8,600
2438,44,2024-01-12 13:07:00,4,819,122.85,0,696.15,UPI,61,Delivered,5.0,Tandoori Nights 44,Hyderabad,South Indian,4.7,150
3853,38,2024-01-12 15:58:00,4,631,0.0,40,671.0,Cash on Delivery,41,Delivered,4.1,Burger Barn 38,Kolkata,Biryani,3.0,600
5678,48,2024-01-12 17:17:00,2,423,63.45,0,359.55,Wallet,55,Cancelled,2.5,Burger Barn 48,Delhi,Italian,3.9,150
5963,11,2024-01-12 17:35:00,4,2005,401.0,30,1634.0,Wallet,23,Delivered,4.7,Noodle Bar 11,Hyderabad,Chinese,2.8,600
3752,46,2024-01-12 18:24:00,1,401,40.1,0,360.9,Debit Card,15,Delivered,2.8,Urban Tadka 46,Kolkata,Continental,4.2,350
4132,45,2024-01-12 18:27:00,2,395,39.5,40,395.5,Cash on Delivery,17,Delivered,4.3,Royal Feast 45,Ahmedabad,Fast Food,3.3,250
1803,45,2024-01-12 20:16:00,2,304,60.8,40,283.2,UPI,45,Delivered,3.2,Royal Feast 45,Ahmedabad,Fast Food,3.3,250
5028,46,2024-01-12 21:17:00,4,438,0.0,49,487.0,UPI,63,Cancelled,4.2,Urban Tadka 46,Kolkata,Continental,4.2,350
5839,42,2024-01-12 22:51:00,1,361,54.15,49,355.85,Debit Card,48,Cancelled,4.1,Sizzle & Steam 42,Lucknow,Chinese,3.8,400
3128,34,2024-01-13 13:29:00,4,1796,0.0,0,1796.0,UPI,44,Delivered,3.5,Biryani House 34,Bangalore,South Indian,4.8,200
1100,48,2024-01-13 14:25:00,1,138,27.6,30,140.4,Wallet,33,Delivered,3.6,Burger Barn 48,Delhi,Italian,3.9,150
5668,1,2024-01-13 15:40:00,1,181,27.15,30,183.85,Cash on Delivery,33,Delivered,2.7,Wok This Way 1,Pune,Italian,3.6,200
4469,5,2024-01-13 15:54:00,4,1838,0.0,20,1858.0,Debit Card,30,Delivered,3.9,Cafe Bliss 5,Hyderabad,Street Food,3.1,500
4121,46,2024-01-13 17:35:00,3,307,61.4,40,285.6,Cash on Delivery,38,Delivered,4.6,Urban Tadka 46,Kolkata,Continental,4.2,350
4222,11,2024-01-13 18:53:00,4,1419,0.0,30,1449.0,Credit Card,47,Cancelled,3.5,Noodle Bar 11,Hyderabad,Chinese,2.8,600
1372,10,2024-01-13 18:58:00,3,1363,136.3,49,1275.7,Debit Card,62,Delivered,3.3,Chaat Street 10,Mumbai,Italian,4.3,350
5763,43,2024-01-13 19:54:00,3,1376,206.4,20,1189.6,Debit Card,52,Delivered,2.9,Grill Masters 43,Chennai,Continental,2.9,250
3587,26,2024-01-13 20:39:00,3,1507,0.0,40,1547.0,Credit Card,35,Delivered,4.9,Chaat Street 26,Hyderabad,Continental,4.4,250
3577,38,2024-01-13 20:59:00,4,1438,143.8,49,1343.2,UPI,59,Delivered,3.8,Burger Barn 38,Kolkata,Biryani,3.0,600
1984,33,2024-01-13 23:06:00,3,942,0.0,0,942.0,Debit Card,18,Delivered,4.7,Pizza Point 33,Chennai,Bakery,2.9,600
3618,17,2024-01-14 08:09:00,4,731,0.0,20,751.0,Cash on Delivery,60,Delivered,3.3,Spicy Junction 17,Delhi,Chinese,3.4,800
4141,1,2024-01-14 09:19:00,2,388,0.0,20,408.0,Cash on Delivery,40,Delivered,3.5,Wok This Way 1,Pune,Italian,3.6,200
1937,15,2024-01-14 10:22:00,1,161,0.0,20,181.0,Debit Card,56,Delivered,3.5,Biryani House 15,Ahmedabad,North Indian,3.2,800
4404,8,2024-01-14 10:40:00,2,328,49.2,40,318.8,Credit Card,58,Delivered,4.5,Urban Tadka 8,Hyderabad,Desserts,4.6,350
5084,47,2024-01-14 12:50:00,3,399,39.9,0,359.1,Wallet,44,Delivered,2.8,Wok This Way 47,Ahmedabad,Street Food,3.5,250
3714,32,2024-01-14 13:24:00,1,144,0.0,0,144.0,Cash on Delivery,26,Delivered,4.1,Grill Masters 32,Hyderabad,Fast Food,3.2,800
5484,49,2024-01-14 18:59:00,4,1214,0.0,20,1234.0,Credit Card,47,Cancelled,3.5,Curry Leaf 49,Pune,Chinese,3.9,350
3098,8,2024-01-14 19:05:00,1,507,0.0,20,527.0,Credit Card,20,Delivered,4.2,Urban Tadka 8,Hyderabad,Desserts,4.6,350
5099,41,2024-01-14 21:00:00,3,642,64.2,0,577.8,Wallet,19,Delivered,3.1,Dosa Corner 41,Hyderabad,Continental,3.1,600
4932,48,2024-01-14 21:23:00,2,1020,204.0,0,816.0,Wallet,53,Delivered,3.0,Burger Barn 48,Delhi,Italian,3.9,150
2390,17,2024-01-14 23:18:00,4,409,0.0,49,458.0,Credit Card,49,Delivered,3.3,Spicy Junction 17,Delhi,Chinese,3.4,800
5322,5,2024-01-15 08:49:00,2,905,0.0,0,905.0,Debit Card,22,Cancelled,3.4,Cafe Bliss 5,Hyderabad,Street Food,3.1,500
3737,35,2024-01-15 09:08:00,3,791,158.2,30,662.8,Wallet,50,Delivered,4.7,Momo Magic 35,Hyderabad,Fast Food,4.8,150
1328,34,2024-01-15 09:20:00,2,283,28.3,20,274.7,Credit Card,21,Delivered,3.3,Biryani House 34,Bangalore,South Indian,4.8,200
1661,37,2024-01-15 10:02:00,1,207,0.0,20,227.0,Debit Card,40,Delivered,2.5,Curry Leaf 37,Chennai,Chinese,3.4,500
4103,43,2024-01-15 12:09:00,2,931,0.0,30,961.0,Wallet,53,Delivered,4.6,Grill Masters 43,Chennai,Continental,2.9,250
2001,8,2024-01-15 14:28:00,3,773,0.0,40,813.0,UPI,51,Delivered,4.3,Urban Tadka 8,Hyderabad,Desserts,4.6,350
5985,45,2024-01-15 15:08:00,2,201,0.0,20,221.0,Wallet,63,Delivered,2.5,Royal Feast 45,Ahmedabad,Fast Food,3.3,250
1289,22,2024-01-15 15:45:00,1,222,0.0,49,271.0,Debit Card,51,Delivered,4.8,Urban Tadka 22,Mumbai,Desserts,3.1,250
4067,35,2024-01-15 16:15:00,1,163,32.6,49,179.4,Cash on Delivery,41,Delivered,3.8,Momo Magic 35,Hyderabad,Fast Food,4.8,150
3794,8,2024-01-15 16:50:00,4,1839,183.9,20,1675.1,Credit Card,30,Delivered,4.6,Urban Tadka 8,Hyderabad,Desserts,4.6,350
5361,3,2024-01-15 17:29:00,1,527,0.0,0,527.0,Credit Card,42,Delivered,3.3,Grill Masters 3,Chennai,Continental,4.3,300
5486,43,2024-01-15 18:46:00,4,548,0.0,49,597.0,Cash on Delivery,64,Cancelled,4.4,Grill Masters 43,Chennai,Continental,2.9,250
1556,49,2024-01-15 18:59:00,1,167,0.0,30,197.0,Credit Card,26,Delivered,4.9,Curry Leaf 49,Pune,Chinese,3.9,350
2366,3,2024-01-15 20:03:00,1,218,0.0,30,248.0,Debit Card,51,Delivered,2.9,Grill Masters 3,Chennai,Continental,4.3,300
3478,35,2024-01-15 23:32:00,3,911,91.1,0,819.9,Cash on Delivery,49,Delivered,4.4,Momo Magic 35,Hyderabad,Fast Food,4.8,150
5225,2,2024-01-15 23:42:00,2,295,44.25,49,299.75,Wallet,37,Cancelled,2.9,Spice Junction 2,Lucknow,Continental,4.8,200
1205,28,2024-01-15 23:54:00,3,1223,183.45,49,1088.55,Cash on Delivery,27,Delivered,4.5,Spice Junction 28,Ahmedabad,Continental,3.9,350
3243,31,2024-01-15 23:57:00,3,340,0.0,30,370.0,Credit Card,54,Cancelled,2.8,Momo Magic 31,Jaipur,Continental,4.1,500
5128,26,2024-01-16 08:33:00,3,467,0.0,0,467.0,Wallet,32,Delivered,3.3,Chaat Street 26,Hyderabad,Continental,4.4,250
5423,42,2024-01-16 09:21:00,3,424,0.0,20,444.0,Wallet,20,Delivered,4.1,Sizzle & Steam 42,Lucknow,Chinese,3.8,400
3259,45,2024-01-16 10:30:00,4,1608,0.0,0,1608.0,Cash on Delivery,35,Delivered,3.3,Royal Feast 45,Ahmedabad,Fast Food,3.3,250
5151,46,2024-01-16 11:11:00,3,1215,0.0,0,1215.0,Wallet,54,Delivered,3.2,Urban Tadka 46,Kolkata,Continental,4.2,350
4279,25,2024-01-16 14:12:00,2,232,0.0,40,272.0,Cash on Delivery,60,Delivered,4.1,Royal Feast 25,Jaipur,Biryani,3.8,250
5997,11,2024-01-16 14:36:00,4,1402,0.0,30,1432.0,Debit Card,26,Delivered,3.3,Noodle Bar 11,Hyderabad,Chinese,2.8,600
1178,4,2024-01-16 15:12:00,3,941,141.15,40,839.85,Credit Card,59,Cancelled,5.0,Cafe Bliss 4,Lucknow,Fast Food,4.1,600
2030,24,2024-01-16 15:18:00,1,124,0.0,0,124.0,Debit Card,19,Delivered,3.0,Cafe Bliss 24,Delhi,Street Food,3.6,600
2361,40,2024-01-16 15:23:00,1,146,14.6,49,180.4,Debit Card,63,Delivered,3.3,Dosa Corner 40,Mumbai,Fast Food,3.7,250
5275,27,2024-01-16 15:36:00,3,553,82.95,30,500.05,Cash on Delivery,23,Delivered,3.9,Grill Masters 27,Delhi,Fast Food,3.2,150
2139,17,2024-01-16 18:51:00,1,455,0.0,0,455.0,Cash on Delivery,26,Delivered,2.8,Spicy Junction 17,Delhi,Chinese,3.4,800
3090,17,2024-01-16 18:56:00,1,206,0.0,40,246.0,Credit Card,36,Delivered,2.7,Spicy Junction 17,Delhi,Chinese,3.4,800
2287,6,2024-01-16 21:41:00,4,425,63.75,40,401.25,Debit Card,29,Delivered,4.2,Pizza Point 6,Mumbai,Desserts,3.1,800
4184,38,2024-01-16 22:43:00,1,444,0.0,49,493.0,Debit Card,54,Delivered,3.6,Burger Barn 38,Kolkata,Biryani,3.0,600
5777,4,2024-01-16 23:38:00,2,293,29.3,0,263.7,UPI,25,Cancelled,4.5,Cafe Bliss 4,Lucknow,Fast Food,4.1,600
5956,19,2024-01-17 10:40:00,3,777,0.0,30,807.0,Debit Card,37,Delivered,2.6,Spice Junction 19,Chennai,Desserts,3.7,150
5828,33,2024-01-17 11:33:00,1,362,0.0,49,411.0,Cash on Delivery,38,Delivered,3.0,Pizza Point 33,Chennai,Bakery,2.9,600
4357,23,2024-01-17 12:09:00,4,725,108.75,49,665.25,Credit Card,35,Delivered,2.5,Noodle Bar 23,Lucknow,Desserts,3.4,150
4096,42,2024-01-17 13:35:00,3,1236,247.2,40,1028.8,UPI,34,Delivered,2.9,Sizzle & Steam 42,Lucknow,Chinese,3.8,400
2963,44,2024-01-17 14:06:00,2,822,0.0,0,822.0,UPI,33,Cancelled,2.6,Tandoori Nights 44,Hyderabad,South Indian,4.7,150
1251,42,2024-01-17 15:18:00,4,539,53.9,40,525.1,Credit Card,61,Delivered,2.7,Sizzle & Steam 42,Lucknow,Chinese,3.8,400
2031,15,2024-01-17 16:14:00,2,410,61.5,0,348.5,Debit Card,36,Delivered,3.6,Biryani House 15,Ahmedabad,North Indian,3.2,800
3210,36,2024-01-17 16:26:00,4,1819,0.0,0,1819.0,UPI,16,Delivered,4.2,Wok This Way 36,Bangalore,Desserts,4.5,500
3526,19,2024-01-17 17:27:00,2,269,40.35,30,258.65,Cash on Delivery,44,Delivered,3.5,Spice Junction 19,Chennai,Desserts,3.7,150
2965,14,2024-01-17 20:42:00,4,1419,0.0,20,1439.0,Cash on Delivery,49,Delivered,3.4,Curry Leaf 14,Pune,South Indian,3.2,150
3722,9,2024-01-17 21:56:00,2,346,69.2,0,276.8,Wallet,27,Delivered,4.3,Curry Leaf 9,Pune,Bakery,4.1,200
2040,2,2024-01-17 22:16:00,1,348,0.0,20,368.0,Credit Card,55,Delivered,2.5,Spice Junction 2,Lucknow,Continental,4.8,200
5304,1,2024-01-17 23:59:00,4,1044,104.4,20,959.6,Debit Card,40,Delivered,3.7,Wok This Way 1,Pune,Italian,3.6,200
3397,12,2024-01-18 10:04:00,3,461,46.1,40,454.9,UPI,45,Delivered,3.3,Tandoori Nights 12,Mumbai,Continental,4.8,800
1881,20,2024-01-18 10:52:00,3,1092,218.4,20,893.6,UPI,32,Delivered,4.5,Urban Tadka 20,Hyderabad,Street Food,3.4,600
5401,5,2024-01-18 12:57:00,1,247,37.05,30,239.95,UPI,56,Delivered,3.0,Cafe Bliss 5,Hyderabad,Street Food,3.1,500
2918,33,2024-01-18 14:29:00,1,347,0.0,30,377.0,Credit Card,18,Delivered,3.6,Pizza Point 33,Chennai,Bakery,2.9,600
2764,25,2024-01-18 15:39:00,3,344,51.6,40,332.4,Credit Card,55,Delivered,4.8,Royal Feast 25,Jaipur,Biryani,3.8,250
3831,20,2024-01-18 16:55:00,2,275,55.0,30,250.0,Credit Card,59,Cancelled,3.5,Urban Tadka 20,Hyderabad,Street Food,3.4,600
2281,29,2024-01-18 17:01:00,3,753,112.95,0,640.05,Wallet,46,Delivered,4.1,Sweet Tooth 29,Kolkata,North Indian,4.0,500
4230,34,2024-01-18 20:20:00,3,548,82.2,49,514.8,Wallet,36,Delivered,3.4,Biryani House 34,Bangalore,South Indian,4.8,200
5564,7,2024-01-18 21:01:00,3,456,91.2,30,394.8,UPI,23,Delivered,3.8,Wok This Way 7,Bangalore,Street Food,2.9,600
1826,26,2024-01-18 22:38:00,2,514,0.0,49,563.0,Credit Card,36,Delivered,4.3,Chaat Street 26,Hyderabad,Continental,4.4,250
3164,26,2024-01-19 10:49:00,4,532,0.0,30,562.0,UPI,45,Delivered,3.5,Chaat Street 26,Hyderabad,Continental,4.4,250
1311,13,2024-01-19 12:32:00,1,225,0.0,30,255.0,Debit Card,33,Delivered,4.9,Spice Junction 13,Kolkata,Biryani,4.5,800
4676,11,2024-01-19 14:09:00,3,1053,0.0,49,1102.0,UPI,27,Delivered,3.3,Noodle Bar 11,Hyderabad,Chinese,2.8,600
1593,12,2024-01-19 14:18:00,4,723,0.0,0,723.0,Debit Card,61,Delivered,4.3,Tandoori Nights 12,Mumbai,Continental,4.8,800
5241,24,2024-01-19 16:15:00,2,834,0.0,40,874.0,Wallet,59,Delivered,2.5,Cafe Bliss 24,Delhi,Street Food,3.6,600
2668,41,2024-01-19 16:34:00,3,1541,154.1,20,1406.9,Wallet,42,Delivered,4.7,Dosa Corner 41,Hyderabad,Continental,3.1,600
3330,24,2024-01-19 17:46:00,1,178,26.7,49,200.3,Debit Card,42,Delivered,4.1,Cafe Bliss 24,Delhi,Street Food,3.6,600
3426,14,2024-01-19 18:03:00,1,193,0.0,0,193.0,Debit Card,64,Cancelled,3.2,Curry Leaf 14,Pune,South Indian,3.2,150
4063,47,2024-01-19 18:24:00,1,116,23.2,0,92.8,Credit Card,53,Cancelled,3.3,Wok This Way 47,Ahmedabad,Street Food,3.5,250
1084,2,2024-01-19 19:37:00,4,443,66.45,40,416.55,Credit Card,37,Delivered,2.9,Spice Junction 2,Lucknow,Continental,4.8,200
1974,42,2024-01-19 19:44:00,4,1418,0.0,40,1458.0,UPI,18,Delivered,3.3,Sizzle & Steam 42,Lucknow,Chinese,3.8,400
5916,49,2024-01-19 20:15:00,2,616,92.4,40,563.6,Cash on Delivery,32,Delivered,4.3,Curry Leaf 49,Pune,Chinese,3.9,350
2151,13,2024-01-19 21:14:00,1,413,0.0,30,443.0,Cash on Delivery,24,Delivered,4.7,Spice Junction 13,Kolkata,Biryani,4.5,800
3223,27,2024-01-19 22:24:00,4,1836,0.0,0,1836.0,Wallet,39,Delivered,4.1,Grill Masters 27,Delhi,Fast Food,3.2,150
5434,4,2024-01-19 23:32:00,4,557,55.7,20,521.3,UPI,49,Cancelled,4.1,Cafe Bliss 4,Lucknow,Fast Food,4.1,600
2244,3,2024-01-20 10:03:00,4,1821,0.0,30,1851.0,Wallet,23,Delivered,2.5,Grill Masters 3,Chennai,Continental,4.3,300
5390,20,2024-01-20 10:28:00,2,332,33.2,49,347.8,Wallet,62,Delivered,2.7,Urban Tadka 20,Hyderabad,Street Food,3.4,600
4505,10,2024-01-20 11:24:00,2,709,106.35,40,642.65,Wallet,27,Delivered,3.9,Chaat Street 10,Mumbai,Italian,4.3,350
5924,5,2024-01-20 12:38:00,3,1539,153.9,20,1405.1,Credit Card,55,Cancelled,2.9,Cafe Bliss 5,Hyderabad,Street Food,3.1,500
1758,21,2024-01-20 13:26:00,4,1223,244.6,0,978.4,Wallet,41,Delivered,2.8,Biryani House 21,Pune,South Indian,4.1,600
4332,12,2024-01-20 14:21:00,4,1401,280.2,40,1160.8,Credit Card,47,Delivered,4.7,Tandoori Nights 12,Mumbai,Continental,4.8,800
4464,33,2024-01-20 15:59:00,1,377,0.0,40,417.0,Debit Card,50,Cancelled,3.9,Pizza Point 33,Chennai,Bakery,2.9,600
4784,49,2024-01-20 16:12:00,3,621,0.0,20,641.0,UPI,51,Cancelled,4.5,Curry Leaf 49,Pune,Chinese,3.9,350
4979,44,2024-01-20 17:10:00,2,898,0.0,30,928.0,Cash on Delivery,37,Cancelled,5.0,Tandoori Nights 44,Hyderabad,South Indian,4.7,150
3402,30,2024-01-20 20:17:00,4,1427,214.05,20,1232.95,Debit Card,54,Delivered,3.2,Noodle Bar 30,Pune,South Indian,2.9,800
2758,15,2024-01-20 20:59:00,3,1380,276.0,0,1104.0,UPI,64,Delivered,4.0,Biryani House 15,Ahmedabad,North Indian,3.2,800
5611,27,2024-01-20 21:06:00,1,386,77.2,30,338.8,Debit Card,46,Delivered,4.5,Grill Masters 27,Delhi,Fast Food,3.2,150
3002,10,2024-01-20 22:22:00,2,438,0.0,49,487.0,Wallet,28,Cancelled,2.7,Chaat Street 10,Mumbai,Italian,4.3,350
1097,6,2024-01-20 23:14:00,4,1221,0.0,40,1261.0,Debit Card,49,Delivered,3.8,Pizza Point 6,Mumbai,Desserts,3.1,800
3317,25,2024-01-20 23:45:00,1,344,0.0,40,384.0,Debit Card,24,Delivered,4.2,Royal Feast 25,Jaipur,Biryani,3.8,250
4796,37,2024-01-21 08:03:00,2,808,0.0,40,848.0,Debit Card,18,Delivered,3.9,Curry Leaf 37,Chennai,Chinese,3.4,500
1705,34,2024-01-21 09:02:00,4,828,0.0,30,858.0,Debit Card,21,Delivered,4.1,Biryani House 34,Bangalore,South Indian,4.8,200
3687,40,2024-01-21 10:20:00,3,387,58.05,20,348.95,Wallet,52,Delivered,3.3,Dosa Corner 40,Mumbai,Fast Food,3.7,250
2975,25,2024-01-21 10:53:00,1,456,0.0,20,476.0,Debit Card,25,Cancelled,3.2,Royal Feast 25,Jaipur,Biryani,3.8,250
5906,50,2024-01-21 11:55:00,1,434,65.1,49,417.9,Credit Card,25,Delivered,5.0,Urban Tadka 50,Delhi,Bakery,3.2,500
1269,7,2024-01-21 13:30:00,4,1603,320.6,49,1331.4,Credit Card,39,Delivered,2.7,Wok This Way 7,Bangalore,Street Food,2.9,600
5294,17,2024-01-21 14:18:00,3,1534,0.0,20,1554.0,Debit Card,43,Delivered,2.7,Spicy Junction 17,Delhi,Chinese,3.4,800
5846,30,2024-01-21 15:48:00,4,1423,284.6,40,1178.4,Debit Card,25,Delivered,3.9,Noodle Bar 30,Pune,South Indian,2.9,800
2468,13,2024-01-21 17:23:00,4,1797,0.0,30,1827.0,Cash on Delivery,55,Delivered,4.3,Spice Junction 13,Kolkata,Biryani,4.5,800
3533,2,2024-01-21 19:23:00,3,582,0.0,49,631.0,Cash on Delivery,18,Delivered,4.6,Spice Junction 2,Lucknow,Continental,4.8,200
3117,33,2024-01-21 20:33:00,3,550,55.0,20,515.0,UPI,60,Delivered,4.4,Pizza Point 33,Chennai,Bakery,2.9,600
3415,6,2024-01-21 20:42:00,4,799,159.8,49,688.2,Debit Card,19,Cancelled,3.5,Pizza Point 6,Mumbai,Desserts,3.1,800
2576,40,2024-01-21 21:17:00,2,740,0.0,20,760.0,UPI,55,Delivered,2.7,Dosa Corner 40,Mumbai,Fast Food,3.7,250
2943,36,2024-01-21 23:45:00,1,490,0.0,30,520.0,Credit Card,51,Delivered,5.0,Wok This Way 36,Bangalore,Desserts,4.5,500
2631,31,2024-01-22 08:36:00,3,757,0.0,30,787.0,Cash on Delivery,25,Cancelled,3.8,Momo Magic 31,Jaipur,Continental,4.1,500
2922,30,2024-01-22 11:16:00,1,495,99.0,49,445.0,Debit Card,22,Cancelled,4.9,Noodle Bar 30,Pune,South Indian,2.9,800
3115,6,2024-01-22 15:33:00,4,441,0.0,0,441.0,Cash on Delivery,51,Delivered,2.9,Pizza Point 6,Mumbai,Desserts,3.1,800
3111,26,2024-01-22 20:46:00,3,1511,0.0,49,1560.0,Credit Card,23,Cancelled,2.7,Chaat Street 26,Hyderabad,Continental,4.4,250
2322,1,2024-01-22 21:05:00,3,1222,0.0,0,1222.0,Cash on Delivery,46,Delivered,4.9,Wok This Way 1,Pune,Italian,3.6,200
2037,4,2024-01-22 22:34:00,1,418,0.0,20,438.0,Wallet,45,Delivered,3.7,Cafe Bliss 4,Lucknow,Fast Food,4.1,600
4268,46,2024-01-22 23:14:00,2,312,31.2,30,310.8,Debit Card,46,Delivered,4.9,Urban Tadka 46,Kolkata,Continental,4.2,350
3796,16,2024-01-22 23:50:00,3,1511,302.2,49,1257.8,Credit Card,16,Delivered,4.1,Cafe Bliss 16,Chennai,South Indian,3.2,500
4251,46,2024-01-23 09:08:00,1,368,36.8,20,351.2,Debit Card,57,Delivered,3.6,Urban Tadka 46,Kolkata,Continental,4.2,350
3508,4,2024-01-23 09:30:00,3,909,0.0,30,939.0,Credit Card,51,Delivered,2.5,Cafe Bliss 4,Lucknow,Fast Food,4.1,600
3472,15,2024-01-23 09:41:00,1,145,0.0,49,194.0,UPI,26,Delivered,4.5,Biryani House 15,Ahmedabad,North Indian,3.2,800
5192,11,2024-01-23 11:03:00,2,203,40.6,0,162.4,Wallet,32,Delivered,4.5,Noodle Bar 11,Hyderabad,Chinese,2.8,600
4884,8,2024-01-23 11:34:00,2,407,0.0,49,456.0,Credit Card,57,Delivered,3.0,Urban Tadka 8,Hyderabad,Desserts,4.6,350
4896,15,2024-01-23 12:11:00,2,361,72.2,49,337.8,Cash on Delivery,23,Delivered,4.1,Biryani House 15,Ahmedabad,North Indian,3.2,800
3889,36,2024-01-23 12:31:00,2,338,0.0,49,387.0,Cash on Delivery,18,Delivered,4.0,Wok This Way 36,Bangalore,Desserts,4.5,500
2704,33,2024-01-23 12:36:00,1,136,20.4,49,164.6,Cash on Delivery,49,Delivered,4.9,Pizza Point 33,Chennai,Bakery,2.9,600
5521,23,2024-01-23 15:22:00,2,390,78.0,20,332.0,Wallet,18,Cancelled,3.0,Noodle Bar 23,Lucknow,Desserts,3.4,150
2173,50,2024-01-23 15:57:00,2,644,128.8,30,545.2,Debit Card,52,Delivered,4.4,Urban Tadka 50,Delhi,Bakery,3.2,500
5775,43,2024-01-23 16:17:00,3,1526,0.0,20,1546.0,UPI,50,Cancelled,3.0,Grill Masters 43,Chennai,Continental,2.9,250
1409,2,2024-01-23 17:29:00,3,914,137.1,30,806.9,Wallet,49,Cancelled,3.3,Spice Junction 2,Lucknow,Continental,4.8,200
2600,32,2024-01-23 17:57:00,2,520,0.0,30,550.0,Debit Card,62,Delivered,3.0,Grill Masters 32,Hyderabad,Fast Food,3.2,800
1583,3,2024-01-23 19:34:00,4,741,0.0,30,771.0,Cash on Delivery,33,Delivered,4.4,Grill Masters 3,Chennai,Continental,4.3,300
1828,25,2024-01-23 20:28:00,3,1240,0.0,40,1280.0,Debit Card,45,Delivered,2.5,Royal Feast 25,Jaipur,Biryani,3.8,250
1111,26,2024-01-23 21:00:00,4,2024,303.6,0,1720.4,Debit Card,34,Delivered,2.9,Chaat Street 26,Hyderabad,Continental,4.4,250
2729,14,2024-01-23 21:14:00,1,365,0.0,20,385.0,Credit Card,58,Delivered,2.9,Curry Leaf 14,Pune,South Indian,3.2,150
4108,10,2024-01-23 21:30:00,2,225,22.5,0,202.5,Wallet,34,Delivered,4.1,Chaat Street 10,Mumbai,Italian,4.3,350
3921,43,2024-01-23 22:20:00,3,307,46.05,0,260.95,Wallet,26,Delivered,3.5,Grill Masters 43,Chennai,Continental,2.9,250
5262,48,2024-01-24 08:36:00,3,327,0.0,0,327.0,Credit Card,53,Delivered,3.6,Burger Barn 48,Delhi,Italian,3.9,150
2471,32,2024-01-24 08:54:00,4,1618,242.7,20,1395.3,Cash on Delivery,43,Delivered,3.8,Grill Masters 32,Hyderabad,Fast Food,3.2,800
5382,6,2024-01-24 08:54:00,1,255,25.5,49,278.5,Debit Card,36,Delivered,4.5,Pizza Point 6,Mumbai,Desserts,3.1,800
1377,45,2024-01-24 09:19:00,3,1083,108.3,30,1004.7,Debit Card,32,Delivered,3.1,Royal Feast 45,Ahmedabad,Fast Food,3.3,250
1229,35,2024-01-24 09:35:00,4,840,0.0,0,840.0,Debit Card,62,Delivered,4.7,Momo Magic 35,Hyderabad,Fast Food,4.8,150
2684,17,2024-01-24 09:41:00,2,407,0.0,30,437.0,Debit Card,41,Delivered,3.8,Spicy Junction 17,Delhi,Chinese,3.4,800
1909,26,2024-01-24 10:43:00,2,1047,0.0,0,1047.0,Debit Card,25,Delivered,3.8,Chaat Street 26,Hyderabad,Continental,4.4,250
5571,20,2024-01-24 10:47:00,1,515,0.0,49,564.0,UPI,25,Cancelled,3.1,Urban Tadka 20,Hyderabad,Street Food,3.4,600
1130,30,2024-01-24 15:30:00,4,541,0.0,30,571.0,UPI,38,Delivered,4.6,Noodle Bar 30,Pune,South Indian,2.9,800
5168,46,2024-01-24 16:26:00,4,1838,275.7,40,1602.3,Credit Card,53,Delivered,4.4,Urban Tadka 46,Kolkata,Continental,4.2,350
5649,22,2024-01-24 17:28:00,4,2042,408.4,20,1653.6,Debit Card,27,Delivered,3.4,Urban Tadka 22,Mumbai,Desserts,3.1,250
3184,25,2024-01-24 18:22:00,2,516,103.2,40,452.8,UPI,45,Delivered,4.2,Royal Feast 25,Jaipur,Biryani,3.8,250
4567,32,2024-01-24 18:43:00,1,202,0.0,0,202.0,Debit Card,20,Delivered,4.0,Grill Masters 32,Hyderabad,Fast Food,3.2,800
4013,5,2024-01-25 08:22:00,4,1413,211.95,0,1201.05,Credit Card,20,Delivered,4.7,Cafe Bliss 5,Hyderabad,Street Food,3.1,500
4072,20,2024-01-25 11:28:00,2,724,144.8,30,609.2,Cash on Delivery,43,Delivered,4.8,Urban Tadka 20,Hyderabad,Street Food,3.4,600
2442,37,2024-01-25 11:41:00,1,231,34.65,20,216.35,Wallet,28,Cancelled,5.0,Curry Leaf 37,Chennai,Chinese,3.4,500
3565,7,2024-01-25 12:22:00,2,441,88.2,30,382.8,Cash on Delivery,54,Delivered,4.4,Wok This Way 7,Bangalore,Street Food,2.9,600
4704,28,2024-01-25 13:20:00,1,436,0.0,49,485.0,UPI,35,Cancelled,4.6,Spice Junction 28,Ahmedabad,Continental,3.9,350
3923,30,2024-01-25 17:20:00,4,596,89.4,0,506.6,UPI,37,Delivered,4.8,Noodle Bar 30,Pune,South Indian,2.9,800
5905,29,2024-01-25 22:18:00,1,283,0.0,40,323.0,Debit Card,43,Delivered,4.9,Sweet Tooth 29,Kolkata,North Indian,4.0,500
2903,44,2024-01-26 08:11:00,3,600,120.0,40,520.0,Wallet,27,Delivered,3.3,Tandoori Nights 44,Hyderabad,South Indian,4.7,150
5658,28,2024-01-26 14:23:00,1,170,25.5,20,164.5,Cash on Delivery,29,Delivered,4.9,Spice Junction 28,Ahmedabad,Continental,3.9,350
5239,17,2024-01-26 15:07:00,3,617,0.0,0,617.0,UPI,24,Cancelled,4.5,Spicy Junction 17,Delhi,Chinese,3.4,800
1748,4,2024-01-26 15:40:00,4,1240,186.0,0,1054.0,Credit Card,44,Delivered,4.7,Cafe Bliss 4,Lucknow,Fast Food,4.1,600
1689,44,2024-01-26 17:31:00,4,1044,0.0,30,1074.0,Wallet,18,Delivered,3.1,Tandoori Nights 44,Hyderabad,South Indian,4.7,150
5908,13,2024-01-26 19:16:00,4,431,64.65,30,396.35,Cash on Delivery,35,Delivered,3.1,Spice Junction 13,Kolkata,Biryani,4.5,800
5933,17,2024-01-26 19:36:00,4,1634,163.4,40,1510.6,Credit Card,50,Delivered,4.9,Spicy Junction 17,Delhi,Chinese,3.4,800
3020,37,2024-01-26 20:28:00,2,532,0.0,40,572.0,Cash on Delivery,30,Delivered,3.4,Curry Leaf 37,Chennai,Chinese,3.4,500
5233,36,2024-01-26 20:46:00,3,309,30.9,20,298.1,Wallet,27,Delivered,4.8,Wok This Way 36,Bangalore,Desserts,4.5,500
4024,41,2024-01-26 22:51:00,4,636,95.4,40,580.6,Cash on Delivery,28,Delivered,3.8,Dosa Corner 41,Hyderabad,Continental,3.1,600
5167,21,2024-01-26 23:31:00,2,1035,155.25,0,879.75,Wallet,57,Delivered,4.6,Biryani House 21,Pune,South Indian,4.1,600
4426,20,2024-01-27 08:03:00,3,747,149.4,49,646.6,Credit Card,43,Delivered,2.6,Urban Tadka 20,Hyderabad,Street Food,3.4,600
1077,28,2024-01-27 10:40:00,2,645,0.0,0,645.0,Wallet,29,Delivered,2.7,Spice Junction 28,Ahmedabad,Continental,3.9,350
3531,10,2024-01-27 11:24:00,4,1210,121.0,20,1109.0,UPI,15,Delivered,3.9,Chaat Street 10,Mumbai,Italian,4.3,350
1451,13,2024-01-27 12:10:00,1,130,26.0,40,144.0,Credit Card,46,Delivered,3.3,Spice Junction 13,Kolkata,Biryani,4.5,800
4477,47,2024-01-27 12:13:00,4,817,0.0,40,857.0,Cash on Delivery,60,Delivered,4.0,Wok This Way 47,Ahmedabad,Street Food,3.5,250
5750,49,2024-01-27 12:32:00,4,816,163.2,30,682.8,Cash on Delivery,35,Delivered,4.2,Curry Leaf 49,Pune,Chinese,3.9,350
3839,47,2024-01-27 13:40:00,2,300,60.0,49,289.0,Wallet,44,Cancelled,3.9,Wok This Way 47,Ahmedabad,Street Food,3.5,250
4616,27,2024-01-27 13:54:00,4,1240,248.0,20,1012.0,UPI,38,Delivered,3.7,Grill Masters 27,Delhi,Fast Food,3.2,150
4842,34,2024-01-27 15:52:00,4,1820,182.0,40,1678.0,Credit Card,40,Delivered,2.7,Biryani House 34,Bangalore,South Indian,4.8,200
5108,26,2024-01-27 16:05:00,2,362,0.0,49,411.0,UPI,24,Delivered,3.2,Chaat Street 26,Hyderabad,Continental,4.4,250
5482,4,2024-01-27 17:02:00,1,303,0.0,49,352.0,UPI,51,Delivered,3.5,Cafe Bliss 4,Lucknow,Fast Food,4.1,600
4792,25,2024-01-27 17:07:00,1,491,0.0,30,521.0,Cash on Delivery,49,Delivered,3.4,Royal Feast 25,Jaipur,Biryani,3.8,250
1433,37,2024-01-27 17:38:00,4,1797,269.55,49,1576.45,Credit Card,30,Cancelled,3.1,Curry Leaf 37,Chennai,Chinese,3.4,500
4236,39,2024-01-27 17:54:00,2,276,27.6,49,297.4,Wallet,24,Delivered,3.2,Wok This Way 39,Pune,North Indian,4.2,350
5413,36,2024-01-27 18:01:00,4,1414,212.1,30,1231.9,Wallet,33,Delivered,4.7,Wok This Way 36,Bangalore,Desserts,4.5,500
4787,30,2024-01-27 20:26:00,4,816,0.0,0,816.0,UPI,49,Delivered,4.8,Noodle Bar 30,Pune,South Indian,2.9,800
5089,33,2024-01-27 21:08:00,2,314,62.8,0,251.2,UPI,63,Delivered,4.9,Pizza Point 33,Chennai,Bakery,2.9,600
1719,42,2024-01-27 23:10:00,1,412,0.0,40,452.0,Wallet,33,Delivered,4.1,Sizzle & Steam 42,Lucknow,Chinese,3.8,400
2568,9,2024-01-28 08:47:00,2,916,183.2,40,772.8,Credit Card,52,Delivered,2.7,Curry Leaf 9,Pune,Bakery,4.1,200
5330,7,2024-01-28 10:03:00,3,471,70.65,49,449.35,UPI,25,Delivered,3.1,Wok This Way 7,Bangalore,Street Food,2.9,600
3541,9,2024-01-28 10:23:00,3,1502,0.0,40,1542.0,UPI,63,Cancelled,4.2,Curry Leaf 9,Pune,Bakery,4.1,200
5035,17,2024-01-28 10:57:00,3,1063,0.0,20,1083.0,UPI,16,Delivered,3.3,Spicy Junction 17,Delhi,Chinese,3.4,800
1029,2,2024-01-28 11:03:00,2,209,0.0,20,229.0,Cash on Delivery,31,Delivered,4.9,Spice Junction 2,Lucknow,Continental,4.8,200
2289,21,2024-01-28 11:21:00,2,359,0.0,0,359.0,UPI,33,Delivered,4.0,Biryani House 21,Pune,South Indian,4.1,600
4933,12,2024-01-28 11:42:00,1,504,0.0,20,524.0,Credit Card,36,Delivered,2.8,Tandoori Nights 12,Mumbai,Continental,4.8,800
3469,7,2024-01-28 14:07:00,3,913,136.95,49,825.05,UPI,57,Delivered,4.2,Wok This Way 7,Bangalore,Street Food,2.9,600
1283,2,2024-01-28 14:33:00,3,917,0.0,40,957.0,Debit Card,64,Cancelled,4.1,Spice Junction 2,Lucknow,Continental,4.8,200
2111,26,2024-01-28 15:31:00,2,365,54.75,30,340.25,UPI,15,Cancelled,3.6,Chaat Street 26,Hyderabad,Continental,4.4,250
3046,12,2024-01-28 15:39:00,2,267,40.05,30,256.95,Credit Card,62,Delivered,4.2,Tandoori Nights 12,Mumbai,Continental,4.8,800
5647,10,2024-01-28 16:31:00,3,564,0.0,49,613.0,Debit Card,27,Delivered,3.5,Chaat Street 10,Mumbai,Italian,4.3,350
4300,19,2024-01-28 16:55:00,1,143,28.6,40,154.4,UPI,52,Delivered,4.2,Spice Junction 19,Chennai,Desserts,3.7,150
5895,47,2024-01-28 17:27:00,1,488,0.0,30,518.0,Credit Card,43,Delivered,4.9,Wok This Way 47,Ahmedabad,Street Food,3.5,250
4225,27,2024-01-28 18:33:00,3,471,0.0,49,520.0,Wallet,53,Delivered,2.8,Grill Masters 27,Delhi,Fast Food,3.2,150
3325,39,2024-01-28 18:34:00,3,598,119.6,49,527.4,UPI,42,Cancelled,4.7,Wok This Way 39,Pune,North Indian,4.2,350
2295,17,2024-01-28 19:00:00,1,361,0.0,49,410.0,Debit Card,51,Delivered,4.8,Spicy Junction 17,Delhi,Chinese,3.4,800
1553,3,2024-01-28 20:32:00,1,496,74.4,20,441.6,UPI,30,Cancelled,3.4,Grill Masters 3,Chennai,Continental,4.3,300
1462,22,2024-01-29 08:13:00,2,1046,0.0,49,1095.0,Wallet,44,Delivered,2.9,Urban Tadka 22,Mumbai,Desserts,3.1,250
5438,21,2024-01-29 08:49:00,3,416,83.2,49,381.8,UPI,27,Delivered,3.5,Biryani House 21,Pune,South Indian,4.1,600
3411,1,2024-01-29 10:23:00,4,1044,0.0,0,1044.0,Debit Card,58,Delivered,4.9,Wok This Way 1,Pune,Italian,3.6,200
3924,45,2024-01-29 10:35:00,4,1022,0.0,49,1071.0,Cash on Delivery,55,Delivered,2.6,Royal Feast 45,Ahmedabad,Fast Food,3.3,250
5347,41,2024-01-29 11:19:00,1,431,0.0,49,480.0,Debit Card,41,Delivered,4.1,Dosa Corner 41,Hyderabad,Continental,3.1,600
4636,49,2024-01-29 11:22:00,2,427,64.05,49,411.95,Debit Card,24,Delivered,3.8,Curry Leaf 49,Pune,Chinese,3.9,350
1648,1,2024-01-29 11:33:00,3,1073,0.0,30,1103.0,Credit Card,28,Delivered,4.3,Wok This Way 1,Pune,Italian,3.6,200
1830,13,2024-01-29 12:32:00,3,1394,0.0,0,1394.0,UPI,28,Cancelled,4.3,Spice Junction 13,Kolkata,Biryani,4.5,800
2352,26,2024-01-29 13:04:00,3,1080,162.0,0,918.0,UPI,57,Cancelled,3.6,Chaat Street 26,Hyderabad,Continental,4.4,250
2556,47,2024-01-29 14:17:00,4,1829,0.0,40,1869.0,Wallet,63,Delivered,2.7,Wok This Way 47,Ahmedabad,Street Food,3.5,250
3743,41,2024-01-29 15:15:00,4,842,168.4,49,722.6,Cash on Delivery,37,Cancelled,4.4,Dosa Corner 41,Hyderabad,Continental,3.1,600
4953,11,2024-01-29 15:25:00,4,420,0.0,20,440.0,UPI,17,Delivered,3.0,Noodle Bar 11,Hyderabad,Chinese,2.8,600
2234,29,2024-01-29 15:36:00,3,1376,275.2,20,1120.8,UPI,41,Delivered,3.6,Sweet Tooth 29,Kolkata,North Indian,4.0,500
4882,13,2024-01-29 16:40:00,2,261,0.0,30,291.0,Wallet,46,Delivered,3.5,Spice Junction 13,Kolkata,Biryani,4.5,800
1329,32,2024-01-29 17:22:00,3,914,0.0,30,944.0,Debit Card,22,Cancelled,4.0,Grill Masters 32,Hyderabad,Fast Food,3.2,800
3012,1,2024-01-29 18:22:00,3,1372,0.0,49,1421.0,Debit Card,46,Delivered,3.2,Wok This Way 1,Pune,Italian,3.6,200
3733,32,2024-01-29 20:16:00,4,738,0.0,40,778.0,Wallet,52,Cancelled,2.7,Grill Masters 32,Hyderabad,Fast Food,3.2,800
1799,23,2024-01-29 22:08:00,1,183,0.0,20,203.0,Credit Card,55,Delivered,3.0,Noodle Bar 23,Lucknow,Desserts,3.4,150
4849,29,2024-01-30 08:52:00,3,344,0.0,30,374.0,Credit Card,52,Delivered,4.3,Sweet Tooth 29,Kolkata,North Indian,4.0,500
1045,27,2024-01-30 09:47:00,1,511,102.2,20,428.8,Cash on Delivery,32,Delivered,3.9,Grill Masters 27,Delhi,Fast Food,3.2,150
5451,32,2024-01-30 10:03:00,2,605,0.0,20,625.0,Debit Card,39,Delivered,4.4,Grill Masters 32,Hyderabad,Fast Food,3.2,800
5508,13,2024-01-30 10:17:00,3,787,0.0,30,817.0,Credit Card,23,Delivered,4.3,Spice Junction 13,Kolkata,Biryani,4.5,800
3172,46,2024-01-30 11:36:00,1,164,32.8,49,180.2,UPI,61,Delivered,4.5,Urban Tadka 46,Kolkata,Continental,4.2,350
3631,11,2024-01-30 12:20:00,4,624,0.0,49,673.0,Credit Card,17,Delivered,2.5,Noodle Bar 11,Hyderabad,Chinese,2.8,600
2356,40,2024-01-30 15:02:00,3,412,0.0,20,432.0,UPI,21,Cancelled,3.8,Dosa Corner 40,Mumbai,Fast Food,3.7,250
5447,24,2024-01-30 15:14:00,3,409,0.0,20,429.0,Credit Card,15,Cancelled,2.6,Cafe Bliss 24,Delhi,Street Food,3.6,600
4370,40,2024-01-30 19:33:00,4,1406,140.6,49,1314.4,Wallet,16,Cancelled,2.7,Dosa Corner 40,Mumbai,Fast Food,3.7,250
1500,47,2024-01-30 19:53:00,1,149,0.0,49,198.0,Cash on Delivery,34,Delivered,3.5,Wok This Way 47,Ahmedabad,Street Food,3.5,250
4557,3,2024-01-30 19:55:00,4,828,82.8,49,794.2,Cash on Delivery,26,Delivered,3.0,Grill Masters 3,Chennai,Continental,4.3,300
2388,31,2024-01-30 20:42:00,2,307,0.0,30,337.0,UPI,28,Delivered,5.0,Momo Magic 31,Jaipur,Continental,4.1,500
4510,14,2024-01-30 20:59:00,2,407,0.0,0,407.0,Debit Card,23,Delivered,4.9,Curry Leaf 14,Pune,South Indian,3.2,150
1807,3,2024-01-31 10:59:00,3,553,82.95,40,510.05,Cash on Delivery,58,Delivered,5.0,Grill Masters 3,Chennai,Continental,4.3,300
1669,46,2024-01-31 13:28:00,2,617,61.7,49,604.3,Credit Card,42,Cancelled,2.5,Urban Tadka 46,Kolkata,Continental,4.2,350
5208,37,2024-01-31 14:00:00,3,1064,0.0,40,1104.0,Wallet,50,Cancelled,5.0,Curry Leaf 37,Chennai,Chinese,3.4,500
1430,21,2024-01-31 18:42:00,1,385,77.0,20,328.0,Debit Card,20,Cancelled,3.2,Biryani House 21,Pune,South Indian,4.1,600
2047,27,2024-01-31 19:34:00,3,1211,0.0,30,1241.0,Wallet,22,Delivered,4.4,Grill Masters 27,Delhi,Fast Food,3.2,150
2121,43,2024-01-31 20:32:00,4,430,64.5,40,405.5,Cash on Delivery,23,Cancelled,4.4,Grill Masters 43,Chennai,Continental,2.9,250
1887,49,2024-01-31 23:42:00,2,605,0.0,30,635.0,UPI,15,Delivered,4.7,Curry Leaf 49,Pune,Chinese,3.9,350
1727,17,2024-02-01 12:33:00,2,1012,151.8,49,909.2,UPI,59,Delivered,3.8,Spicy Junction 17,Delhi,Chinese,3.4,800
2202,37,2024-02-01 15:08:00,4,997,0.0,0,997.0,Debit Card,28,Delivered,4.8,Curry Leaf 37,Chennai,Chinese,3.4,500
4548,36,2024-02-01 16:48:00,2,336,67.2,30,298.8,UPI,50,Delivered,3.4,Wok This Way 36,Bangalore,Desserts,4.5,500
3074,8,2024-02-01 16:56:00,2,735,0.0,49,784.0,Credit Card,55,Delivered,4.4,Urban Tadka 8,Hyderabad,Desserts,4.6,350
2559,4,2024-02-01 17:13:00,2,644,96.6,49,596.4,Wallet,22,Delivered,4.6,Cafe Bliss 4,Lucknow,Fast Food,4.1,600
3388,31,2024-02-01 20:24:00,2,900,0.0,0,900.0,Debit Card,27,Delivered,4.4,Momo Magic 31,Jaipur,Continental,4.1,500
2313,10,2024-02-01 20:52:00,1,461,92.2,40,408.8,UPI,46,Cancelled,3.6,Chaat Street 10,Mumbai,Italian,4.3,350
4791,36,2024-02-01 21:41:00,1,182,0.0,20,202.0,Credit Card,56,Delivered,3.0,Wok This Way 36,Bangalore,Desserts,4.5,500
4083,14,2024-02-01 21:56:00,3,543,0.0,40,583.0,Debit Card,42,Cancelled,4.5,Curry Leaf 14,Pune,South Indian,3.2,150
5370,24,2024-02-02 13:41:00,1,156,31.2,40,164.8,Wallet,47,Delivered,4.2,Cafe Bliss 24,Delhi,Street Food,3.6,600
3784,19,2024-02-02 14:54:00,4,1016,0.0,20,1036.0,UPI,41,Delivered,3.2,Spice Junction 19,Chennai,Desserts,3.7,150
2756,12,2024-02-02 16:14:00,3,1511,0.0,20,1531.0,Credit Card,60,Delivered,2.7,Tandoori Nights 12,Mumbai,Continental,4.8,800
2680,36,2024-02-02 16:23:00,3,1529,0.0,0,1529.0,UPI,55,Delivered,3.3,Wok This Way 36,Bangalore,Desserts,4.5,500
2489,30,2024-02-02 16:41:00,3,1200,0.0,0,1200.0,Debit Card,56,Delivered,4.3,Noodle Bar 30,Pune,South Indian,2.9,800
2141,41,2024-02-02 16:45:00,1,528,105.6,49,471.4,Cash on Delivery,30,Delivered,4.5,Dosa Corner 41,Hyderabad,Continental,3.1,600
5946,1,2024-02-02 17:46:00,2,378,75.6,40,342.4,Debit Card,60,Delivered,4.7,Wok This Way 1,Pune,Italian,3.6,200
2383,12,2024-02-02 18:17:00,4,435,0.0,30,465.0,UPI,36,Delivered,3.5,Tandoori Nights 12,Mumbai,Continental,4.8,800
4017,37,2024-02-02 18:27:00,3,1082,0.0,49,1131.0,Wallet,52,Delivered,4.2,Curry Leaf 37,Chennai,Chinese,3.4,500
2956,26,2024-02-02 20:12:00,4,1604,320.8,30,1313.2,Debit Card,63,Delivered,3.1,Chaat Street 26,Hyderabad,Continental,4.4,250
2065,18,2024-02-02 20:13:00,4,443,88.6,20,374.4,Wallet,36,Delivered,3.3,Sizzle & Steam 18,Chennai,Chinese,3.9,600
1374,32,2024-02-02 22:58:00,3,936,0.0,40,976.0,Credit Card,43,Delivered,4.3,Grill Masters 32,Hyderabad,Fast Food,3.2,800
2430,18,2024-02-03 09:19:00,3,1055,211.0,30,874.0,Wallet,36,Delivered,4.8,Sizzle & Steam 18,Chennai,Chinese,3.9,600
5242,50,2024-02-03 11:17:00,2,546,0.0,20,566.0,Credit Card,31,Delivered,3.5,Urban Tadka 50,Delhi,Bakery,3.2,500
4201,28,2024-02-03 12:16:00,2,815,81.5,0,733.5,Credit Card,25,Delivered,4.8,Spice Junction 28,Ahmedabad,Continental,3.9,350
2604,34,2024-02-03 14:42:00,4,2016,0.0,40,2056.0,Credit Card,39,Cancelled,4.1,Biryani House 34,Bangalore,South Indian,4.8,200
3665,46,2024-02-03 17:42:00,3,1093,0.0,0,1093.0,Cash on Delivery,22,Delivered,4.6,Urban Tadka 46,Kolkata,Continental,4.2,350
3270,15,2024-02-03 18:13:00,3,766,76.6,30,719.4,Cash on Delivery,26,Delivered,4.8,Biryani House 15,Ahmedabad,North Indian,3.2,800
3836,19,2024-02-03 19:26:00,3,1067,0.0,30,1097.0,Credit Card,59,Delivered,3.5,Spice Junction 19,Chennai,Desserts,3.7,150
1236,18,2024-02-03 20:31:00,4,406,40.6,20,385.4,Cash on Delivery,27,Delivered,3.1,Sizzle & Steam 18,Chennai,Chinese,3.9,600
5342,15,2024-02-04 08:09:00,1,437,65.55,49,420.45,UPI,30,Cancelled,3.1,Biryani House 15,Ahmedabad,North Indian,3.2,800
1020,15,2024-02-04 09:55:00,1,150,0.0,20,170.0,Wallet,55,Delivered,3.7,Biryani House 15,Ahmedabad,North Indian,3.2,800
2326,21,2024-02-04 10:24:00,3,917,183.4,20,753.6,Wallet,15,Delivered,3.5,Biryani House 21,Pune,South Indian,4.1,600
3088,50,2024-02-04 11:11:00,3,477,0.0,30,507.0,Cash on Delivery,24,Cancelled,2.7,Urban Tadka 50,Delhi,Bakery,3.2,500
1825,22,2024-02-04 11:38:00,4,1033,0.0,0,1033.0,Cash on Delivery,36,Cancelled,3.7,Urban Tadka 22,Mumbai,Desserts,3.1,250
2586,48,2024-02-04 13:26:00,1,218,0.0,20,238.0,Credit Card,20,Delivered,3.6,Burger Barn 48,Delhi,Italian,3.9,150
4446,13,2024-02-04 14:26:00,1,323,0.0,30,353.0,Cash on Delivery,36,Delivered,5.0,Spice Junction 13,Kolkata,Biryani,4.5,800
4397,25,2024-02-04 14:58:00,3,1061,106.1,20,974.9,UPI,25,Cancelled,4.4,Royal Feast 25,Jaipur,Biryani,3.8,250
1051,8,2024-02-04 15:25:00,3,1216,0.0,49,1265.0,Cash on Delivery,35,Cancelled,4.5,Urban Tadka 8,Hyderabad,Desserts,4.6,350
4994,11,2024-02-04 16:36:00,3,302,30.2,20,291.8,Credit Card,48,Delivered,3.6,Noodle Bar 11,Hyderabad,Chinese,2.8,600
1992,2,2024-02-04 17:02:00,3,448,0.0,40,488.0,UPI,21,Cancelled,3.0,Spice Junction 2,Lucknow,Continental,4.8,200
3188,48,2024-02-04 17:19:00,1,504,50.4,49,502.6,Credit Card,58,Delivered,4.9,Burger Barn 48,Delhi,Italian,3.9,150
1580,15,2024-02-04 19:15:00,1,205,30.75,0,174.25,UPI,18,Delivered,3.5,Biryani House 15,Ahmedabad,North Indian,3.2,800
3625,33,2024-02-04 19:37:00,1,246,0.0,20,266.0,Credit Card,58,Delivered,3.6,Pizza Point 33,Chennai,Bakery,2.9,600
5408,48,2024-02-04 22:27:00,4,1821,0.0,20,1841.0,Debit Card,62,Delivered,2.9,Burger Barn 48,Delhi,Italian,3.9,150
3713,32,2024-02-04 23:43:00,1,476,71.4,40,444.6,Credit Card,40,Delivered,3.1,Grill Masters 32,Hyderabad,Fast Food,3.2,800
3407,5,2024-02-05 15:00:00,1,448,0.0,0,448.0,Cash on Delivery,44,Cancelled,3.9,Cafe Bliss 5,Hyderabad,Street Food,3.1,500
1323,9,2024-02-05 15:40:00,4,1809,180.9,20,1648.1,Cash on Delivery,21,Delivered,4.5,Curry Leaf 9,Pune,Bakery,4.1,200
1102,33,2024-02-05 16:22:00,3,793,0.0,40,833.0,Cash on Delivery,27,Delivered,4.3,Pizza Point 33,Chennai,Bakery,2.9,600
1298,44,2024-02-05 16:49:00,1,150,0.0,49,199.0,UPI,38,Delivered,4.5,Tandoori Nights 44,Hyderabad,South Indian,4.7,150
4261,18,2024-02-05 18:12:00,3,1500,150.0,0,1350.0,Debit Card,22,Delivered,2.9,Sizzle & Steam 18,Chennai,Chinese,3.9,600
4375,4,2024-02-05 20:57:00,3,474,0.0,49,523.0,Debit Card,47,Delivered,3.5,Cafe Bliss 4,Lucknow,Fast Food,4.1,600
4531,43,2024-02-05 21:33:00,4,1220,183.0,30,1067.0,UPI,38,Cancelled,3.2,Grill Masters 43,Chennai,Continental,2.9,250
2157,29,2024-02-05 22:55:00,2,842,0.0,20,862.0,UPI,59,Delivered,3.7,Sweet Tooth 29,Kolkata,North Indian,4.0,500
3693,3,2024-02-05 23:43:00,4,1200,180.0,49,1069.0,Credit Card,29,Delivered,4.9,Grill Masters 3,Chennai,Continental,4.3,300
3391,42,2024-02-05 23:59:00,2,522,104.4,40,457.6,UPI,36,Delivered,4.0,Sizzle & Steam 42,Lucknow,Chinese,3.8,400
2968,5,2024-02-06 08:59:00,3,423,84.6,49,387.4,Debit Card,32,Delivered,3.0,Cafe Bliss 5,Hyderabad,Street Food,3.1,500
3432,2,2024-02-06 09:47:00,2,385,57.75,40,367.25,Wallet,28,Delivered,4.6,Spice Junction 2,Lucknow,Continental,4.8,200
5410,14,2024-02-06 10:08:00,4,732,146.4,20,605.6,UPI,30,Cancelled,2.7,Curry Leaf 14,Pune,South Indian,3.2,150
2851,50,2024-02-06 10:10:00,2,266,39.9,30,256.1,Credit Card,55,Delivered,3.2,Urban Tadka 50,Delhi,Bakery,3.2,500
2609,33,2024-02-06 12:01:00,4,1621,324.2,30,1326.8,Wallet,54,Delivered,4.9,Pizza Point 33,Chennai,Bakery,2.9,600
4996,33,2024-02-06 13:45:00,3,1060,0.0,40,1100.0,UPI,58,Delivered,4.7,Pizza Point 33,Chennai,Bakery,2.9,600
2613,16,2024-02-06 15:58:00,4,730,0.0,49,779.0,Wallet,18,Delivered,4.7,Cafe Bliss 16,Chennai,South Indian,3.2,500
3033,9,2024-02-06 16:49:00,3,630,94.5,30,565.5,Cash on Delivery,45,Delivered,4.7,Curry Leaf 9,Pune,Bakery,4.1,200
5430,32,2024-02-06 21:38:00,1,352,0.0,20,372.0,Debit Card,37,Delivered,4.2,Grill Masters 32,Hyderabad,Fast Food,3.2,800
1237,25,2024-02-07 09:09:00,1,173,0.0,40,213.0,UPI,16,Delivered,3.8,Royal Feast 25,Jaipur,Biryani,3.8,250
1805,14,2024-02-07 09:27:00,2,703,0.0,40,743.0,Credit Card,33,Delivered,4.2,Curry Leaf 14,Pune,South Indian,3.2,150
5154,49,2024-02-07 14:42:00,3,614,0.0,0,614.0,Wallet,19,Delivered,4.7,Curry Leaf 49,Pune,Chinese,3.9,350
1856,45,2024-02-07 14:51:00,4,2018,0.0,49,2067.0,Wallet,43,Delivered,4.0,Royal Feast 45,Ahmedabad,Fast Food,3.3,250
5011,6,2024-02-07 15:24:00,4,1422,0.0,40,1462.0,Cash on Delivery,49,Delivered,4.2,Pizza Point 6,Mumbai,Desserts,3.1,800
2283,34,2024-02-07 18:10:00,4,427,64.05,40,402.95,UPI,48,Delivered,3.1,Biryani House 34,Bangalore,South Indian,4.8,200
4275,30,2024-02-07 19:01:00,2,216,0.0,30,246.0,UPI,52,Delivered,4.3,Noodle Bar 30,Pune,South Indian,2.9,800
2620,43,2024-02-07 19:59:00,1,304,0.0,0,304.0,UPI,27,Delivered,2.5,Grill Masters 43,Chennai,Continental,2.9,250
5673,46,2024-02-07 21:01:00,4,1026,153.9,40,912.1,Cash on Delivery,23,Delivered,4.4,Urban Tadka 46,Kolkata,Continental,4.2,350
5117,11,2024-02-07 23:40:00,3,1067,106.7,49,1009.3,Cash on Delivery,62,Delivered,4.3,Noodle Bar 11,Hyderabad,Chinese,2.8,600
2206,47,2024-02-08 08:04:00,1,122,0.0,20,142.0,Credit Card,22,Delivered,4.5,Wok This Way 47,Ahmedabad,Street Food,3.5,250
2664,19,2024-02-08 08:54:00,4,1216,0.0,20,1236.0,Debit Card,42,Cancelled,3.8,Spice Junction 19,Chennai,Desserts,3.7,150
2285,37,2024-02-08 10:21:00,4,1019,0.0,20,1039.0,Cash on Delivery,18,Delivered,3.2,Curry Leaf 37,Chennai,Chinese,3.4,500
2059,46,2024-02-08 10:25:00,1,333,33.3,0,299.7,Wallet,56,Delivered,3.3,Urban Tadka 46,Kolkata,Continental,4.2,350
1364,30,2024-02-08 12:48:00,3,1245,186.75,0,1058.25,Cash on Delivery,50,Delivered,3.6,Noodle Bar 30,Pune,South Indian,2.9,800
5607,22,2024-02-08 18:10:00,3,1351,202.65,20,1168.35,UPI,56,Delivered,2.7,Urban Tadka 22,Mumbai,Desserts,3.1,250
1920,50,2024-02-08 18:38:00,4,517,0.0,30,547.0,Debit Card,64,Delivered,4.5,Urban Tadka 50,Delhi,Bakery,3.2,500
4732,27,2024-02-08 19:53:00,1,200,30.0,49,219.0,Wallet,21,Delivered,4.6,Grill Masters 27,Delhi,Fast Food,3.2,150
1035,44,2024-02-08 22:51:00,4,1202,0.0,20,1222.0,Credit Card,23,Delivered,5.0,Tandoori Nights 44,Hyderabad,South Indian,4.7,150
3384,36,2024-02-08 22:59:00,3,311,62.2,20,268.8,UPI,31,Cancelled,3.5,Wok This Way 36,Bangalore,Desserts,4.5,500
3950,24,2024-02-09 09:32:00,2,919,0.0,49,968.0,UPI,31,Delivered,4.3,Cafe Bliss 24,Delhi,Street Food,3.6,600
5457,39,2024-02-09 10:16:00,3,619,0.0,49,668.0,Credit Card,33,Delivered,3.2,Wok This Way 39,Pune,North Indian,4.2,350
5207,11,2024-02-09 10:31:00,1,445,0.0,20,465.0,Cash on Delivery,31,Delivered,4.9,Noodle Bar 11,Hyderabad,Chinese,2.8,600
3549,16,2024-02-09 11:10:00,1,201,20.1,49,229.9,UPI,49,Cancelled,3.3,Cafe Bliss 16,Chennai,South Indian,3.2,500
4400,12,2024-02-09 11:32:00,1,177,35.4,40,181.6,Cash on Delivery,56,Delivered,4.5,Tandoori Nights 12,Mumbai,Continental,4.8,800
1619,6,2024-02-09 12:33:00,2,899,89.9,30,839.1,Credit Card,37,Cancelled,4.2,Pizza Point 6,Mumbai,Desserts,3.1,800
5118,15,2024-02-09 14:43:00,4,1413,0.0,20,1433.0,Credit Card,24,Delivered,4.0,Biryani House 15,Ahmedabad,North Indian,3.2,800
5879,36,2024-02-09 15:08:00,3,1063,159.45,40,943.55,Wallet,16,Delivered,2.7,Wok This Way 36,Bangalore,Desserts,4.5,500
5524,37,2024-02-09 15:13:00,3,1541,0.0,30,1571.0,Cash on Delivery,61,Delivered,4.5,Curry Leaf 37,Chennai,Chinese,3.4,500
2268,14,2024-02-09 15:22:00,3,1377,0.0,49,1426.0,Debit Card,59,Delivered,4.5,Curry Leaf 14,Pune,South Indian,3.2,150
3911,11,2024-02-09 15:49:00,1,516,77.4,30,468.6,Debit Card,62,Cancelled,2.9,Noodle Bar 11,Hyderabad,Chinese,2.8,600
1914,36,2024-02-09 17:10:00,2,910,0.0,20,930.0,Cash on Delivery,51,Delivered,2.9,Wok This Way 36,Bangalore,Desserts,4.5,500
1148,19,2024-02-09 17:15:00,3,464,92.8,40,411.2,Wallet,22,Delivered,3.5,Spice Junction 19,Chennai,Desserts,3.7,150
3769,21,2024-02-09 17:32:00,1,166,33.2,30,162.8,Credit Card,62,Cancelled,2.6,Biryani House 21,Pune,South Indian,4.1,600
1530,4,2024-02-09 17:54:00,1,385,0.0,20,405.0,Debit Card,56,Delivered,4.4,Cafe Bliss 4,Lucknow,Fast Food,4.1,600
5923,13,2024-02-09 18:23:00,1,234,46.8,40,227.2,Wallet,51,Delivered,4.7,Spice Junction 13,Kolkata,Biryani,4.5,800
1472,7,2024-02-09 18:36:00,3,782,156.4,0,625.6,UPI,39,Delivered,4.3,Wok This Way 7,Bangalore,Street Food,2.9,600
2154,19,2024-02-09 19:07:00,2,700,105.0,30,625.0,Debit Card,60,Delivered,3.0,Spice Junction 19,Chennai,Desserts,3.7,150
1949,9,2024-02-09 19:16:00,3,610,0.0,49,659.0,Credit Card,23,Cancelled,4.6,Curry Leaf 9,Pune,Bakery,4.1,200
4960,21,2024-02-09 19:38:00,1,113,22.6,20,110.4,Credit Card,51,Cancelled,3.3,Biryani House 21,Pune,South Indian,4.1,600
5708,23,2024-02-09 20:08:00,2,413,0.0,49,462.0,UPI,22,Delivered,4.6,Noodle Bar 23,Lucknow,Desserts,3.4,150
3717,10,2024-02-09 23:50:00,1,196,0.0,0,196.0,Credit Card,15,Delivered,4.1,Chaat Street 10,Mumbai,Italian,4.3,350
1562,45,2024-02-10 08:16:00,4,1431,143.1,20,1307.9,Credit Card,22,Delivered,3.6,Royal Feast 45,Ahmedabad,Fast Food,3.3,250
5757,2,2024-02-10 14:10:00,4,751,0.0,30,781.0,Debit Card,25,Delivered,3.1,Spice Junction 2,Lucknow,Continental,4.8,200
5468,17,2024-02-10 14:58:00,1,395,0.0,30,425.0,Debit Card,16,Delivered,2.9,Spicy Junction 17,Delhi,Chinese,3.4,800
4937,26,2024-02-10 15:04:00,2,304,0.0,40,344.0,Credit Card,27,Delivered,2.7,Chaat Street 26,Hyderabad,Continental,4.4,250
5606,38,2024-02-10 15:46:00,1,223,0.0,40,263.0,Wallet,59,Delivered,4.2,Burger Barn 38,Kolkata,Biryani,3.0,600
1653,17,2024-02-10 16:12:00,4,1408,211.2,30,1226.8,Debit Card,16,Delivered,5.0,Spicy Junction 17,Delhi,Chinese,3.4,800
3964,44,2024-02-10 16:55:00,2,313,0.0,0,313.0,Credit Card,61,Delivered,2.9,Tandoori Nights 44,Hyderabad,South Indian,4.7,150
5181,30,2024-02-10 18:31:00,1,319,0.0,20,339.0,Wallet,47,Delivered,4.0,Noodle Bar 30,Pune,South Indian,2.9,800
1604,37,2024-02-10 18:42:00,4,632,0.0,49,681.0,Credit Card,30,Delivered,3.0,Curry Leaf 37,Chennai,Chinese,3.4,500
1481,12,2024-02-10 20:55:00,4,1415,141.5,40,1313.5,Debit Card,60,Delivered,3.3,Tandoori Nights 12,Mumbai,Continental,4.8,800
2317,21,2024-02-10 20:57:00,2,813,81.3,30,761.7,Debit Card,60,Delivered,4.8,Biryani House 21,Pune,South Indian,4.1,600
2894,25,2024-02-10 21:40:00,1,412,0.0,40,452.0,Debit Card,35,Delivered,4.1,Royal Feast 25,Jaipur,Biryani,3.8,250
2970,45,2024-02-10 22:51:00,3,1523,0.0,20,1543.0,Cash on Delivery,28,Delivered,3.9,Royal Feast 45,Ahmedabad,Fast Food,3.3,250
2803,18,2024-02-10 23:39:00,2,938,0.0,40,978.0,Wallet,29,Delivered,4.3,Sizzle & Steam 18,Chennai,Chinese,3.9,600
1264,35,2024-02-11 09:56:00,2,264,0.0,49,313.0,Wallet,52,Delivered,4.4,Momo Magic 35,Hyderabad,Fast Food,4.8,150
2911,41,2024-02-11 12:03:00,3,944,0.0,40,984.0,Debit Card,19,Delivered,4.9,Dosa Corner 41,Hyderabad,Continental,3.1,600
1518,37,2024-02-11 12:58:00,3,938,93.8,40,884.2,UPI,50,Delivered,3.7,Curry Leaf 37,Chennai,Chinese,3.4,500
5859,45,2024-02-11 13:15:00,1,440,0.0,49,489.0,Cash on Delivery,55,Cancelled,2.5,Royal Feast 45,Ahmedabad,Fast Food,3.3,250
1247,22,2024-02-11 13:15:00,4,1435,0.0,40,1475.0,UPI,37,Delivered,2.9,Urban Tadka 22,Mumbai,Desserts,3.1,250
5808,12,2024-02-11 15:19:00,3,1383,276.6,40,1146.4,Wallet,35,Cancelled,4.7,Tandoori Nights 12,Mumbai,Continental,4.8,800
1453,25,2024-02-11 16:28:00,4,726,0.0,49,775.0,Cash on Delivery,48,Delivered,4.6,Royal Feast 25,Jaipur,Biryani,3.8,250
5303,50,2024-02-11 17:14:00,3,754,0.0,30,784.0,Debit Card,20,Delivered,3.9,Urban Tadka 50,Delhi,Bakery,3.2,500
1414,26,2024-02-11 18:38:00,2,206,20.6,49,234.4,UPI,53,Delivered,3.5,Chaat Street 26,Hyderabad,Continental,4.4,250
1319,26,2024-02-11 18:54:00,3,319,0.0,40,359.0,Credit Card,26,Cancelled,2.8,Chaat Street 26,Hyderabad,Continental,4.4,250
1555,28,2024-02-11 19:14:00,1,143,21.45,40,161.55,Credit Card,19,Delivered,4.9,Spice Junction 28,Ahmedabad,Continental,3.9,350
1054,37,2024-02-11 21:42:00,2,745,0.0,49,794.0,Debit Card,25,Delivered,4.4,Curry Leaf 37,Chennai,Chinese,3.4,500
3917,10,2024-02-11 22:53:00,4,807,161.4,49,694.6,Credit Card,34,Cancelled,4.4,Chaat Street 10,Mumbai,Italian,4.3,350
1174,16,2024-02-11 23:01:00,1,196,29.4,30,196.6,Debit Card,56,Delivered,4.6,Cafe Bliss 16,Chennai,South Indian,3.2,500
3832,11,2024-02-11 23:30:00,2,747,74.7,30,702.3,Credit Card,38,Delivered,3.1,Noodle Bar 11,Hyderabad,Chinese,2.8,600
4302,14,2024-02-11 23:50:00,1,136,0.0,20,156.0,Wallet,64,Delivered,3.9,Curry Leaf 14,Pune,South Indian,3.2,150
3843,24,2024-02-12 11:10:00,1,219,0.0,20,239.0,Credit Card,30,Delivered,3.5,Cafe Bliss 24,Delhi,Street Food,3.6,600
4648,41,2024-02-12 11:31:00,4,1831,0.0,40,1871.0,Cash on Delivery,28,Delivered,3.7,Dosa Corner 41,Hyderabad,Continental,3.1,600
1548,28,2024-02-12 13:17:00,3,1525,0.0,40,1565.0,Cash on Delivery,42,Delivered,4.3,Spice Junction 28,Ahmedabad,Continental,3.9,350
4156,11,2024-02-12 14:50:00,3,1389,277.8,40,1151.2,Debit Card,58,Delivered,4.0,Noodle Bar 11,Hyderabad,Chinese,2.8,600
4846,23,2024-02-12 16:46:00,1,455,0.0,0,455.0,Cash on Delivery,21,Delivered,2.8,Noodle Bar 23,Lucknow,Desserts,3.4,150
2125,7,2024-02-12 17:05:00,1,403,0.0,20,423.0,UPI,24,Cancelled,4.0,Wok This Way 7,Bangalore,Street Food,2.9,600
4492,47,2024-02-12 17:38:00,4,732,0.0,49,781.0,UPI,19,Delivered,2.6,Wok This Way 47,Ahmedabad,Street Food,3.5,250
4328,29,2024-02-12 17:53:00,1,251,50.2,49,249.8,Debit Card,18,Cancelled,3.3,Sweet Tooth 29,Kolkata,North Indian,4.0,500
3798,1,2024-02-12 18:38:00,4,1439,0.0,49,1488.0,Wallet,43,Cancelled,2.8,Wok This Way 1,Pune,Italian,3.6,200
5889,15,2024-02-12 19:43:00,3,454,0.0,30,484.0,Debit Card,42,Delivered,2.9,Biryani House 15,Ahmedabad,North Indian,3.2,800
1601,50,2024-02-12 21:05:00,3,922,184.4,0,737.6,Cash on Delivery,38,Cancelled,4.9,Urban Tadka 50,Delhi,Bakery,3.2,500
5004,24,2024-02-12 21:32:00,4,746,0.0,20,766.0,UPI,44,Delivered,3.4,Cafe Bliss 24,Delhi,Street Food,3.6,600
4919,19,2024-02-12 21:33:00,4,720,72.0,49,697.0,Debit Card,59,Delivered,2.8,Spice Junction 19,Chennai,Desserts,3.7,150
3958,24,2024-02-12 21:56:00,2,645,0.0,0,645.0,Wallet,21,Delivered,4.1,Cafe Bliss 24,Delhi,Street Food,3.6,600
3593,45,2024-02-12 22:43:00,3,1367,0.0,0,1367.0,Cash on Delivery,17,Cancelled,2.5,Royal Feast 45,Ahmedabad,Fast Food,3.3,250
5476,3,2024-02-13 09:17:00,3,780,0.0,49,829.0,Credit Card,27,Delivered,3.5,Grill Masters 3,Chennai,Continental,4.3,300
3745,18,2024-02-13 10:55:00,4,1805,270.75,40,1574.25,UPI,56,Delivered,4.9,Sizzle & Steam 18,Chennai,Chinese,3.9,600
2176,4,2024-02-13 11:32:00,4,760,114.0,40,686.0,Credit Card,39,Delivered,2.6,Cafe Bliss 4,Lucknow,Fast Food,4.1,600
3045,14,2024-02-13 11:47:00,2,1018,101.8,49,965.2,Debit Card,37,Delivered,2.7,Curry Leaf 14,Pune,South Indian,3.2,150
1986,15,2024-02-13 11:53:00,2,1042,156.3,30,915.7,Credit Card,40,Delivered,4.7,Biryani House 15,Ahmedabad,North Indian,3.2,800
4749,32,2024-02-13 12:26:00,2,500,100.0,40,440.0,Cash on Delivery,44,Delivered,2.7,Grill Masters 32,Hyderabad,Fast Food,3.2,800
3346,3,2024-02-13 12:38:00,3,910,0.0,30,940.0,Cash on Delivery,23,Delivered,3.5,Grill Masters 3,Chennai,Continental,4.3,300
3307,15,2024-02-13 12:41:00,2,417,0.0,0,417.0,Wallet,22,Delivered,2.9,Biryani House 15,Ahmedabad,North Indian,3.2,800
4317,41,2024-02-13 12:48:00,4,1004,200.8,0,803.2,Credit Card,53,Cancelled,4.4,Dosa Corner 41,Hyderabad,Continental,3.1,600
1508,46,2024-02-13 13:02:00,2,221,44.2,20,196.8,Wallet,52,Delivered,4.9,Urban Tadka 46,Kolkata,Continental,4.2,350
5015,28,2024-02-13 13:46:00,2,301,0.0,40,341.0,Wallet,56,Delivered,3.5,Spice Junction 28,Ahmedabad,Continental,3.9,350
1942,31,2024-02-13 15:36:00,3,311,31.1,0,279.9,Debit Card,29,Delivered,4.5,Momo Magic 31,Jaipur,Continental,4.1,500
4318,4,2024-02-13 17:28:00,2,300,30.0,30,300.0,UPI,33,Delivered,4.8,Cafe Bliss 4,Lucknow,Fast Food,4.1,600
4345,33,2024-02-13 18:54:00,4,547,54.7,20,512.3,Credit Card,53,Cancelled,4.1,Pizza Point 33,Chennai,Bakery,2.9,600
3419,39,2024-02-13 22:47:00,1,504,75.6,30,458.4,Cash on Delivery,26,Delivered,3.9,Wok This Way 39,Pune,North Indian,4.2,350
3159,32,2024-02-14 09:06:00,1,270,0.0,49,319.0,Debit Card,50,Delivered,4.5,Grill Masters 32,Hyderabad,Fast Food,3.2,800
2611,24,2024-02-14 10:03:00,4,560,0.0,0,560.0,Credit Card,62,Delivered,4.6,Cafe Bliss 24,Delhi,Street Food,3.6,600
1640,22,2024-02-14 10:19:00,1,529,0.0,30,559.0,Credit Card,49,Cancelled,2.6,Urban Tadka 22,Mumbai,Desserts,3.1,250
5604,24,2024-02-14 12:17:00,2,375,0.0,30,405.0,Credit Card,21,Cancelled,4.9,Cafe Bliss 24,Delhi,Street Food,3.6,600
5804,4,2024-02-14 13:20:00,1,413,61.95,20,371.05,Debit Card,20,Cancelled,5.0,Cafe Bliss 4,Lucknow,Fast Food,4.1,600
1935,9,2024-02-14 13:27:00,2,500,0.0,30,530.0,UPI,23,Delivered,3.1,Curry Leaf 9,Pune,Bakery,4.1,200
4921,27,2024-02-14 15:23:00,4,544,0.0,0,544.0,Cash on Delivery,58,Delivered,3.4,Grill Masters 27,Delhi,Fast Food,3.2,150
2220,14,2024-02-14 16:24:00,3,303,0.0,40,343.0,UPI,41,Delivered,4.8,Curry Leaf 14,Pune,South Indian,3.2,150
2767,8,2024-02-14 16:49:00,4,534,80.1,49,502.9,Credit Card,48,Delivered,4.3,Urban Tadka 8,Hyderabad,Desserts,4.6,350
2623,42,2024-02-14 17:48:00,1,424,63.6,0,360.4,Cash on Delivery,41,Cancelled,3.2,Sizzle & Steam 42,Lucknow,Chinese,3.8,400
2131,43,2024-02-14 21:07:00,3,1093,0.0,49,1142.0,Cash on Delivery,47,Delivered,3.2,Grill Masters 43,Chennai,Continental,2.9,250
2159,45,2024-02-14 22:00:00,1,150,22.5,40,167.5,UPI,58,Cancelled,4.8,Royal Feast 45,Ahmedabad,Fast Food,3.3,250
4008,44,2024-02-14 23:08:00,1,118,11.8,20,126.2,Credit Card,46,Delivered,2.6,Tandoori Nights 44,Hyderabad,South Indian,4.7,150
3211,11,2024-02-14 23:56:00,1,396,0.0,20,416.0,Wallet,54,Delivered,4.9,Noodle Bar 11,Hyderabad,Chinese,2.8,600
4525,40,2024-02-15 11:40:00,4,536,0.0,0,536.0,Debit Card,60,Delivered,4.6,Dosa Corner 40,Mumbai,Fast Food,3.7,250
2461,44,2024-02-15 11:53:00,2,242,0.0,0,242.0,UPI,43,Cancelled,4.9,Tandoori Nights 44,Hyderabad,South Indian,4.7,150
4138,38,2024-02-15 12:19:00,3,1511,0.0,30,1541.0,Wallet,58,Delivered,3.2,Burger Barn 38,Kolkata,Biryani,3.0,600
2419,9,2024-02-15 12:39:00,3,767,0.0,30,797.0,UPI,55,Delivered,3.8,Curry Leaf 9,Pune,Bakery,4.1,200
4120,48,2024-02-15 13:45:00,3,1544,154.4,30,1419.6,Wallet,63,Cancelled,4.3,Burger Barn 48,Delhi,Italian,3.9,150
5620,19,2024-02-15 14:00:00,1,105,21.0,0,84.0,Debit Card,19,Cancelled,3.0,Spice Junction 19,Chennai,Desserts,3.7,150
2932,24,2024-02-15 15:10:00,4,729,72.9,20,676.1,Credit Card,40,Cancelled,4.8,Cafe Bliss 24,Delhi,Street Food,3.6,600
1757,19,2024-02-15 15:34:00,2,1025,205.0,0,820.0,Credit Card,43,Delivered,4.7,Spice Junction 19,Chennai,Desserts,3.7,150
3463,42,2024-02-15 17:22:00,4,1428,0.0,49,1477.0,Wallet,18,Delivered,3.9,Sizzle & Steam 42,Lucknow,Chinese,3.8,400
3456,42,2024-02-15 17:26:00,2,1029,154.35,49,923.65,Cash on Delivery,51,Delivered,5.0,Sizzle & Steam 42,Lucknow,Chinese,3.8,400
1279,23,2024-02-15 18:16:00,3,485,0.0,0,485.0,Wallet,21,Delivered,3.4,Noodle Bar 23,Lucknow,Desserts,3.4,150
2270,40,2024-02-15 18:28:00,4,1206,0.0,20,1226.0,Wallet,45,Cancelled,4.9,Dosa Corner 40,Mumbai,Fast Food,3.7,250
3886,19,2024-02-15 18:45:00,2,747,74.7,20,692.3,Credit Card,60,Delivered,4.0,Spice Junction 19,Chennai,Desserts,3.7,150
4168,31,2024-02-15 20:44:00,2,400,40.0,30,390.0,Debit Card,21,Delivered,4.3,Momo Magic 31,Jaipur,Continental,4.1,500
3854,46,2024-02-15 22:12:00,1,250,37.5,40,252.5,UPI,48,Delivered,3.2,Urban Tadka 46,Kolkata,Continental,4.2,350
4719,6,2024-02-16 10:04:00,1,443,0.0,30,473.0,Wallet,35,Delivered,3.4,Pizza Point 6,Mumbai,Desserts,3.1,800
1427,29,2024-02-16 10:05:00,3,1387,138.7,20,1268.3,Credit Card,45,Cancelled,4.5,Sweet Tooth 29,Kolkata,North Indian,4.0,500
2463,35,2024-02-16 10:46:00,4,1999,299.85,20,1719.15,Wallet,19,Delivered,4.4,Momo Magic 35,Hyderabad,Fast Food,4.8,150
2754,25,2024-02-16 12:30:00,4,1408,140.8,40,1307.2,Cash on Delivery,37,Delivered,3.6,Royal Feast 25,Jaipur,Biryani,3.8,250
5803,35,2024-02-16 13:46:00,4,2015,403.0,30,1642.0,Credit Card,43,Delivered,3.8,Momo Magic 35,Hyderabad,Fast Food,4.8,150
3805,35,2024-02-16 15:38:00,2,936,0.0,30,966.0,UPI,33,Cancelled,3.3,Momo Magic 35,Hyderabad,Fast Food,4.8,150
4386,2,2024-02-16 17:41:00,1,345,51.75,40,333.25,Cash on Delivery,30,Delivered,4.5,Spice Junction 2,Lucknow,Continental,4.8,200
2772,7,2024-02-16 17:46:00,3,1089,0.0,30,1119.0,Cash on Delivery,30,Delivered,4.2,Wok This Way 7,Bangalore,Street Food,2.9,600
4192,44,2024-02-16 17:51:00,1,164,32.8,49,180.2,Debit Card,62,Delivered,3.1,Tandoori Nights 44,Hyderabad,South Indian,4.7,150
2510,37,2024-02-16 17:56:00,2,829,0.0,20,849.0,Cash on Delivery,27,Cancelled,4.4,Curry Leaf 37,Chennai,Chinese,3.4,500
5990,29,2024-02-16 19:01:00,3,942,141.3,0,800.7,Debit Card,48,Delivered,3.0,Sweet Tooth 29,Kolkata,North Indian,4.0,500
1502,9,2024-02-16 20:29:00,2,432,86.4,20,365.6,Cash on Delivery,53,Delivered,4.1,Curry Leaf 9,Pune,Bakery,4.1,200
1686,50,2024-02-16 20:32:00,4,2027,0.0,49,2076.0,Cash on Delivery,61,Delivered,4.3,Urban Tadka 50,Delhi,Bakery,3.2,500
1325,1,2024-02-16 21:06:00,2,610,61.0,30,579.0,UPI,16,Cancelled,3.9,Wok This Way 1,Pune,Italian,3.6,200
5448,2,2024-02-17 08:14:00,2,612,91.8,20,540.2,Cash on Delivery,50,Cancelled,2.6,Spice Junction 2,Lucknow,Continental,4.8,200
3906,27,2024-02-17 14:55:00,1,126,25.2,49,149.8,UPI,17,Delivered,3.2,Grill Masters 27,Delhi,Fast Food,3.2,150
5203,35,2024-02-17 16:49:00,4,1423,0.0,0,1423.0,Debit Card,29,Delivered,3.3,Momo Magic 35,Hyderabad,Fast Food,4.8,150
4065,38,2024-02-17 17:33:00,4,540,0.0,20,560.0,UPI,58,Delivered,4.3,Burger Barn 38,Kolkata,Biryani,3.0,600
3589,45,2024-02-17 18:03:00,1,140,0.0,40,180.0,Credit Card,53,Cancelled,3.0,Royal Feast 45,Ahmedabad,Fast Food,3.3,250
5882,42,2024-02-17 18:24:00,3,1210,121.0,49,1138.0,Credit Card,57,Delivered,3.7,Sizzle & Steam 42,Lucknow,Chinese,3.8,400
5135,8,2024-02-17 19:45:00,1,237,0.0,0,237.0,UPI,17,Delivered,4.3,Urban Tadka 8,Hyderabad,Desserts,4.6,350
2792,22,2024-02-17 20:43:00,4,1417,0.0,20,1437.0,Wallet,22,Delivered,2.8,Urban Tadka 22,Mumbai,Desserts,3.1,250
2063,13,2024-02-17 22:40:00,2,609,0.0,20,629.0,Cash on Delivery,36,Delivered,2.9,Spice Junction 13,Kolkata,Biryani,4.5,800
5817,46,2024-02-17 23:22:00,2,998,0.0,49,1047.0,Credit Card,17,Cancelled,4.4,Urban Tadka 46,Kolkata,Continental,4.2,350
2083,9,2024-02-18 08:13:00,4,402,40.2,49,410.8,UPI,42,Delivered,2.8,Curry Leaf 9,Pune,Bakery,4.1,200
3877,19,2024-02-18 09:03:00,1,316,31.6,0,284.4,Cash on Delivery,20,Cancelled,2.9,Spice Junction 19,Chennai,Desserts,3.7,150
1907,47,2024-02-18 09:14:00,4,540,81.0,49,508.0,Credit Card,37,Delivered,4.7,Wok This Way 47,Ahmedabad,Street Food,3.5,250
5731,19,2024-02-18 09:39:00,2,305,0.0,40,345.0,UPI,29,Delivered,3.1,Spice Junction 19,Chennai,Desserts,3.7,150
2862,6,2024-02-18 10:59:00,2,504,75.6,49,477.4,UPI,58,Delivered,4.9,Pizza Point 6,Mumbai,Desserts,3.1,800
1026,7,2024-02-18 11:42:00,2,515,0.0,0,515.0,Cash on Delivery,18,Delivered,3.9,Wok This Way 7,Bangalore,Street Food,2.9,600
5918,39,2024-02-18 12:46:00,1,390,0.0,30,420.0,UPI,55,Delivered,3.8,Wok This Way 39,Pune,North Indian,4.2,350
3638,17,2024-02-18 13:34:00,4,1418,141.8,20,1296.2,Wallet,39,Delivered,4.9,Spicy Junction 17,Delhi,Chinese,3.4,800
2919,7,2024-02-18 14:30:00,1,314,0.0,20,334.0,Wallet,28,Delivered,4.2,Wok This Way 7,Bangalore,Street Food,2.9,600
4449,19,2024-02-18 18:40:00,4,1820,0.0,20,1840.0,Debit Card,52,Delivered,3.6,Spice Junction 19,Chennai,Desserts,3.7,150
5771,13,2024-02-18 19:58:00,2,1042,0.0,49,1091.0,Credit Card,30,Delivered,2.8,Spice Junction 13,Kolkata,Biryani,4.5,800
4992,9,2024-02-18 22:20:00,1,192,0.0,20,212.0,Cash on Delivery,30,Delivered,2.7,Curry Leaf 9,Pune,Bakery,4.1,200
5730,38,2024-02-18 22:21:00,3,548,109.6,0,438.4,UPI,59,Delivered,4.3,Burger Barn 38,Kolkata,Biryani,3.0,600
4228,20,2024-02-18 22:37:00,4,1805,0.0,30,1835.0,Cash on Delivery,62,Delivered,3.2,Urban Tadka 20,Hyderabad,Street Food,3.4,600
3952,6,2024-02-18 22:42:00,3,551,55.1,40,535.9,UPI,15,Delivered,3.4,Pizza Point 6,Mumbai,Desserts,3.1,800
2298,38,2024-02-19 08:13:00,3,548,109.6,30,468.4,UPI,18,Delivered,2.9,Burger Barn 38,Kolkata,Biryani,3.0,600
1354,5,2024-02-19 09:19:00,2,544,108.8,0,435.2,Debit Card,43,Delivered,4.5,Cafe Bliss 5,Hyderabad,Street Food,3.1,500
2293,38,2024-02-19 09:25:00,3,1390,0.0,40,1430.0,Credit Card,63,Delivered,4.2,Burger Barn 38,Kolkata,Biryani,3.0,600
2961,23,2024-02-19 10:02:00,2,640,64.0,30,606.0,Wallet,28,Delivered,4.3,Noodle Bar 23,Lucknow,Desserts,3.4,150
1894,26,2024-02-19 12:15:00,4,1015,152.25,49,911.75,Cash on Delivery,37,Delivered,2.8,Chaat Street 26,Hyderabad,Continental,4.4,250
4433,43,2024-02-19 13:46:00,1,151,15.1,49,184.9,Cash on Delivery,30,Cancelled,2.5,Grill Masters 43,Chennai,Continental,2.9,250
5594,49,2024-02-19 14:35:00,3,332,0.0,40,372.0,UPI,20,Delivered,3.0,Curry Leaf 49,Pune,Chinese,3.9,350
5632,10,2024-02-19 15:07:00,1,188,28.2,0,159.8,Credit Card,64,Cancelled,4.4,Chaat Street 10,Mumbai,Italian,4.3,350
5344,45,2024-02-19 15:13:00,3,791,0.0,49,840.0,UPI,29,Delivered,3.8,Royal Feast 45,Ahmedabad,Fast Food,3.3,250
5581,17,2024-02-19 15:19:00,3,632,0.0,49,681.0,Cash on Delivery,22,Delivered,3.2,Spicy Junction 17,Delhi,Chinese,3.4,800
5786,38,2024-02-19 16:54:00,1,303,30.3,0,272.7,Debit Card,63,Delivered,4.2,Burger Barn 38,Kolkata,Biryani,3.0,600
1701,2,2024-02-19 20:23:00,4,426,85.2,0,340.8,Cash on Delivery,43,Cancelled,2.6,Spice Junction 2,Lucknow,Continental,4.8,200
3741,49,2024-02-19 21:22:00,1,127,0.0,0,127.0,Cash on Delivery,44,Delivered,4.0,Curry Leaf 49,Pune,Chinese,3.9,350
2399,12,2024-02-19 23:08:00,3,311,0.0,0,311.0,Wallet,37,Cancelled,3.4,Tandoori Nights 12,Mumbai,Continental,4.8,800
4675,34,2024-02-20 09:15:00,2,397,59.55,40,377.45,Credit Card,33,Cancelled,4.5,Biryani House 34,Bangalore,South Indian,4.8,200
3712,16,2024-02-20 09:53:00,4,624,0.0,30,654.0,Debit Card,18,Delivered,3.9,Cafe Bliss 16,Chennai,South Indian,3.2,500
4812,4,2024-02-20 10:34:00,4,2041,204.1,49,1885.9,Debit Card,32,Cancelled,4.7,Cafe Bliss 4,Lucknow,Fast Food,4.1,600
3222,46,2024-02-20 12:13:00,4,1810,0.0,0,1810.0,Cash on Delivery,27,Delivered,3.7,Urban Tadka 46,Kolkata,Continental,4.2,350
4033,24,2024-02-20 12:41:00,1,449,0.0,49,498.0,Credit Card,53,Delivered,3.7,Cafe Bliss 24,Delhi,Street Food,3.6,600
2836,33,2024-02-20 13:03:00,2,423,0.0,20,443.0,Wallet,61,Delivered,3.3,Pizza Point 33,Chennai,Bakery,2.9,600
4136,43,2024-02-20 13:18:00,4,1031,103.1,0,927.9,Wallet,47,Delivered,4.1,Grill Masters 43,Chennai,Continental,2.9,250
1245,32,2024-02-20 14:40:00,3,1238,123.8,0,1114.2,Cash on Delivery,59,Delivered,4.3,Grill Masters 32,Hyderabad,Fast Food,3.2,800
2642,2,2024-02-20 14:46:00,3,1217,0.0,49,1266.0,Debit Card,64,Delivered,2.9,Spice Junction 2,Lucknow,Continental,4.8,200
3677,8,2024-02-20 14:58:00,3,1243,124.3,30,1148.7,Debit Card,20,Delivered,3.9,Urban Tadka 8,Hyderabad,Desserts,4.6,350
3484,25,2024-02-20 15:47:00,1,400,0.0,49,449.0,Wallet,49,Cancelled,2.8,Royal Feast 25,Jaipur,Biryani,3.8,250
3365,50,2024-02-20 16:41:00,4,1410,141.0,30,1299.0,Debit Card,50,Delivered,4.9,Urban Tadka 50,Delhi,Bakery,3.2,500
1557,25,2024-02-20 18:50:00,1,376,0.0,30,406.0,Wallet,43,Delivered,4.4,Royal Feast 25,Jaipur,Biryani,3.8,250
4697,11,2024-02-20 20:14:00,1,141,14.1,0,126.9,Credit Card,62,Delivered,4.0,Noodle Bar 11,Hyderabad,Chinese,2.8,600
5982,18,2024-02-20 20:37:00,2,531,53.1,49,526.9,Cash on Delivery,52,Cancelled,3.3,Sizzle & Steam 18,Chennai,Chinese,3.9,600
2072,44,2024-02-20 22:01:00,2,719,0.0,40,759.0,Wallet,21,Delivered,4.7,Tandoori Nights 44,Hyderabad,South Indian,4.7,150
1383,49,2024-02-20 23:39:00,2,382,0.0,49,431.0,Credit Card,35,Delivered,3.5,Curry Leaf 49,Pune,Chinese,3.9,350
1531,36,2024-02-21 09:42:00,4,1418,283.6,40,1174.4,Wallet,39,Delivered,2.7,Wok This Way 36,Bangalore,Desserts,4.5,500
2101,15,2024-02-21 12:48:00,3,927,139.05,49,836.95,Wallet,43,Delivered,2.8,Biryani House 15,Ahmedabad,North Indian,3.2,800
5563,20,2024-02-21 12:55:00,1,153,0.0,40,193.0,Cash on Delivery,23,Delivered,3.5,Urban Tadka 20,Hyderabad,Street Food,3.4,600
2467,13,2024-02-21 13:55:00,4,1240,0.0,40,1280.0,Wallet,42,Delivered,3.9,Spice Junction 13,Kolkata,Biryani,4.5,800
2232,19,2024-02-21 15:42:00,2,323,32.3,49,339.7,Cash on Delivery,33,Delivered,3.4,Spice Junction 19,Chennai,Desserts,3.7,150
2464,42,2024-02-21 16:41:00,2,821,82.1,0,738.9,UPI,19,Cancelled,3.7,Sizzle & Steam 42,Lucknow,Chinese,3.8,400
2827,28,2024-02-21 16:51:00,4,634,95.1,20,558.9,Debit Card,28,Cancelled,3.5,Spice Junction 28,Ahmedabad,Continental,3.9,350
2254,44,2024-02-21 18:19:00,3,412,0.0,49,461.0,Cash on Delivery,50,Delivered,2.7,Tandoori Nights 44,Hyderabad,South Indian,4.7,150
3452,42,2024-02-21 20:49:00,3,779,116.85,49,711.15,Cash on Delivery,27,Delivered,4.9,Sizzle & Steam 42,Lucknow,Chinese,3.8,400
5890,28,2024-02-21 20:51:00,2,919,91.9,0,827.1,Cash on Delivery,55,Delivered,4.3,Spice Junction 28,Ahmedabad,Continental,3.9,350
1313,42,2024-02-21 22:06:00,2,427,0.0,30,457.0,Debit Card,40,Delivered,4.1,Sizzle & Steam 42,Lucknow,Chinese,3.8,400
5864,37,2024-02-21 23:35:00,2,904,0.0,20,924.0,Cash on Delivery,36,Delivered,2.5,Curry Leaf 37,Chennai,Chinese,3.4,500
2379,17,2024-02-22 08:32:00,3,626,0.0,49,675.0,UPI,21,Delivered,3.1,Spicy Junction 17,Delhi,Chinese,3.4,800
4235,47,2024-02-22 09:35:00,1,153,0.0,0,153.0,Credit Card,61,Delivered,3.3,Wok This Way 47,Ahmedabad,Street Food,3.5,250
2146,40,2024-02-22 11:14:00,4,2032,0.0,40,2072.0,Credit Card,21,Delivered,4.3,Dosa Corner 40,Mumbai,Fast Food,3.7,250
1547,20,2024-02-22 11:18:00,4,534,0.0,30,564.0,UPI,28,Delivered,4.5,Urban Tadka 20,Hyderabad,Street Food,3.4,600
2091,1,2024-02-22 11:20:00,4,605,60.5,49,593.5,Debit Card,59,Delivered,4.9,Wok This Way 1,Pune,Italian,3.6,200
1488,45,2024-02-22 12:16:00,4,612,61.2,49,599.8,Debit Card,50,Delivered,4.6,Royal Feast 45,Ahmedabad,Fast Food,3.3,250
2005,29,2024-02-22 13:23:00,3,935,140.25,40,834.75,Credit Card,36,Delivered,3.2,Sweet Tooth 29,Kolkata,North Indian,4.0,500
2904,18,2024-02-22 17:17:00,1,174,0.0,0,174.0,Cash on Delivery,20,Delivered,3.8,Sizzle & Steam 18,Chennai,Chinese,3.9,600
1507,7,2024-02-22 18:45:00,4,625,0.0,40,665.0,Cash on Delivery,50,Delivered,3.8,Wok This Way 7,Bangalore,Street Food,2.9,600
2428,39,2024-02-22 20:32:00,1,133,0.0,40,173.0,Credit Card,15,Delivered,4.5,Wok This Way 39,Pune,North Indian,4.2,350
3263,22,2024-02-22 20:52:00,3,1081,0.0,20,1101.0,UPI,36,Delivered,2.9,Urban Tadka 22,Mumbai,Desserts,3.1,250
3476,27,2024-02-23 09:59:00,1,143,28.6,30,144.4,Debit Card,39,Delivered,4.4,Grill Masters 27,Delhi,Fast Food,3.2,150
5069,6,2024-02-23 10:41:00,3,1053,210.6,30,872.4,UPI,39,Delivered,3.2,Pizza Point 6,Mumbai,Desserts,3.1,800
2452,29,2024-02-23 11:18:00,3,939,0.0,20,959.0,UPI,18,Delivered,4.0,Sweet Tooth 29,Kolkata,North Indian,4.0,500
4364,15,2024-02-23 13:02:00,1,464,69.6,30,424.4,Credit Card,24,Delivered,4.1,Biryani House 15,Ahmedabad,North Indian,3.2,800
1275,46,2024-02-23 13:21:00,3,470,70.5,40,439.5,Credit Card,25,Cancelled,3.5,Urban Tadka 46,Kolkata,Continental,4.2,350
4028,42,2024-02-23 13:40:00,2,261,0.0,30,291.0,Wallet,40,Delivered,4.5,Sizzle & Steam 42,Lucknow,Chinese,3.8,400
2984,35,2024-02-23 13:50:00,2,1018,152.7,49,914.3,Cash on Delivery,28,Delivered,3.3,Momo Magic 35,Hyderabad,Fast Food,4.8,150
2607,13,2024-02-23 14:34:00,4,1011,0.0,49,1060.0,UPI,40,Delivered,4.5,Spice Junction 13,Kolkata,Biryani,4.5,800
4901,18,2024-02-23 16:58:00,3,490,0.0,0,490.0,Cash on Delivery,33,Cancelled,3.7,Sizzle & Steam 18,Chennai,Chinese,3.9,600
5009,3,2024-02-23 17:24:00,4,1610,241.5,40,1408.5,Credit Card,27,Delivered,4.3,Grill Masters 3,Chennai,Continental,4.3,300
5211,19,2024-02-23 18:13:00,4,805,80.5,20,744.5,Cash on Delivery,43,Delivered,4.0,Spice Junction 19,Chennai,Desserts,3.7,150
3696,4,2024-02-23 20:28:00,3,793,158.6,30,664.4,Credit Card,35,Cancelled,3.3,Cafe Bliss 4,Lucknow,Fast Food,4.1,600
5707,49,2024-02-23 21:44:00,2,717,0.0,49,766.0,UPI,32,Cancelled,3.9,Curry Leaf 49,Pune,Chinese,3.9,350
3373,44,2024-02-23 22:22:00,1,535,0.0,49,584.0,Cash on Delivery,43,Delivered,4.9,Tandoori Nights 44,Hyderabad,South Indian,4.7,150
5345,29,2024-02-23 23:01:00,3,326,0.0,20,346.0,Debit Card,18,Delivered,4.9,Sweet Tooth 29,Kolkata,North Indian,4.0,500
2554,38,2024-02-24 08:24:00,3,543,0.0,20,563.0,Credit Card,21,Cancelled,3.2,Burger Barn 38,Kolkata,Biryani,3.0,600
2522,4,2024-02-24 09:57:00,1,423,0.0,40,463.0,Credit Card,31,Delivered,4.5,Cafe Bliss 4,Lucknow,Fast Food,4.1,600
1932,37,2024-02-24 10:00:00,4,829,82.9,40,786.1,Debit Card,43,Cancelled,4.5,Curry Leaf 37,Chennai,Chinese,3.4,500
4963,19,2024-02-24 10:13:00,1,288,28.8,20,279.2,Credit Card,60,Cancelled,3.2,Spice Junction 19,Chennai,Desserts,3.7,150
2778,20,2024-02-24 10:32:00,4,1220,0.0,30,1250.0,Credit Card,45,Cancelled,4.8,Urban Tadka 20,Hyderabad,Street Food,3.4,600
3441,23,2024-02-24 11:31:00,2,839,0.0,30,869.0,UPI,51,Delivered,3.7,Noodle Bar 23,Lucknow,Desserts,3.4,150
2333,40,2024-02-24 11:50:00,4,1614,0.0,40,1654.0,Credit Card,41,Delivered,4.5,Dosa Corner 40,Mumbai,Fast Food,3.7,250
2802,30,2024-02-24 11:58:00,3,1374,0.0,20,1394.0,Credit Card,28,Delivered,3.3,Noodle Bar 30,Pune,South Indian,2.9,800
1072,49,2024-02-24 12:17:00,1,171,17.1,40,193.9,Wallet,51,Delivered,3.0,Curry Leaf 49,Pune,Chinese,3.9,350
1952,35,2024-02-24 12:19:00,3,1066,0.0,49,1115.0,Debit Card,51,Delivered,4.3,Momo Magic 35,Hyderabad,Fast Food,4.8,150
4808,9,2024-02-24 12:40:00,2,319,0.0,20,339.0,Credit Card,42,Delivered,2.6,Curry Leaf 9,Pune,Bakery,4.1,200
2186,46,2024-02-24 13:28:00,2,526,0.0,20,546.0,Debit Card,52,Delivered,3.0,Urban Tadka 46,Kolkata,Continental,4.2,350
4440,17,2024-02-24 19:20:00,3,1377,0.0,49,1426.0,UPI,46,Delivered,2.6,Spicy Junction 17,Delhi,Chinese,3.4,800
2982,28,2024-02-24 19:43:00,1,176,0.0,40,216.0,Debit Card,50,Delivered,4.4,Spice Junction 28,Ahmedabad,Continental,3.9,350
1136,48,2024-02-24 21:14:00,1,299,0.0,49,348.0,UPI,61,Delivered,5.0,Burger Barn 48,Delhi,Italian,3.9,150
2720,41,2024-02-25 08:12:00,3,393,39.3,49,402.7,UPI,29,Delivered,4.4,Dosa Corner 41,Hyderabad,Continental,3.1,600
3061,23,2024-02-25 08:18:00,4,421,84.2,40,376.8,Wallet,62,Delivered,4.6,Noodle Bar 23,Lucknow,Desserts,3.4,150
3662,21,2024-02-25 09:50:00,1,209,41.8,30,197.2,Debit Card,52,Delivered,3.6,Biryani House 21,Pune,South Indian,4.1,600
5522,2,2024-02-25 10:32:00,3,1387,0.0,30,1417.0,Wallet,39,Delivered,4.9,Spice Junction 2,Lucknow,Continental,4.8,200
2659,24,2024-02-25 13:41:00,4,1644,246.6,0,1397.4,Wallet,22,Delivered,4.0,Cafe Bliss 24,Delhi,Street Food,3.6,600
1031,45,2024-02-25 15:12:00,1,135,0.0,30,165.0,Cash on Delivery,45,Cancelled,4.8,Royal Feast 45,Ahmedabad,Fast Food,3.3,250
1747,40,2024-02-25 15:15:00,3,555,83.25,40,511.75,Wallet,29,Delivered,4.0,Dosa Corner 40,Mumbai,Fast Food,3.7,250
1437,49,2024-02-25 19:54:00,4,599,119.8,20,499.2,Wallet,59,Delivered,2.9,Curry Leaf 49,Pune,Chinese,3.9,350
3280,37,2024-02-25 20:20:00,4,1223,0.0,49,1272.0,Credit Card,54,Delivered,3.2,Curry Leaf 37,Chennai,Chinese,3.4,500
5145,47,2024-02-25 20:27:00,4,729,0.0,30,759.0,UPI,19,Delivered,3.5,Wok This Way 47,Ahmedabad,Street Food,3.5,250
5489,14,2024-02-25 20:46:00,1,130,19.5,40,150.5,UPI,53,Delivered,3.9,Curry Leaf 14,Pune,South Indian,3.2,150
5016,40,2024-02-25 20:49:00,1,160,0.0,49,209.0,Credit Card,38,Cancelled,3.8,Dosa Corner 40,Mumbai,Fast Food,3.7,250
1692,30,2024-02-25 21:08:00,3,623,0.0,30,653.0,Cash on Delivery,58,Delivered,4.6,Noodle Bar 30,Pune,South Indian,2.9,800
1107,3,2024-02-25 21:22:00,1,298,44.7,20,273.3,Wallet,64,Cancelled,2.7,Grill Masters 3,Chennai,Continental,4.3,300
3951,36,2024-02-25 21:26:00,1,301,0.0,20,321.0,Credit Card,25,Cancelled,4.3,Wok This Way 36,Bangalore,Desserts,4.5,500
3114,50,2024-02-25 22:29:00,2,447,89.4,49,406.6,Debit Card,64,Delivered,3.4,Urban Tadka 50,Delhi,Bakery,3.2,500
5288,35,2024-02-26 08:31:00,1,174,17.4,49,205.6,Credit Card,51,Delivered,3.6,Momo Magic 35,Hyderabad,Fast Food,4.8,150
4069,32,2024-02-26 09:53:00,1,246,24.6,40,261.4,Cash on Delivery,57,Delivered,3.0,Grill Masters 32,Hyderabad,Fast Food,3.2,800
4925,36,2024-02-26 09:58:00,3,1354,0.0,30,1384.0,Cash on Delivery,55,Delivered,4.2,Wok This Way 36,Bangalore,Desserts,4.5,500
5602,16,2024-02-26 11:28:00,2,230,0.0,49,279.0,Wallet,18,Delivered,3.3,Cafe Bliss 16,Chennai,South Indian,3.2,500
4767,10,2024-02-26 11:50:00,2,361,0.0,20,381.0,Wallet,63,Delivered,3.2,Chaat Street 10,Mumbai,Italian,4.3,350
4943,47,2024-02-26 12:03:00,2,631,63.1,40,607.9,Wallet,33,Delivered,2.8,Wok This Way 47,Ahmedabad,Street Food,3.5,250
4373,20,2024-02-26 12:34:00,2,1009,100.9,49,957.1,Cash on Delivery,37,Cancelled,4.6,Urban Tadka 20,Hyderabad,Street Food,3.4,600
3382,22,2024-02-26 13:16:00,1,429,0.0,30,459.0,Cash on Delivery,37,Delivered,3.7,Urban Tadka 22,Mumbai,Desserts,3.1,250
5223,43,2024-02-26 15:01:00,2,502,100.4,20,421.6,Cash on Delivery,48,Cancelled,4.2,Grill Masters 43,Chennai,Continental,2.9,250
4892,11,2024-02-26 15:06:00,4,552,0.0,30,582.0,Cash on Delivery,42,Cancelled,3.8,Noodle Bar 11,Hyderabad,Chinese,2.8,600
5968,48,2024-02-26 17:11:00,1,487,0.0,30,517.0,Wallet,35,Delivered,4.4,Burger Barn 48,Delhi,Italian,3.9,150
3483,10,2024-02-26 18:14:00,3,634,0.0,20,654.0,UPI,38,Delivered,2.6,Chaat Street 10,Mumbai,Italian,4.3,350
2252,9,2024-02-26 19:04:00,4,1610,0.0,40,1650.0,Cash on Delivery,64,Delivered,3.0,Curry Leaf 9,Pune,Bakery,4.1,200
4693,36,2024-02-26 21:04:00,3,1051,0.0,30,1081.0,UPI,63,Cancelled,3.3,Wok This Way 36,Bangalore,Desserts,4.5,500
1568,21,2024-02-26 23:38:00,4,417,0.0,40,457.0,Debit Card,59,Cancelled,2.7,Biryani House 21,Pune,South Indian,4.1,600
3730,20,2024-02-26 23:42:00,3,1363,136.3,30,1256.7,Debit Card,51,Cancelled,4.8,Urban Tadka 20,Hyderabad,Street Food,3.4,600
3975,16,2024-02-27 08:44:00,3,1242,248.4,40,1033.6,Debit Card,39,Delivered,4.3,Cafe Bliss 16,Chennai,South Indian,3.2,500
1822,39,2024-02-27 09:51:00,4,1426,285.2,30,1170.8,UPI,55,Delivered,4.7,Wok This Way 39,Pune,North Indian,4.2,350
4594,49,2024-02-27 10:21:00,2,407,81.4,20,345.6,Debit Card,17,Delivered,5.0,Curry Leaf 49,Pune,Chinese,3.9,350
4802,1,2024-02-27 11:42:00,2,301,45.15,40,295.85,Cash on Delivery,54,Delivered,4.2,Wok This Way 1,Pune,Italian,3.6,200
3340,46,2024-02-27 13:58:00,3,1070,160.5,40,949.5,Debit Card,57,Delivered,4.9,Urban Tadka 46,Kolkata,Continental,4.2,350
3683,28,2024-02-27 18:07:00,4,1043,0.0,40,1083.0,Debit Card,55,Delivered,4.6,Spice Junction 28,Ahmedabad,Continental,3.9,350
3814,39,2024-02-27 18:34:00,4,1230,123.0,20,1127.0,Wallet,16,Delivered,4.5,Wok This Way 39,Pune,North Indian,4.2,350
3260,42,2024-02-27 19:30:00,4,1815,0.0,0,1815.0,UPI,61,Delivered,2.9,Sizzle & Steam 42,Lucknow,Chinese,3.8,400
5915,48,2024-02-27 19:46:00,1,286,57.2,30,258.8,UPI,57,Delivered,4.6,Burger Barn 48,Delhi,Italian,3.9,150
1003,27,2024-02-27 19:56:00,3,763,152.6,0,610.4,Debit Card,30,Delivered,3.4,Grill Masters 27,Delhi,Fast Food,3.2,150
4891,34,2024-02-27 23:10:00,4,1800,0.0,40,1840.0,Wallet,29,Cancelled,4.6,Biryani House 34,Bangalore,South Indian,4.8,200
3235,49,2024-02-28 08:39:00,2,408,0.0,0,408.0,UPI,35,Cancelled,4.7,Curry Leaf 49,Pune,Chinese,3.9,350
1622,47,2024-02-28 08:47:00,4,620,93.0,30,557.0,Debit Card,54,Delivered,3.4,Wok This Way 47,Ahmedabad,Street Food,3.5,250
5515,10,2024-02-28 09:11:00,2,377,0.0,20,397.0,Credit Card,52,Cancelled,3.0,Chaat Street 10,Mumbai,Italian,4.3,350
1405,13,2024-02-28 10:30:00,2,941,94.1,30,876.9,Cash on Delivery,34,Delivered,4.1,Spice Junction 13,Kolkata,Biryani,4.5,800
2453,22,2024-02-28 11:31:00,1,196,0.0,0,196.0,Cash on Delivery,59,Delivered,4.8,Urban Tadka 22,Mumbai,Desserts,3.1,250
1181,21,2024-02-28 14:29:00,3,776,77.6,49,747.4,Cash on Delivery,22,Delivered,2.6,Biryani House 21,Pune,South Indian,4.1,600
1963,30,2024-02-28 14:37:00,4,2005,200.5,40,1844.5,Credit Card,40,Delivered,4.8,Noodle Bar 30,Pune,South Indian,2.9,800
4018,24,2024-02-28 15:07:00,2,1012,0.0,0,1012.0,Cash on Delivery,30,Cancelled,3.5,Cafe Bliss 24,Delhi,Street Food,3.6,600
1256,33,2024-02-28 15:41:00,4,839,125.85,0,713.15,Debit Card,48,Cancelled,5.0,Pizza Point 33,Chennai,Bakery,2.9,600
2007,30,2024-02-28 16:42:00,2,540,0.0,40,580.0,Cash on Delivery,64,Cancelled,3.4,Noodle Bar 30,Pune,South Indian,2.9,800
2035,29,2024-02-28 16:49:00,3,459,0.0,49,508.0,Credit Card,37,Delivered,3.9,Sweet Tooth 29,Kolkata,North Indian,4.0,500
2010,36,2024-02-28 19:22:00,3,898,0.0,30,928.0,UPI,22,Delivered,2.9,Wok This Way 36,Bangalore,Desserts,4.5,500
5637,6,2024-02-28 19:44:00,1,150,0.0,0,150.0,UPI,50,Delivered,5.0,Pizza Point 6,Mumbai,Desserts,3.1,800
1475,31,2024-02-28 20:01:00,4,1639,163.9,0,1475.1,UPI,60,Delivered,3.6,Momo Magic 31,Jaipur,Continental,4.1,500
2596,17,2024-02-28 20:16:00,3,319,47.85,49,320.15,Cash on Delivery,34,Cancelled,3.4,Spicy Junction 17,Delhi,Chinese,3.4,800
3537,15,2024-02-28 23:47:00,2,271,40.65,0,230.35,Wallet,57,Cancelled,3.7,Biryani House 15,Ahmedabad,North Indian,3.2,800
3353,4,2024-02-29 09:10:00,4,626,0.0,30,656.0,Wallet,36,Delivered,4.2,Cafe Bliss 4,Lucknow,Fast Food,4.1,600
4518,27,2024-02-29 10:41:00,2,308,0.0,49,357.0,Debit Card,38,Delivered,4.2,Grill Masters 27,Delhi,Fast Food,3.2,150
3479,18,2024-02-29 10:57:00,3,796,159.2,30,666.8,Wallet,29,Delivered,3.2,Sizzle & Steam 18,Chennai,Chinese,3.9,600
2470,32,2024-02-29 11:54:00,4,1021,204.2,20,836.8,Wallet,23,Delivered,3.8,Grill Masters 32,Hyderabad,Fast Food,3.2,800
3982,9,2024-02-29 13:57:00,1,350,0.0,20,370.0,Debit Card,29,Delivered,3.9,Curry Leaf 9,Pune,Bakery,4.1,200
2786,44,2024-02-29 16:04:00,3,462,0.0,49,511.0,Credit Card,26,Delivered,2.6,Tandoori Nights 44,Hyderabad,South Indian,4.7,150
1105,16,2024-02-29 16:11:00,2,524,52.4,0,471.6,Debit Card,49,Delivered,3.0,Cafe Bliss 16,Chennai,South Indian,3.2,500
4593,49,2024-02-29 17:05:00,3,1543,0.0,40,1583.0,Debit Card,58,Delivered,4.4,Curry Leaf 49,Pune,Chinese,3.9,350
4596,5,2024-02-29 19:08:00,2,545,0.0,40,585.0,UPI,50,Delivered,3.2,Cafe Bliss 5,Hyderabad,Street Food,3.1,500
2550,24,2024-02-29 19:35:00,1,225,0.0,30,255.0,Cash on Delivery,29,Delivered,3.1,Cafe Bliss 24,Delhi,Street Food,3.6,600
2444,40,2024-02-29 21:28:00,3,1240,0.0,20,1260.0,Wallet,60,Delivered,4.9,Dosa Corner 40,Mumbai,Fast Food,3.7,250
3901,6,2024-02-29 23:02:00,2,645,96.75,30,578.25,UPI,54,Cancelled,4.2,Pizza Point 6,Mumbai,Desserts,3.1,800
3181,28,2024-03-01 08:29:00,1,103,20.6,30,112.4,Debit Card,25,Delivered,4.2,Spice Junction 28,Ahmedabad,Continental,3.9,350
3859,7,2024-03-01 08:45:00,4,420,0.0,49,469.0,Cash on Delivery,58,Delivered,2.8,Wok This Way 7,Bangalore,Street Food,2.9,600
4331,30,2024-03-01 10:23:00,4,750,0.0,49,799.0,Debit Card,35,Cancelled,2.6,Noodle Bar 30,Pune,South Indian,2.9,800
1293,15,2024-03-01 12:31:00,1,140,0.0,0,140.0,Debit Card,20,Cancelled,2.7,Biryani House 15,Ahmedabad,North Indian,3.2,800
3428,33,2024-03-01 14:51:00,2,401,0.0,20,421.0,UPI,18,Cancelled,3.7,Pizza Point 33,Chennai,Bakery,2.9,600
4029,7,2024-03-01 14:58:00,2,535,80.25,49,503.75,Cash on Delivery,64,Delivered,2.9,Wok This Way 7,Bangalore,Street Food,2.9,600
3655,45,2024-03-01 15:08:00,4,819,122.85,40,736.15,Debit Card,15,Delivered,4.7,Royal Feast 45,Ahmedabad,Fast Food,3.3,250
2042,31,2024-03-01 15:13:00,1,223,0.0,49,272.0,Credit Card,59,Delivered,2.9,Momo Magic 31,Jaipur,Continental,4.1,500
4641,45,2024-03-01 15:25:00,3,775,0.0,20,795.0,Debit Card,54,Cancelled,3.6,Royal Feast 45,Ahmedabad,Fast Food,3.3,250
3664,31,2024-03-01 16:02:00,1,457,0.0,0,457.0,Wallet,23,Delivered,2.6,Momo Magic 31,Jaipur,Continental,4.1,500
5589,26,2024-03-01 17:17:00,3,301,45.15,40,295.85,Debit Card,35,Cancelled,4.4,Chaat Street 26,Hyderabad,Continental,4.4,250
1784,43,2024-03-01 17:23:00,1,422,84.4,20,357.6,Cash on Delivery,47,Delivered,3.3,Grill Masters 43,Chennai,Continental,2.9,250
4638,13,2024-03-01 18:37:00,3,919,0.0,20,939.0,Debit Card,35,Cancelled,3.1,Spice Junction 13,Kolkata,Biryani,4.5,800
5445,17,2024-03-01 19:22:00,2,707,141.4,30,595.6,Debit Card,37,Delivered,4.8,Spicy Junction 17,Delhi,Chinese,3.4,800
3723,25,2024-03-01 20:28:00,2,514,0.0,30,544.0,Debit Card,55,Delivered,4.2,Royal Feast 25,Jaipur,Biryani,3.8,250
4820,14,2024-03-01 21:04:00,4,439,43.9,49,444.1,UPI,34,Delivered,2.7,Curry Leaf 14,Pune,South Indian,3.2,150
1781,22,2024-03-01 22:19:00,2,620,0.0,30,650.0,Wallet,22,Delivered,3.3,Urban Tadka 22,Mumbai,Desserts,3.1,250
2406,32,2024-03-01 23:03:00,4,717,71.7,0,645.3,Credit Card,20,Delivered,4.7,Grill Masters 32,Hyderabad,Fast Food,3.2,800
5412,47,2024-03-01 23:14:00,3,404,0.0,20,424.0,Credit Card,15,Cancelled,3.7,Wok This Way 47,Ahmedabad,Street Food,3.5,250
2506,49,2024-03-01 23:47:00,3,332,0.0,49,381.0,Cash on Delivery,51,Cancelled,3.7,Curry Leaf 49,Pune,Chinese,3.9,350
4145,48,2024-03-02 09:12:00,3,1523,0.0,20,1543.0,Credit Card,44,Delivered,4.3,Burger Barn 48,Delhi,Italian,3.9,150
2191,32,2024-03-02 10:10:00,4,534,0.0,40,574.0,Wallet,62,Delivered,4.8,Grill Masters 32,Hyderabad,Fast Food,3.2,800
3379,23,2024-03-02 10:54:00,1,465,0.0,0,465.0,UPI,41,Delivered,4.5,Noodle Bar 23,Lucknow,Desserts,3.4,150
5169,5,2024-03-02 11:28:00,2,925,0.0,49,974.0,Wallet,24,Delivered,4.9,Cafe Bliss 5,Hyderabad,Street Food,3.1,500
3445,6,2024-03-02 12:20:00,2,238,47.6,30,220.4,Debit Card,52,Delivered,2.6,Pizza Point 6,Mumbai,Desserts,3.1,800
4783,26,2024-03-02 12:25:00,1,163,0.0,20,183.0,Wallet,23,Delivered,4.9,Chaat Street 26,Hyderabad,Continental,4.4,250
1223,37,2024-03-02 13:12:00,3,465,0.0,40,505.0,Debit Card,17,Delivered,3.2,Curry Leaf 37,Chennai,Chinese,3.4,500
1222,41,2024-03-02 14:20:00,3,571,114.2,20,476.8,Wallet,61,Delivered,2.6,Dosa Corner 41,Hyderabad,Continental,3.1,600
4439,41,2024-03-02 15:13:00,4,1821,364.2,0,1456.8,Cash on Delivery,31,Delivered,4.2,Dosa Corner 41,Hyderabad,Continental,3.1,600
1052,27,2024-03-02 15:37:00,1,158,0.0,0,158.0,Cash on Delivery,15,Delivered,2.7,Grill Masters 27,Delhi,Fast Food,3.2,150
3014,28,2024-03-02 15:47:00,2,289,0.0,20,309.0,UPI,21,Delivered,2.9,Spice Junction 28,Ahmedabad,Continental,3.9,350
3448,43,2024-03-02 16:09:00,2,258,25.8,40,272.2,UPI,16,Delivered,3.4,Grill Masters 43,Chennai,Continental,2.9,250
3624,29,2024-03-02 16:31:00,2,916,183.2,0,732.8,UPI,17,Delivered,4.6,Sweet Tooth 29,Kolkata,North Indian,4.0,500
3628,40,2024-03-02 19:32:00,3,751,112.65,20,658.35,Cash on Delivery,43,Delivered,4.7,Dosa Corner 40,Mumbai,Fast Food,3.7,250
2188,33,2024-03-02 19:49:00,1,242,24.2,49,266.8,Credit Card,38,Delivered,2.7,Pizza Point 33,Chennai,Bakery,2.9,600
5362,47,2024-03-02 20:00:00,3,758,113.7,40,684.3,UPI,24,Delivered,3.7,Wok This Way 47,Ahmedabad,Street Food,3.5,250
2526,45,2024-03-02 20:13:00,2,320,0.0,20,340.0,Debit Card,20,Delivered,3.2,Royal Feast 45,Ahmedabad,Fast Food,3.3,250
5561,33,2024-03-02 21:16:00,2,840,168.0,0,672.0,UPI,40,Delivered,3.2,Pizza Point 33,Chennai,Bakery,2.9,600
2088,22,2024-03-02 21:44:00,4,1997,199.7,49,1846.3,Cash on Delivery,28,Delivered,2.6,Urban Tadka 22,Mumbai,Desserts,3.1,250
2814,41,2024-03-02 22:20:00,4,1403,0.0,20,1423.0,Wallet,52,Delivered,4.9,Dosa Corner 41,Hyderabad,Continental,3.1,600
1566,21,2024-03-03 09:15:00,2,413,41.3,30,401.7,Wallet,24,Delivered,2.9,Biryani House 21,Pune,South Indian,4.1,600
5540,27,2024-03-03 09:38:00,2,318,47.7,49,319.3,Debit Card,46,Delivered,4.2,Grill Masters 27,Delhi,Fast Food,3.2,150
4169,27,2024-03-03 12:46:00,4,610,61.0,0,549.0,Credit Card,36,Delivered,3.5,Grill Masters 27,Delhi,Fast Food,3.2,150
5710,32,2024-03-03 13:12:00,2,627,0.0,49,676.0,Cash on Delivery,54,Delivered,2.8,Grill Masters 32,Hyderabad,Fast Food,3.2,800
5127,42,2024-03-03 14:38:00,2,398,0.0,0,398.0,Cash on Delivery,46,Delivered,4.3,Sizzle & Steam 42,Lucknow,Chinese,3.8,400
4561,15,2024-03-03 16:44:00,1,464,0.0,20,484.0,UPI,19,Cancelled,3.5,Biryani House 15,Ahmedabad,North Indian,3.2,800
3806,32,2024-03-03 18:21:00,2,844,84.4,30,789.6,Wallet,29,Delivered,4.6,Grill Masters 32,Hyderabad,Fast Food,3.2,800
4107,12,2024-03-03 19:04:00,3,425,0.0,40,465.0,Credit Card,51,Delivered,4.2,Tandoori Nights 12,Mumbai,Continental,4.8,800
1431,36,2024-03-03 21:22:00,4,765,0.0,0,765.0,Cash on Delivery,37,Delivered,3.4,Wok This Way 36,Bangalore,Desserts,4.5,500
1390,50,2024-03-03 22:05:00,3,1246,0.0,0,1246.0,Wallet,16,Delivered,4.1,Urban Tadka 50,Delhi,Bakery,3.2,500
1139,1,2024-03-03 22:08:00,1,179,35.8,40,183.2,Credit Card,36,Delivered,4.5,Wok This Way 1,Pune,Italian,3.6,200
4229,16,2024-03-04 10:03:00,1,175,35.0,40,180.0,Cash on Delivery,47,Cancelled,3.2,Cafe Bliss 16,Chennai,South Indian,3.2,500
3132,38,2024-03-04 10:07:00,3,1526,228.9,0,1297.1,Cash on Delivery,43,Delivered,4.4,Burger Barn 38,Kolkata,Biryani,3.0,600
2073,36,2024-03-04 13:28:00,1,373,0.0,40,413.0,UPI,24,Delivered,4.5,Wok This Way 36,Bangalore,Desserts,4.5,500
4699,47,2024-03-04 13:33:00,1,388,58.2,49,378.8,UPI,33,Delivered,4.4,Wok This Way 47,Ahmedabad,Street Food,3.5,250
3667,11,2024-03-04 14:37:00,4,534,53.4,40,520.6,Wallet,29,Delivered,4.6,Noodle Bar 11,Hyderabad,Chinese,2.8,600
4544,28,2024-03-04 16:04:00,2,712,106.8,0,605.2,Wallet,56,Delivered,4.5,Spice Junction 28,Ahmedabad,Continental,3.9,350
4667,39,2024-03-04 17:23:00,1,384,0.0,20,404.0,Debit Card,56,Delivered,4.4,Wok This Way 39,Pune,North Indian,4.2,350
1115,32,2024-03-04 17:32:00,1,128,19.2,30,138.8,Wallet,39,Cancelled,3.7,Grill Masters 32,Hyderabad,Fast Food,3.2,800
1596,8,2024-03-04 19:27:00,2,734,73.4,40,700.6,UPI,56,Delivered,3.1,Urban Tadka 8,Hyderabad,Desserts,4.6,350
4185,50,2024-03-04 19:52:00,1,501,0.0,40,541.0,Wallet,42,Delivered,3.1,Urban Tadka 50,Delhi,Bakery,3.2,500
2102,21,2024-03-04 20:22:00,2,382,0.0,30,412.0,Debit Card,37,Cancelled,2.6,Biryani House 21,Pune,South Indian,4.1,600
1261,29,2024-03-04 22:44:00,3,571,0.0,40,611.0,Cash on Delivery,28,Delivered,3.8,Sweet Tooth 29,Kolkata,North Indian,4.0,500
4750,8,2024-03-04 23:00:00,3,585,0.0,49,634.0,Wallet,43,Cancelled,4.0,Urban Tadka 8,Hyderabad,Desserts,4.6,350
4478,23,2024-03-05 10:11:00,4,1605,0.0,20,1625.0,Credit Card,44,Delivered,3.1,Noodle Bar 23,Lucknow,Desserts,3.4,150
1614,48,2024-03-05 10:15:00,4,613,122.6,30,520.4,Cash on Delivery,18,Delivered,3.8,Burger Barn 48,Delhi,Italian,3.9,150
5094,22,2024-03-05 11:40:00,4,1023,204.6,40,858.4,Credit Card,51,Cancelled,4.1,Urban Tadka 22,Mumbai,Desserts,3.1,250
4709,46,2024-03-05 12:24:00,3,616,0.0,40,656.0,UPI,27,Delivered,3.3,Urban Tadka 46,Kolkata,Continental,4.2,350
2869,12,2024-03-05 12:33:00,3,1540,0.0,0,1540.0,UPI,16,Delivered,3.7,Tandoori Nights 12,Mumbai,Continental,4.8,800
3458,18,2024-03-05 14:09:00,1,103,15.45,0,87.55,Debit Card,27,Delivered,4.9,Sizzle & Steam 18,Chennai,Chinese,3.9,600
5553,19,2024-03-05 15:49:00,2,358,0.0,0,358.0,Cash on Delivery,55,Delivered,2.6,Spice Junction 19,Chennai,Desserts,3.7,150
4064,40,2024-03-05 17:13:00,3,1395,0.0,0,1395.0,Credit Card,28,Delivered,4.8,Dosa Corner 40,Mumbai,Fast Food,3.7,250
5197,28,2024-03-05 18:55:00,3,1203,180.45,0,1022.55,Cash on Delivery,25,Delivered,4.5,Spice Junction 28,Ahmedabad,Continental,3.9,350
1404,29,2024-03-05 21:33:00,2,260,0.0,20,280.0,Wallet,55,Cancelled,2.8,Sweet Tooth 29,Kolkata,North Indian,4.0,500
5452,39,2024-03-05 22:11:00,1,279,55.8,49,272.2,UPI,32,Delivered,3.2,Wok This Way 39,Pune,North Indian,4.2,350
5601,35,2024-03-05 22:18:00,2,845,0.0,20,865.0,Cash on Delivery,37,Delivered,3.5,Momo Magic 35,Hyderabad,Fast Food,4.8,150
5050,36,2024-03-05 22:40:00,1,134,0.0,0,134.0,Wallet,40,Delivered,2.9,Wok This Way 36,Bangalore,Desserts,4.5,500
2905,6,2024-03-05 22:46:00,4,1431,0.0,0,1431.0,Credit Card,18,Delivered,4.6,Pizza Point 6,Mumbai,Desserts,3.1,800
4301,47,2024-03-05 23:13:00,2,819,81.9,20,757.1,UPI,17,Delivered,4.5,Wok This Way 47,Ahmedabad,Street Food,3.5,250
1180,14,2024-03-05 23:42:00,4,641,0.0,40,681.0,Wallet,30,Delivered,4.3,Curry Leaf 14,Pune,South Indian,3.2,150
1166,35,2024-03-06 08:58:00,1,220,44.0,0,176.0,Debit Card,64,Cancelled,4.0,Momo Magic 35,Hyderabad,Fast Food,4.8,150
1086,26,2024-03-06 09:19:00,2,426,63.9,30,392.1,Debit Card,61,Cancelled,4.6,Chaat Street 26,Hyderabad,Continental,4.4,250
4232,35,2024-03-06 09:58:00,2,1047,157.05,20,909.95,Debit Card,20,Cancelled,3.2,Momo Magic 35,Hyderabad,Fast Food,4.8,150
2208,34,2024-03-06 10:57:00,3,578,57.8,20,540.2,Cash on Delivery,51,Delivered,2.6,Biryani House 34,Bangalore,South Indian,4.8,200
2537,5,2024-03-06 11:24:00,4,753,0.0,30,783.0,Wallet,35,Delivered,4.6,Cafe Bliss 5,Hyderabad,Street Food,3.1,500
1118,33,2024-03-06 14:26:00,3,796,119.4,20,696.6,Cash on Delivery,21,Delivered,2.9,Pizza Point 33,Chennai,Bakery,2.9,600
4664,21,2024-03-06 14:41:00,3,1394,0.0,0,1394.0,UPI,36,Delivered,4.0,Biryani House 21,Pune,South Indian,4.1,600
1816,35,2024-03-06 15:53:00,4,445,44.5,20,420.5,UPI,15,Delivered,4.6,Momo Magic 35,Hyderabad,Fast Food,4.8,150
3292,10,2024-03-06 17:03:00,4,1406,0.0,30,1436.0,Cash on Delivery,18,Delivered,4.7,Chaat Street 10,Mumbai,Italian,4.3,350
3947,50,2024-03-06 17:53:00,2,261,52.2,30,238.8,Debit Card,41,Delivered,4.7,Urban Tadka 50,Delhi,Bakery,3.2,500
5869,22,2024-03-06 18:48:00,3,479,47.9,20,451.1,Cash on Delivery,42,Cancelled,3.4,Urban Tadka 22,Mumbai,Desserts,3.1,250
5892,8,2024-03-06 20:43:00,4,2005,401.0,49,1653.0,Cash on Delivery,64,Delivered,2.7,Urban Tadka 8,Hyderabad,Desserts,4.6,350
4092,3,2024-03-06 23:45:00,3,1519,0.0,49,1568.0,Debit Card,33,Delivered,3.4,Grill Masters 3,Chennai,Continental,4.3,300
2962,42,2024-03-07 13:55:00,1,498,74.7,0,423.3,Debit Card,22,Delivered,3.2,Sizzle & Steam 42,Lucknow,Chinese,3.8,400
5215,26,2024-03-07 15:58:00,2,1000,200.0,40,840.0,Credit Card,58,Delivered,3.0,Chaat Street 26,Hyderabad,Continental,4.4,250
1080,32,2024-03-07 16:10:00,2,406,0.0,20,426.0,Cash on Delivery,28,Cancelled,3.7,Grill Masters 32,Hyderabad,Fast Food,3.2,800
4824,34,2024-03-07 17:02:00,3,1358,271.6,40,1126.4,Debit Card,37,Delivered,3.7,Biryani House 34,Bangalore,South Indian,4.8,200
2248,5,2024-03-07 18:45:00,1,319,47.85,20,291.15,Credit Card,61,Delivered,4.0,Cafe Bliss 5,Hyderabad,Street Food,3.1,500
1674,1,2024-03-07 19:32:00,1,286,0.0,49,335.0,Credit Card,60,Cancelled,3.0,Wok This Way 1,Pune,Italian,3.6,200
5455,47,2024-03-07 20:30:00,3,318,0.0,30,348.0,Cash on Delivery,17,Delivered,3.2,Wok This Way 47,Ahmedabad,Street Food,3.5,250
1467,12,2024-03-07 20:34:00,3,1527,0.0,20,1547.0,Credit Card,55,Delivered,3.2,Tandoori Nights 12,Mumbai,Continental,4.8,800
1647,35,2024-03-07 21:32:00,2,615,92.25,0,522.75,UPI,19,Delivered,3.4,Momo Magic 35,Hyderabad,Fast Food,4.8,150
5103,28,2024-03-07 22:40:00,2,603,0.0,30,633.0,Wallet,27,Delivered,3.3,Spice Junction 28,Ahmedabad,Continental,3.9,350
4084,27,2024-03-07 23:13:00,3,621,62.1,30,588.9,UPI,17,Delivered,4.6,Grill Masters 27,Delhi,Fast Food,3.2,150
3177,8,2024-03-07 23:33:00,4,2002,0.0,0,2002.0,Wallet,29,Cancelled,4.8,Urban Tadka 8,Hyderabad,Desserts,4.6,350
3650,13,2024-03-08 08:30:00,3,1067,0.0,49,1116.0,Credit Card,27,Delivered,4.5,Spice Junction 13,Kolkata,Biryani,4.5,800
2372,38,2024-03-08 13:38:00,4,541,108.2,49,481.8,Credit Card,43,Delivered,3.1,Burger Barn 38,Kolkata,Biryani,3.0,600
3145,7,2024-03-08 14:00:00,4,2036,407.2,0,1628.8,Wallet,28,Cancelled,3.5,Wok This Way 7,Bangalore,Street Food,2.9,600
5619,44,2024-03-08 14:40:00,3,470,0.0,40,510.0,Credit Card,59,Delivered,3.1,Tandoori Nights 44,Hyderabad,South Indian,4.7,150
2054,6,2024-03-08 15:09:00,3,762,76.2,40,725.8,Debit Card,56,Delivered,2.6,Pizza Point 6,Mumbai,Desserts,3.1,800
5810,42,2024-03-08 17:03:00,2,1008,151.2,49,905.8,Cash on Delivery,22,Delivered,4.5,Sizzle & Steam 42,Lucknow,Chinese,3.8,400
5996,4,2024-03-08 17:04:00,3,461,0.0,0,461.0,Debit Card,54,Delivered,4.0,Cafe Bliss 4,Lucknow,Fast Food,4.1,600
4985,37,2024-03-08 18:18:00,1,400,60.0,49,389.0,Credit Card,43,Delivered,3.3,Curry Leaf 37,Chennai,Chinese,3.4,500
4625,42,2024-03-08 18:48:00,1,492,0.0,30,522.0,Wallet,41,Cancelled,4.4,Sizzle & Steam 42,Lucknow,Chinese,3.8,400
1359,48,2024-03-08 19:33:00,4,609,0.0,20,629.0,Debit Card,50,Delivered,3.0,Burger Barn 48,Delhi,Italian,3.9,150
5566,23,2024-03-08 20:57:00,1,139,0.0,30,169.0,UPI,21,Delivered,3.8,Noodle Bar 23,Lucknow,Desserts,3.4,150
2089,11,2024-03-08 23:04:00,4,1643,0.0,49,1692.0,Credit Card,36,Delivered,3.3,Noodle Bar 11,Hyderabad,Chinese,2.8,600
1024,13,2024-03-08 23:15:00,4,1435,0.0,49,1484.0,UPI,35,Delivered,4.7,Spice Junction 13,Kolkata,Biryani,4.5,800
5394,4,2024-03-09 14:12:00,4,559,83.85,30,505.15,UPI,24,Delivered,3.3,Cafe Bliss 4,Lucknow,Fast Food,4.1,600
4535,26,2024-03-09 14:31:00,4,1444,216.6,49,1276.4,UPI,52,Delivered,3.7,Chaat Street 26,Hyderabad,Continental,4.4,250
1071,37,2024-03-09 16:07:00,3,330,0.0,30,360.0,Debit Card,47,Delivered,4.3,Curry Leaf 37,Chennai,Chinese,3.4,500
3847,38,2024-03-09 16:11:00,4,1036,0.0,20,1056.0,Cash on Delivery,62,Cancelled,4.4,Burger Barn 38,Kolkata,Biryani,3.0,600
2732,11,2024-03-09 16:30:00,1,545,0.0,40,585.0,UPI,61,Delivered,3.9,Noodle Bar 11,Hyderabad,Chinese,2.8,600
2942,34,2024-03-09 16:57:00,4,1996,399.2,20,1616.8,Debit Card,33,Delivered,3.7,Biryani House 34,Bangalore,South Indian,4.8,200
2014,37,2024-03-09 18:07:00,3,1374,206.1,49,1216.9,Wallet,50,Delivered,3.0,Curry Leaf 37,Chennai,Chinese,3.4,500
4733,18,2024-03-09 19:03:00,2,829,0.0,20,849.0,Credit Card,58,Delivered,5.0,Sizzle & Steam 18,Chennai,Chinese,3.9,600
2177,1,2024-03-09 20:04:00,4,1639,0.0,40,1679.0,Wallet,36,Delivered,2.8,Wok This Way 1,Pune,Italian,3.6,200
4760,50,2024-03-09 20:26:00,1,415,0.0,40,455.0,UPI,24,Delivered,3.8,Urban Tadka 50,Delhi,Bakery,3.2,500
5870,33,2024-03-09 20:49:00,1,451,45.1,0,405.9,Wallet,41,Delivered,4.3,Pizza Point 33,Chennai,Bakery,2.9,600
4847,14,2024-03-09 21:57:00,4,2008,0.0,40,2048.0,Cash on Delivery,17,Cancelled,3.9,Curry Leaf 14,Pune,South Indian,3.2,150
1765,6,2024-03-09 22:17:00,1,178,35.6,49,191.4,Debit Card,47,Delivered,4.6,Pizza Point 6,Mumbai,Desserts,3.1,800
1786,17,2024-03-09 23:09:00,4,834,166.8,30,697.2,Credit Card,21,Delivered,3.0,Spicy Junction 17,Delhi,Chinese,3.4,800
3974,16,2024-03-10 08:12:00,3,610,0.0,30,640.0,Wallet,53,Delivered,2.7,Cafe Bliss 16,Chennai,South Indian,3.2,500
1628,45,2024-03-10 10:28:00,1,278,41.7,49,285.3,Wallet,38,Delivered,3.4,Royal Feast 45,Ahmedabad,Fast Food,3.3,250
1587,12,2024-03-10 10:45:00,2,644,0.0,49,693.0,Debit Card,54,Cancelled,2.8,Tandoori Nights 12,Mumbai,Continental,4.8,800
3495,3,2024-03-10 11:54:00,2,411,82.2,40,368.8,UPI,39,Delivered,4.9,Grill Masters 3,Chennai,Continental,4.3,300
2025,13,2024-03-10 14:52:00,1,268,26.8,0,241.2,Wallet,46,Delivered,4.3,Spice Junction 13,Kolkata,Biryani,4.5,800
2997,3,2024-03-10 17:00:00,3,767,153.4,20,633.6,UPI,23,Delivered,4.3,Grill Masters 3,Chennai,Continental,4.3,300
2898,36,2024-03-10 17:07:00,1,330,33.0,30,327.0,Cash on Delivery,56,Cancelled,4.7,Wok This Way 36,Bangalore,Desserts,4.5,500
2884,3,2024-03-10 19:18:00,3,480,0.0,20,500.0,Credit Card,36,Delivered,4.7,Grill Masters 3,Chennai,Continental,4.3,300
1810,46,2024-03-10 21:23:00,4,445,0.0,49,494.0,Debit Card,55,Delivered,4.2,Urban Tadka 46,Kolkata,Continental,4.2,350
4587,35,2024-03-10 23:05:00,4,1037,155.55,20,901.45,UPI,27,Delivered,2.6,Momo Magic 35,Hyderabad,Fast Food,4.8,150
3196,23,2024-03-10 23:09:00,3,912,182.4,49,778.6,Credit Card,19,Delivered,4.8,Noodle Bar 23,Lucknow,Desserts,3.4,150
3029,20,2024-03-10 23:35:00,1,392,0.0,49,441.0,Cash on Delivery,55,Delivered,4.9,Urban Tadka 20,Hyderabad,Street Food,3.4,600
3685,31,2024-03-10 23:48:00,1,165,0.0,49,214.0,Debit Card,19,Delivered,2.7,Momo Magic 31,Jaipur,Continental,4.1,500
1752,3,2024-03-11 08:35:00,2,203,40.6,30,192.4,Credit Card,22,Delivered,3.7,Grill Masters 3,Chennai,Continental,4.3,300
3078,5,2024-03-11 10:46:00,1,109,21.8,40,127.2,Debit Card,20,Delivered,4.5,Cafe Bliss 5,Hyderabad,Street Food,3.1,500
5444,36,2024-03-11 11:28:00,4,618,0.0,40,658.0,Wallet,56,Delivered,4.2,Wok This Way 36,Bangalore,Desserts,4.5,500
4930,49,2024-03-11 11:44:00,3,917,0.0,30,947.0,UPI,30,Delivered,3.1,Curry Leaf 49,Pune,Chinese,3.9,350
2748,1,2024-03-11 11:47:00,1,306,0.0,0,306.0,Credit Card,15,Delivered,3.4,Wok This Way 1,Pune,Italian,3.6,200
4035,28,2024-03-11 11:54:00,2,642,0.0,40,682.0,Cash on Delivery,53,Delivered,4.9,Spice Junction 28,Ahmedabad,Continental,3.9,350
3103,1,2024-03-11 13:12:00,2,601,90.15,20,530.85,UPI,17,Cancelled,4.2,Wok This Way 1,Pune,Italian,3.6,200
2472,35,2024-03-11 13:21:00,4,610,61.0,40,589.0,Cash on Delivery,28,Delivered,3.0,Momo Magic 35,Hyderabad,Fast Food,4.8,150
5132,19,2024-03-11 15:05:00,4,535,107.0,0,428.0,Credit Card,17,Delivered,4.4,Spice Junction 19,Chennai,Desserts,3.7,150
5469,49,2024-03-11 15:19:00,3,1064,0.0,30,1094.0,Debit Card,22,Delivered,5.0,Curry Leaf 49,Pune,Chinese,3.9,350
1464,19,2024-03-11 16:18:00,4,549,54.9,0,494.1,Wallet,40,Delivered,4.2,Spice Junction 19,Chennai,Desserts,3.7,150
3085,43,2024-03-11 17:44:00,4,2006,200.6,49,1854.4,Wallet,57,Delivered,2.9,Grill Masters 43,Chennai,Continental,2.9,250
1706,38,2024-03-11 18:51:00,1,237,0.0,0,237.0,Wallet,43,Delivered,3.7,Burger Barn 38,Kolkata,Biryani,3.0,600
4461,45,2024-03-11 19:31:00,3,1055,0.0,20,1075.0,Wallet,61,Delivered,2.5,Royal Feast 45,Ahmedabad,Fast Food,3.3,250
5299,27,2024-03-11 19:56:00,4,396,79.2,0,316.8,Cash on Delivery,35,Delivered,2.9,Grill Masters 27,Delhi,Fast Food,3.2,150
5615,20,2024-03-11 20:55:00,1,481,48.1,49,481.9,Credit Card,24,Delivered,3.2,Urban Tadka 20,Hyderabad,Street Food,3.4,600
2221,31,2024-03-11 21:12:00,3,1512,151.2,40,1400.8,Debit Card,43,Delivered,4.2,Momo Magic 31,Jaipur,Continental,4.1,500
5196,31,2024-03-11 22:07:00,3,753,75.3,20,697.7,Credit Card,37,Delivered,2.8,Momo Magic 31,Jaipur,Continental,4.1,500
4629,37,2024-03-11 22:44:00,1,390,78.0,20,332.0,Debit Card,17,Delivered,2.8,Curry Leaf 37,Chennai,Chinese,3.4,500
4113,36,2024-03-11 22:48:00,4,1026,0.0,0,1026.0,Credit Card,64,Delivered,4.2,Wok This Way 36,Bangalore,Desserts,4.5,500
4560,44,2024-03-12 08:38:00,3,897,179.4,0,717.6,Debit Card,63,Cancelled,4.6,Tandoori Nights 44,Hyderabad,South Indian,4.7,150
1917,3,2024-03-12 10:32:00,1,268,0.0,20,288.0,Debit Card,25,Cancelled,4.5,Grill Masters 3,Chennai,Continental,4.3,300
2201,47,2024-03-12 11:00:00,1,219,43.8,20,195.2,UPI,18,Delivered,4.1,Wok This Way 47,Ahmedabad,Street Food,3.5,250
4999,23,2024-03-12 11:36:00,3,1527,0.0,20,1547.0,Debit Card,28,Delivered,4.3,Noodle Bar 23,Lucknow,Desserts,3.4,150
4350,17,2024-03-12 12:19:00,3,621,62.1,49,607.9,UPI,41,Delivered,3.6,Spicy Junction 17,Delhi,Chinese,3.4,800
5852,23,2024-03-12 12:42:00,2,311,46.65,20,284.35,UPI,60,Cancelled,4.8,Noodle Bar 23,Lucknow,Desserts,3.4,150
2022,10,2024-03-12 13:20:00,2,201,20.1,0,180.9,Cash on Delivery,59,Delivered,4.8,Chaat Street 10,Mumbai,Italian,4.3,350
3300,34,2024-03-12 14:35:00,2,240,0.0,0,240.0,Cash on Delivery,56,Delivered,3.4,Biryani House 34,Bangalore,South Indian,4.8,200
3802,1,2024-03-12 15:07:00,4,1232,0.0,30,1262.0,Debit Card,37,Delivered,2.7,Wok This Way 1,Pune,Italian,3.6,200
2104,9,2024-03-12 15:17:00,3,1209,181.35,30,1057.65,Wallet,23,Delivered,2.7,Curry Leaf 9,Pune,Bakery,4.1,200
5373,3,2024-03-12 16:50:00,2,383,38.3,30,374.7,Credit Card,39,Delivered,4.5,Grill Masters 3,Chennai,Continental,4.3,300
4927,15,2024-03-12 17:29:00,4,415,0.0,0,415.0,Cash on Delivery,57,Cancelled,3.8,Biryani House 15,Ahmedabad,North Indian,3.2,800
4940,27,2024-03-12 17:30:00,3,751,0.0,49,800.0,Wallet,43,Delivered,3.6,Grill Masters 27,Delhi,Fast Food,3.2,150
5324,21,2024-03-12 17:50:00,1,158,0.0,49,207.0,Wallet,63,Delivered,2.9,Biryani House 21,Pune,South Indian,4.1,600
4756,47,2024-03-12 19:47:00,3,1390,139.0,30,1281.0,Cash on Delivery,45,Delivered,4.0,Wok This Way 47,Ahmedabad,Street Food,3.5,250
2694,14,2024-03-12 22:10:00,1,187,0.0,30,217.0,Credit Card,42,Delivered,4.6,Curry Leaf 14,Pune,South Indian,3.2,150
5830,21,2024-03-12 22:37:00,4,403,0.0,30,433.0,Wallet,18,Delivered,4.8,Biryani House 21,Pune,South Indian,4.1,600
1879,6,2024-03-12 23:11:00,3,1497,299.4,20,1217.6,Wallet,51,Delivered,3.0,Pizza Point 6,Mumbai,Desserts,3.1,800
1774,14,2024-03-12 23:20:00,3,1503,0.0,0,1503.0,UPI,31,Delivered,3.3,Curry Leaf 14,Pune,South Indian,3.2,150
1560,6,2024-03-12 23:28:00,1,290,0.0,40,330.0,Wallet,31,Delivered,4.7,Pizza Point 6,Mumbai,Desserts,3.1,800
4878,15,2024-03-12 23:48:00,3,582,0.0,40,622.0,Debit Card,40,Delivered,5.0,Biryani House 15,Ahmedabad,North Indian,3.2,800
1446,23,2024-03-13 08:05:00,2,406,60.9,20,365.1,UPI,45,Delivered,3.8,Noodle Bar 23,Lucknow,Desserts,3.4,150
1258,43,2024-03-13 10:03:00,3,602,60.2,0,541.8,Debit Card,56,Cancelled,4.6,Grill Masters 43,Chennai,Continental,2.9,250
5030,37,2024-03-13 10:17:00,1,251,0.0,49,300.0,Debit Card,50,Delivered,4.1,Curry Leaf 37,Chennai,Chinese,3.4,500
1678,34,2024-03-13 11:03:00,2,331,66.2,30,294.8,UPI,53,Delivered,3.7,Biryani House 34,Bangalore,South Indian,4.8,200
5353,28,2024-03-13 15:10:00,4,418,0.0,40,458.0,Credit Card,51,Delivered,3.6,Spice Junction 28,Ahmedabad,Continental,3.9,350
2057,47,2024-03-13 16:40:00,2,514,77.1,49,485.9,Cash on Delivery,18,Delivered,4.0,Wok This Way 47,Ahmedabad,Street Food,3.5,250
5112,9,2024-03-13 17:16:00,3,463,69.45,30,423.55,Wallet,17,Delivered,3.5,Curry Leaf 9,Pune,Bakery,4.1,200
1987,33,2024-03-13 19:19:00,1,147,0.0,0,147.0,Cash on Delivery,47,Delivered,3.5,Pizza Point 33,Chennai,Bakery,2.9,600
5274,9,2024-03-13 19:31:00,2,937,187.4,30,779.6,Credit Card,63,Delivered,3.1,Curry Leaf 9,Pune,Bakery,4.1,200
4157,46,2024-03-13 19:34:00,2,367,73.4,0,293.6,UPI,26,Delivered,3.9,Urban Tadka 46,Kolkata,Continental,4.2,350
2017,4,2024-03-13 20:26:00,4,1636,0.0,49,1685.0,Cash on Delivery,55,Delivered,4.7,Cafe Bliss 4,Lucknow,Fast Food,4.1,600
5695,26,2024-03-13 20:39:00,4,2036,0.0,0,2036.0,UPI,35,Delivered,4.5,Chaat Street 26,Hyderabad,Continental,4.4,250
4143,37,2024-03-13 21:57:00,4,430,86.0,30,374.0,Cash on Delivery,19,Cancelled,4.4,Curry Leaf 37,Chennai,Chinese,3.4,500
3433,41,2024-03-13 23:41:00,3,1510,226.5,30,1313.5,UPI,55,Cancelled,2.9,Dosa Corner 41,Hyderabad,Continental,3.1,600
3643,5,2024-03-14 08:08:00,2,629,0.0,0,629.0,Cash on Delivery,22,Delivered,2.7,Cafe Bliss 5,Hyderabad,Street Food,3.1,500
5109,4,2024-03-14 08:40:00,1,223,0.0,20,243.0,Debit Card,64,Delivered,3.1,Cafe Bliss 4,Lucknow,Fast Food,4.1,600
4875,28,2024-03-14 08:50:00,4,2024,303.6,49,1769.4,UPI,26,Delivered,4.3,Spice Junction 28,Ahmedabad,Continental,3.9,350
4867,10,2024-03-14 10:27:00,3,486,0.0,49,535.0,UPI,47,Cancelled,3.7,Chaat Street 10,Mumbai,Italian,4.3,350
3809,43,2024-03-14 11:11:00,3,490,0.0,20,510.0,Credit Card,50,Delivered,4.8,Grill Masters 43,Chennai,Continental,2.9,250
4292,19,2024-03-14 12:50:00,3,496,0.0,30,526.0,UPI,29,Delivered,4.9,Spice Junction 19,Chennai,Desserts,3.7,150
4137,40,2024-03-14 13:16:00,2,925,138.75,40,826.25,Wallet,55,Delivered,3.8,Dosa Corner 40,Mumbai,Fast Food,3.7,250
2715,29,2024-03-14 13:39:00,3,902,0.0,30,932.0,UPI,18,Delivered,4.2,Sweet Tooth 29,Kolkata,North Indian,4.0,500
4685,37,2024-03-14 14:04:00,3,1364,0.0,30,1394.0,Debit Card,36,Delivered,2.7,Curry Leaf 37,Chennai,Chinese,3.4,500
1703,39,2024-03-14 14:38:00,1,242,48.4,30,223.6,Cash on Delivery,57,Cancelled,4.7,Wok This Way 39,Pune,North Indian,4.2,350
4527,17,2024-03-14 16:47:00,1,502,0.0,20,522.0,Debit Card,23,Delivered,2.5,Spicy Junction 17,Delhi,Chinese,3.4,800
1571,36,2024-03-14 17:27:00,1,313,46.95,20,286.05,Cash on Delivery,30,Cancelled,4.3,Wok This Way 36,Bangalore,Desserts,4.5,500
2628,5,2024-03-14 17:43:00,4,1022,153.3,20,888.7,UPI,38,Delivered,4.6,Cafe Bliss 5,Hyderabad,Street Food,3.1,500
1672,13,2024-03-14 18:55:00,2,614,0.0,30,644.0,Credit Card,16,Delivered,4.9,Spice Junction 13,Kolkata,Biryani,4.5,800
2339,5,2024-03-14 20:02:00,1,142,0.0,40,182.0,Cash on Delivery,39,Delivered,4.9,Cafe Bliss 5,Hyderabad,Street Food,3.1,500
1445,24,2024-03-14 20:04:00,4,2004,0.0,30,2034.0,Debit Card,51,Delivered,4.3,Cafe Bliss 24,Delhi,Street Food,3.6,600
3698,41,2024-03-14 20:25:00,1,168,0.0,40,208.0,Wallet,57,Delivered,4.2,Dosa Corner 41,Hyderabad,Continental,3.1,600
3394,12,2024-03-14 21:13:00,3,775,0.0,0,775.0,UPI,49,Delivered,3.8,Tandoori Nights 12,Mumbai,Continental,4.8,800
4928,13,2024-03-14 21:15:00,1,175,26.25,40,188.75,Wallet,44,Delivered,2.9,Spice Junction 13,Kolkata,Biryani,4.5,800
5759,38,2024-03-14 21:35:00,1,293,43.95,0,249.05,Cash on Delivery,19,Delivered,3.1,Burger Barn 38,Kolkata,Biryani,3.0,600
1315,19,2024-03-14 21:55:00,4,1602,0.0,20,1622.0,Cash on Delivery,34,Delivered,3.0,Spice Junction 19,Chennai,Desserts,3.7,150
1613,28,2024-03-14 22:02:00,2,825,82.5,30,772.5,UPI,34,Delivered,3.0,Spice Junction 28,Ahmedabad,Continental,3.9,350
5352,46,2024-03-15 08:11:00,1,302,0.0,20,322.0,Debit Card,57,Cancelled,3.9,Urban Tadka 46,Kolkata,Continental,4.2,350
3869,34,2024-03-15 08:18:00,4,1626,162.6,49,1512.4,Wallet,38,Cancelled,4.9,Biryani House 34,Bangalore,South Indian,4.8,200
3157,33,2024-03-15 09:42:00,4,1010,0.0,40,1050.0,Credit Card,55,Delivered,4.1,Pizza Point 33,Chennai,Bakery,2.9,600
2555,13,2024-03-15 09:42:00,1,417,0.0,20,437.0,Cash on Delivery,36,Delivered,4.8,Spice Junction 13,Kolkata,Biryani,4.5,800
1558,33,2024-03-15 12:02:00,2,698,139.6,40,598.4,UPI,19,Delivered,5.0,Pizza Point 33,Chennai,Bakery,2.9,600
1398,1,2024-03-15 12:34:00,1,324,64.8,20,279.2,UPI,26,Cancelled,4.9,Wok This Way 1,Pune,Italian,3.6,200
3087,30,2024-03-15 13:20:00,4,2030,0.0,0,2030.0,Wallet,33,Delivered,2.6,Noodle Bar 30,Pune,South Indian,2.9,800
3140,19,2024-03-15 13:49:00,4,1997,199.7,49,1846.3,Cash on Delivery,15,Delivered,2.6,Spice Junction 19,Chennai,Desserts,3.7,150
4631,23,2024-03-15 14:13:00,1,374,0.0,20,394.0,Cash on Delivery,62,Delivered,4.2,Noodle Bar 23,Lucknow,Desserts,3.4,150
5023,49,2024-03-15 14:20:00,3,1230,184.5,0,1045.5,Credit Card,40,Cancelled,2.8,Curry Leaf 49,Pune,Chinese,3.9,350
3670,7,2024-03-15 16:37:00,3,1232,0.0,0,1232.0,Wallet,29,Delivered,4.5,Wok This Way 7,Bangalore,Street Food,2.9,600
1741,16,2024-03-15 17:02:00,4,615,123.0,20,512.0,Wallet,33,Delivered,3.7,Cafe Bliss 16,Chennai,South Indian,3.2,500
3817,2,2024-03-15 19:30:00,1,533,53.3,40,519.7,UPI,33,Delivered,3.3,Spice Junction 2,Lucknow,Continental,4.8,200
4785,40,2024-03-15 21:01:00,4,1004,200.8,49,852.2,Credit Card,30,Delivered,3.5,Dosa Corner 40,Mumbai,Fast Food,3.7,250
3042,5,2024-03-15 22:02:00,3,492,0.0,0,492.0,Debit Card,50,Delivered,4.3,Cafe Bliss 5,Hyderabad,Street Food,3.1,500
5919,24,2024-03-15 23:27:00,3,939,0.0,49,988.0,Cash on Delivery,53,Delivered,4.2,Cafe Bliss 24,Delhi,Street Food,3.6,600
1397,3,2024-03-16 08:17:00,3,786,0.0,20,806.0,Cash on Delivery,29,Delivered,4.6,Grill Masters 3,Chennai,Continental,4.3,300
1415,8,2024-03-16 10:08:00,2,700,70.0,40,670.0,UPI,31,Cancelled,2.5,Urban Tadka 8,Hyderabad,Desserts,4.6,350
5265,37,2024-03-16 11:06:00,4,1621,0.0,20,1641.0,Cash on Delivery,31,Delivered,4.1,Curry Leaf 37,Chennai,Chinese,3.4,500
3905,47,2024-03-16 11:22:00,2,314,0.0,30,344.0,Cash on Delivery,57,Delivered,3.1,Wok This Way 47,Ahmedabad,Street Food,3.5,250
3284,19,2024-03-16 12:28:00,2,229,22.9,40,246.1,Credit Card,51,Delivered,4.2,Spice Junction 19,Chennai,Desserts,3.7,150
3781,37,2024-03-16 15:09:00,4,754,150.8,0,603.2,UPI,58,Delivered,4.2,Curry Leaf 37,Chennai,Chinese,3.4,500
4516,20,2024-03-16 16:15:00,3,897,0.0,40,937.0,Debit Card,57,Cancelled,3.8,Urban Tadka 20,Hyderabad,Street Food,3.4,600
3047,42,2024-03-16 17:00:00,3,408,81.6,30,356.4,Debit Card,42,Delivered,3.8,Sizzle & Steam 42,Lucknow,Chinese,3.8,400
4936,23,2024-03-16 19:09:00,4,524,0.0,20,544.0,UPI,63,Delivered,3.4,Noodle Bar 23,Lucknow,Desserts,3.4,150
4634,18,2024-03-16 20:27:00,4,1212,181.8,49,1079.2,UPI,23,Delivered,4.6,Sizzle & Steam 18,Chennai,Chinese,3.9,600
4906,23,2024-03-16 20:28:00,1,247,49.4,20,217.6,Cash on Delivery,36,Delivered,2.6,Noodle Bar 23,Lucknow,Desserts,3.4,150
3598,49,2024-03-16 21:23:00,4,2027,202.7,30,1854.3,Credit Card,32,Delivered,3.5,Curry Leaf 49,Pune,Chinese,3.9,350
5198,44,2024-03-16 21:40:00,4,762,0.0,30,792.0,Debit Card,38,Delivered,3.3,Tandoori Nights 44,Hyderabad,South Indian,4.7,150
4081,22,2024-03-16 21:53:00,2,500,100.0,20,420.0,UPI,53,Cancelled,4.3,Urban Tadka 22,Mumbai,Desserts,3.1,250
3551,4,2024-03-16 23:09:00,2,1007,0.0,30,1037.0,Credit Card,61,Cancelled,4.7,Cafe Bliss 4,Lucknow,Fast Food,4.1,600
5558,47,2024-03-16 23:40:00,1,106,10.6,40,135.4,Wallet,44,Delivered,4.8,Wok This Way 47,Ahmedabad,Street Food,3.5,250
5046,24,2024-03-16 23:55:00,2,243,0.0,49,292.0,Debit Card,57,Delivered,2.6,Cafe Bliss 24,Delhi,Street Food,3.6,600
5533,16,2024-03-17 08:06:00,2,945,189.0,49,805.0,Credit Card,49,Delivered,4.2,Cafe Bliss 16,Chennai,South Indian,3.2,500
4977,14,2024-03-17 08:37:00,1,246,36.9,30,239.1,Cash on Delivery,38,Delivered,5.0,Curry Leaf 14,Pune,South Indian,3.2,150
2722,15,2024-03-17 11:11:00,2,906,0.0,40,946.0,Credit Card,31,Delivered,4.8,Biryani House 15,Ahmedabad,North Indian,3.2,800
2697,12,2024-03-17 13:10:00,2,810,0.0,0,810.0,Cash on Delivery,27,Delivered,3.6,Tandoori Nights 12,Mumbai,Continental,4.8,800
3234,2,2024-03-17 13:17:00,2,334,66.8,40,307.2,Cash on Delivery,23,Delivered,3.3,Spice Junction 2,Lucknow,Continental,4.8,200
2150,32,2024-03-17 13:59:00,1,178,0.0,30,208.0,Debit Card,22,Delivered,4.3,Grill Masters 32,Hyderabad,Fast Food,3.2,800
2387,8,2024-03-17 15:57:00,4,1833,0.0,49,1882.0,Credit Card,19,Delivered,4.7,Urban Tadka 8,Hyderabad,Desserts,4.6,350
1257,9,2024-03-17 16:52:00,1,201,0.0,49,250.0,Wallet,64,Delivered,3.2,Curry Leaf 9,Pune,Bakery,4.1,200
1238,42,2024-03-17 17:05:00,1,371,37.1,30,363.9,Debit Card,46,Delivered,3.8,Sizzle & Steam 42,Lucknow,Chinese,3.8,400
4299,9,2024-03-17 18:15:00,3,325,32.5,20,312.5,Wallet,33,Delivered,4.5,Curry Leaf 9,Pune,Bakery,4.1,200
2670,34,2024-03-17 19:25:00,3,555,0.0,40,595.0,Cash on Delivery,62,Delivered,4.0,Biryani House 34,Bangalore,South Indian,4.8,200
5537,12,2024-03-17 20:48:00,3,631,126.2,20,524.8,UPI,49,Delivered,4.6,Tandoori Nights 12,Mumbai,Continental,4.8,800
1303,6,2024-03-17 22:34:00,3,1091,0.0,30,1121.0,Credit Card,23,Delivered,3.5,Pizza Point 6,Mumbai,Desserts,3.1,800
5727,48,2024-03-17 23:04:00,2,400,80.0,40,360.0,Credit Card,59,Cancelled,3.8,Burger Barn 48,Delhi,Italian,3.9,150
3470,14,2024-03-17 23:31:00,4,1426,142.6,40,1323.4,Wallet,39,Cancelled,3.6,Curry Leaf 14,Pune,South Indian,3.2,150
2830,10,2024-03-17 23:51:00,3,543,0.0,49,592.0,Cash on Delivery,43,Cancelled,3.4,Chaat Street 10,Mumbai,Italian,4.3,350
2907,19,2024-03-18 08:31:00,4,518,0.0,40,558.0,Cash on Delivery,42,Delivered,2.6,Spice Junction 19,Chennai,Desserts,3.7,150
5699,43,2024-03-18 09:20:00,3,311,0.0,49,360.0,Cash on Delivery,45,Delivered,4.6,Grill Masters 43,Chennai,Continental,2.9,250
1506,38,2024-03-18 09:28:00,1,357,0.0,40,397.0,Credit Card,44,Delivered,3.3,Burger Barn 38,Kolkata,Biryani,3.0,600
4023,12,2024-03-18 11:45:00,2,364,0.0,20,384.0,Wallet,40,Cancelled,3.8,Tandoori Nights 12,Mumbai,Continental,4.8,800
2411,23,2024-03-18 12:12:00,4,597,59.7,49,586.3,Cash on Delivery,44,Delivered,3.3,Noodle Bar 23,Lucknow,Desserts,3.4,150
1151,3,2024-03-18 15:24:00,4,2025,405.0,20,1640.0,UPI,45,Delivered,4.8,Grill Masters 3,Chennai,Continental,4.3,300
5884,11,2024-03-18 17:19:00,2,524,52.4,40,511.6,Wallet,27,Delivered,3.8,Noodle Bar 11,Hyderabad,Chinese,2.8,600
3403,45,2024-03-18 18:57:00,1,188,0.0,49,237.0,Cash on Delivery,30,Delivered,2.9,Royal Feast 45,Ahmedabad,Fast Food,3.3,250
5371,42,2024-03-18 19:41:00,4,617,92.55,49,573.45,UPI,23,Delivered,3.8,Sizzle & Steam 42,Lucknow,Chinese,3.8,400
2098,23,2024-03-18 21:39:00,1,133,0.0,20,153.0,Cash on Delivery,39,Delivered,4.4,Noodle Bar 23,Lucknow,Desserts,3.4,150
4980,41,2024-03-18 22:05:00,4,638,0.0,49,687.0,Debit Card,45,Delivered,3.6,Dosa Corner 41,Hyderabad,Continental,3.1,600
5045,12,2024-03-18 22:59:00,3,605,121.0,0,484.0,Credit Card,51,Delivered,2.7,Tandoori Nights 12,Mumbai,Continental,4.8,800
4815,38,2024-03-19 09:08:00,1,219,21.9,30,227.1,Debit Card,17,Delivered,4.5,Burger Barn 38,Kolkata,Biryani,3.0,600
1490,39,2024-03-19 10:11:00,3,616,0.0,0,616.0,Credit Card,20,Delivered,4.7,Wok This Way 39,Pune,North Indian,4.2,350
5214,18,2024-03-19 11:58:00,4,522,52.2,49,518.8,Wallet,50,Delivered,4.4,Sizzle & Steam 18,Chennai,Chinese,3.9,600
4776,30,2024-03-19 13:15:00,2,998,0.0,40,1038.0,UPI,42,Delivered,3.5,Noodle Bar 30,Pune,South Indian,2.9,800
1873,31,2024-03-19 14:21:00,3,566,0.0,49,615.0,Cash on Delivery,49,Delivered,3.2,Momo Magic 31,Jaipur,Continental,4.1,500
2447,44,2024-03-19 14:44:00,3,397,39.7,0,357.3,Debit Card,26,Delivered,3.9,Tandoori Nights 44,Hyderabad,South Indian,4.7,150
1649,21,2024-03-19 17:10:00,1,226,0.0,40,266.0,Credit Card,56,Delivered,3.7,Biryani House 21,Pune,South Indian,4.1,600
4689,28,2024-03-19 18:50:00,1,278,0.0,40,318.0,Cash on Delivery,47,Delivered,3.5,Spice Junction 28,Ahmedabad,Continental,3.9,350
1617,46,2024-03-19 22:23:00,1,530,79.5,49,499.5,Wallet,16,Cancelled,3.9,Urban Tadka 46,Kolkata,Continental,4.2,350
3983,45,2024-03-19 22:31:00,4,732,146.4,40,625.6,Credit Card,52,Delivered,4.2,Royal Feast 45,Ahmedabad,Fast Food,3.3,250
3347,9,2024-03-19 23:48:00,4,551,55.1,0,495.9,UPI,38,Delivered,3.9,Curry Leaf 9,Pune,Bakery,4.1,200
2580,34,2024-03-20 09:09:00,4,2037,305.55,40,1771.45,UPI,53,Delivered,3.6,Biryani House 34,Bangalore,South Indian,4.8,200
3003,12,2024-03-20 12:16:00,3,1536,0.0,20,1556.0,Debit Card,28,Delivered,5.0,Tandoori Nights 12,Mumbai,Continental,4.8,800
5961,15,2024-03-20 13:39:00,1,443,66.45,49,425.55,UPI,19,Cancelled,3.9,Biryani House 15,Ahmedabad,North Indian,3.2,800
3647,23,2024-03-20 15:53:00,1,270,40.5,20,249.5,UPI,36,Cancelled,3.2,Noodle Bar 23,Lucknow,Desserts,3.4,150
1091,11,2024-03-20 15:55:00,2,225,33.75,49,240.25,Credit Card,18,Delivered,2.8,Noodle Bar 11,Hyderabad,Chinese,2.8,600
4751,19,2024-03-20 16:14:00,2,634,63.4,30,600.6,Debit Card,23,Delivered,4.8,Spice Junction 19,Chennai,Desserts,3.7,150
2127,24,2024-03-20 18:25:00,4,1603,320.6,20,1302.4,Wallet,17,Delivered,3.0,Cafe Bliss 24,Delhi,Street Food,3.6,600
1382,2,2024-03-20 21:41:00,1,534,0.0,20,554.0,Cash on Delivery,55,Delivered,4.8,Spice Junction 2,Lucknow,Continental,4.8,200
4490,37,2024-03-20 23:01:00,2,433,86.6,40,386.4,Debit Card,39,Cancelled,2.6,Curry Leaf 37,Chennai,Chinese,3.4,500
3070,8,2024-03-21 08:22:00,2,728,0.0,40,768.0,Credit Card,34,Delivered,4.8,Urban Tadka 8,Hyderabad,Desserts,4.6,350
3453,12,2024-03-21 08:56:00,3,1214,182.1,20,1051.9,Debit Card,35,Delivered,4.2,Tandoori Nights 12,Mumbai,Continental,4.8,800
2626,38,2024-03-21 15:08:00,1,193,19.3,20,193.7,Cash on Delivery,53,Delivered,3.4,Burger Barn 38,Kolkata,Biryani,3.0,600
4950,33,2024-03-21 16:05:00,1,548,0.0,40,588.0,UPI,52,Delivered,4.4,Pizza Point 33,Chennai,Bakery,2.9,600
2145,28,2024-03-21 16:49:00,4,1233,184.95,20,1068.05,Cash on Delivery,42,Cancelled,3.3,Spice Junction 28,Ahmedabad,Continental,3.9,350
4395,6,2024-03-21 16:56:00,2,243,0.0,49,292.0,Wallet,38,Cancelled,4.1,Pizza Point 6,Mumbai,Desserts,3.1,800
5417,21,2024-03-21 17:04:00,1,152,0.0,49,201.0,Cash on Delivery,38,Delivered,3.3,Biryani House 21,Pune,South Indian,4.1,600
5667,19,2024-03-21 17:19:00,2,543,81.45,20,481.55,Credit Card,52,Delivered,2.8,Spice Junction 19,Chennai,Desserts,3.7,150
1449,12,2024-03-21 19:19:00,1,539,0.0,49,588.0,UPI,16,Delivered,4.3,Tandoori Nights 12,Mumbai,Continental,4.8,800
1753,27,2024-03-21 21:41:00,1,458,0.0,0,458.0,UPI,44,Delivered,2.6,Grill Masters 27,Delhi,Fast Food,3.2,150
1066,12,2024-03-21 22:53:00,3,458,0.0,30,488.0,Credit Card,43,Cancelled,4.6,Tandoori Nights 12,Mumbai,Continental,4.8,800
1096,34,2024-03-22 11:24:00,1,470,94.0,0,376.0,UPI,28,Delivered,2.8,Biryani House 34,Bangalore,South Indian,4.8,200
2481,47,2024-03-22 11:26:00,3,1206,0.0,30,1236.0,Cash on Delivery,47,Delivered,4.9,Wok This Way 47,Ahmedabad,Street Food,3.5,250
2676,22,2024-03-22 13:36:00,3,458,0.0,30,488.0,Debit Card,46,Delivered,3.4,Urban Tadka 22,Mumbai,Desserts,3.1,250
4015,23,2024-03-22 13:52:00,3,542,0.0,20,562.0,Debit Card,54,Delivered,3.7,Noodle Bar 23,Lucknow,Desserts,3.4,150
5383,37,2024-03-22 15:06:00,2,621,62.1,30,588.9,Credit Card,35,Cancelled,2.8,Curry Leaf 37,Chennai,Chinese,3.4,500
3793,47,2024-03-22 16:08:00,2,316,0.0,20,336.0,Cash on Delivery,26,Delivered,3.5,Wok This Way 47,Ahmedabad,Street Food,3.5,250
1290,49,2024-03-22 17:35:00,3,1068,0.0,20,1088.0,Debit Card,17,Cancelled,4.6,Curry Leaf 49,Pune,Chinese,3.9,350
1681,8,2024-03-22 18:59:00,1,172,25.8,0,146.2,Cash on Delivery,24,Delivered,3.1,Urban Tadka 8,Hyderabad,Desserts,4.6,350
5367,34,2024-03-22 19:32:00,3,943,141.45,30,831.55,Wallet,63,Delivered,4.8,Biryani House 34,Bangalore,South Indian,4.8,200
5969,2,2024-03-22 20:35:00,3,604,0.0,49,653.0,Wallet,30,Delivered,4.3,Spice Junction 2,Lucknow,Continental,4.8,200
1782,47,2024-03-22 20:43:00,2,716,71.6,20,664.4,UPI,44,Delivered,4.3,Wok This Way 47,Ahmedabad,Street Food,3.5,250
5010,28,2024-03-22 20:54:00,1,535,80.25,20,474.75,Debit Card,61,Delivered,4.4,Spice Junction 28,Ahmedabad,Continental,3.9,350
3269,9,2024-03-22 23:24:00,2,393,0.0,20,413.0,Cash on Delivery,62,Cancelled,2.6,Curry Leaf 9,Pune,Bakery,4.1,200
1143,37,2024-03-22 23:28:00,2,328,0.0,49,377.0,UPI,51,Delivered,4.1,Curry Leaf 37,Chennai,Chinese,3.4,500
1683,26,2024-03-22 23:32:00,1,513,0.0,49,562.0,Credit Card,19,Cancelled,3.7,Chaat Street 26,Hyderabad,Continental,4.4,250
1001,14,2024-03-23 08:38:00,3,1219,0.0,20,1239.0,UPI,46,Delivered,4.9,Curry Leaf 14,Pune,South Indian,3.2,150
2457,33,2024-03-23 09:35:00,3,943,141.45,30,831.55,Cash on Delivery,20,Delivered,4.6,Pizza Point 33,Chennai,Bakery,2.9,600
3387,29,2024-03-23 10:17:00,2,380,38.0,49,391.0,Cash on Delivery,44,Delivered,4.2,Sweet Tooth 29,Kolkata,North Indian,4.0,500
4167,38,2024-03-23 10:19:00,4,1044,104.4,30,969.6,Wallet,44,Cancelled,2.6,Burger Barn 38,Kolkata,Biryani,3.0,600
4665,44,2024-03-23 10:35:00,1,216,43.2,20,192.8,UPI,47,Cancelled,3.9,Tandoori Nights 44,Hyderabad,South Indian,4.7,150
5121,22,2024-03-23 13:19:00,3,760,0.0,20,780.0,UPI,34,Delivered,4.7,Urban Tadka 22,Mumbai,Desserts,3.1,250
2578,5,2024-03-23 16:00:00,3,428,85.6,0,342.4,UPI,52,Delivered,3.9,Cafe Bliss 5,Hyderabad,Street Food,3.1,500
3835,6,2024-03-23 16:32:00,2,819,163.8,40,695.2,UPI,45,Cancelled,3.5,Pizza Point 6,Mumbai,Desserts,3.1,800
2557,25,2024-03-23 17:43:00,2,511,0.0,49,560.0,Credit Card,45,Cancelled,2.9,Royal Feast 25,Jaipur,Biryani,3.8,250
3999,11,2024-03-23 17:46:00,4,746,111.9,30,664.1,Debit Card,50,Delivered,4.4,Noodle Bar 11,Hyderabad,Chinese,2.8,600
4984,18,2024-03-23 18:28:00,3,641,128.2,40,552.8,Wallet,48,Delivered,4.6,Sizzle & Steam 18,Chennai,Chinese,3.9,600
1650,48,2024-03-23 18:59:00,3,764,152.8,20,631.2,Debit Card,62,Cancelled,3.9,Burger Barn 48,Delhi,Italian,3.9,150
5662,4,2024-03-23 19:21:00,1,168,25.2,20,162.8,Wallet,57,Delivered,4.3,Cafe Bliss 4,Lucknow,Fast Food,4.1,600
5993,3,2024-03-23 22:23:00,1,444,66.6,20,397.4,Wallet,33,Delivered,2.6,Grill Masters 3,Chennai,Continental,4.3,300
3829,14,2024-03-23 22:40:00,4,1634,0.0,0,1634.0,Wallet,58,Cancelled,3.3,Curry Leaf 14,Pune,South Indian,3.2,150
3633,8,2024-03-24 09:17:00,2,342,0.0,0,342.0,Wallet,54,Delivered,4.5,Urban Tadka 8,Hyderabad,Desserts,4.6,350
3646,1,2024-03-24 11:13:00,4,1433,0.0,30,1463.0,Cash on Delivery,55,Delivered,3.9,Wok This Way 1,Pune,Italian,3.6,200
4267,34,2024-03-24 11:29:00,3,1540,0.0,49,1589.0,Wallet,49,Delivered,4.1,Biryani House 34,Bangalore,South Indian,4.8,200
4091,25,2024-03-24 12:32:00,3,568,85.2,40,522.8,Debit Card,52,Delivered,4.4,Royal Feast 25,Jaipur,Biryani,3.8,250
4865,32,2024-03-24 13:52:00,4,434,86.8,49,396.2,Wallet,21,Delivered,3.1,Grill Masters 32,Hyderabad,Fast Food,3.2,800
1092,17,2024-03-24 13:56:00,3,1540,0.0,40,1580.0,Wallet,34,Cancelled,2.7,Spicy Junction 17,Delhi,Chinese,3.4,800
2367,50,2024-03-24 14:54:00,3,1371,274.2,40,1136.8,Wallet,20,Delivered,2.8,Urban Tadka 50,Delhi,Bakery,3.2,500
2364,39,2024-03-24 16:47:00,1,118,0.0,40,158.0,Wallet,34,Delivered,3.3,Wok This Way 39,Pune,North Indian,4.2,350
1185,7,2024-03-24 17:06:00,4,1808,0.0,20,1828.0,UPI,60,Delivered,4.6,Wok This Way 7,Bangalore,Street Food,2.9,600
3576,21,2024-03-24 17:07:00,2,618,0.0,49,667.0,Debit Card,39,Delivered,2.5,Biryani House 21,Pune,South Indian,4.1,600
4880,30,2024-03-24 17:21:00,1,432,0.0,30,462.0,Wallet,24,Delivered,4.2,Noodle Bar 30,Pune,South Indian,2.9,800
5887,47,2024-03-24 20:43:00,4,1419,0.0,20,1439.0,Wallet,60,Delivered,2.6,Wok This Way 47,Ahmedabad,Street Food,3.5,250
1767,5,2024-03-24 22:41:00,3,906,0.0,49,955.0,Wallet,26,Delivered,3.8,Cafe Bliss 5,Hyderabad,Street Food,3.1,500
2498,37,2024-03-25 10:48:00,1,427,85.4,20,361.6,Cash on Delivery,24,Cancelled,3.1,Curry Leaf 37,Chennai,Chinese,3.4,500
1995,40,2024-03-25 15:33:00,4,1413,0.0,20,1433.0,Cash on Delivery,48,Delivered,3.0,Dosa Corner 40,Mumbai,Fast Food,3.7,250
4402,26,2024-03-25 16:13:00,3,796,159.2,0,636.8,Cash on Delivery,17,Delivered,4.1,Chaat Street 26,Hyderabad,Continental,4.4,250
1009,13,2024-03-25 16:33:00,4,1815,181.5,49,1682.5,UPI,16,Delivered,4.8,Spice Junction 13,Kolkata,Biryani,4.5,800
1361,39,2024-03-25 16:58:00,4,811,162.2,30,678.8,Credit Card,27,Delivered,4.9,Wok This Way 39,Pune,North Indian,4.2,350
1259,48,2024-03-25 17:38:00,3,538,107.6,49,479.4,Debit Card,47,Delivered,2.6,Burger Barn 48,Delhi,Italian,3.9,150
3894,49,2024-03-25 18:47:00,3,1213,0.0,30,1243.0,Cash on Delivery,61,Cancelled,2.7,Curry Leaf 49,Pune,Chinese,3.9,350
4051,2,2024-03-25 21:03:00,3,1348,269.6,40,1118.4,Debit Card,24,Delivered,2.5,Spice Junction 2,Lucknow,Continental,4.8,200
2288,18,2024-03-25 21:10:00,1,134,26.8,0,107.2,Wallet,31,Delivered,3.0,Sizzle & Steam 18,Chennai,Chinese,3.9,600
5856,47,2024-03-25 22:00:00,4,438,43.8,40,434.2,Debit Card,16,Delivered,2.6,Wok This Way 47,Ahmedabad,Street Food,3.5,250
1165,25,2024-03-25 22:58:00,4,719,0.0,49,768.0,Wallet,15,Delivered,4.3,Royal Feast 25,Jaipur,Biryani,3.8,250
2523,8,2024-03-25 23:08:00,4,617,0.0,40,657.0,Wallet,59,Delivered,3.5,Urban Tadka 8,Hyderabad,Desserts,4.6,350
5748,25,2024-03-25 23:55:00,4,1411,141.1,20,1289.9,Credit Card,20,Delivered,3.1,Royal Feast 25,Jaipur,Biryani,3.8,250
4162,30,2024-03-26 08:03:00,1,466,69.9,49,445.1,Credit Card,16,Delivered,2.6,Noodle Bar 30,Pune,South Indian,2.9,800
2603,40,2024-03-26 08:40:00,2,521,104.2,40,456.8,Credit Card,25,Delivered,3.2,Dosa Corner 40,Mumbai,Fast Food,3.7,250
4434,41,2024-03-26 09:26:00,3,480,96.0,0,384.0,Wallet,48,Delivered,3.0,Dosa Corner 41,Hyderabad,Continental,3.1,600
5148,47,2024-03-26 09:32:00,4,601,0.0,49,650.0,Cash on Delivery,63,Delivered,2.7,Wok This Way 47,Ahmedabad,Street Food,3.5,250
2029,45,2024-03-26 10:36:00,2,204,40.8,30,193.2,Debit Card,16,Delivered,4.6,Royal Feast 45,Ahmedabad,Fast Food,3.3,250
2479,16,2024-03-26 11:08:00,1,163,0.0,20,183.0,Cash on Delivery,28,Delivered,3.6,Cafe Bliss 16,Chennai,South Indian,3.2,500
2857,40,2024-03-26 13:54:00,3,1223,0.0,0,1223.0,Debit Card,62,Delivered,2.8,Dosa Corner 40,Mumbai,Fast Food,3.7,250
5651,21,2024-03-26 14:49:00,4,2032,406.4,0,1625.6,Wallet,33,Delivered,4.5,Biryani House 21,Pune,South Indian,4.1,600
2708,32,2024-03-26 16:59:00,4,2016,0.0,40,2056.0,Debit Card,50,Delivered,3.4,Grill Masters 32,Hyderabad,Fast Food,3.2,800
1327,47,2024-03-26 17:57:00,2,923,0.0,0,923.0,Credit Card,35,Delivered,3.5,Wok This Way 47,Ahmedabad,Street Food,3.5,250
2849,26,2024-03-26 18:26:00,1,246,49.2,40,236.8,Cash on Delivery,46,Delivered,2.6,Chaat Street 26,Hyderabad,Continental,4.4,250
2861,9,2024-03-26 20:06:00,2,1017,152.55,0,864.45,Debit Card,53,Delivered,4.5,Curry Leaf 9,Pune,Bakery,4.1,200
1947,14,2024-03-26 21:17:00,1,112,22.4,40,129.6,Wallet,43,Cancelled,2.7,Curry Leaf 14,Pune,South Indian,3.2,150
3121,13,2024-03-26 21:18:00,3,550,55.0,40,535.0,UPI,21,Delivered,3.2,Spice Junction 13,Kolkata,Biryani,4.5,800
2021,5,2024-03-26 23:18:00,1,442,66.3,0,375.7,Credit Card,52,Delivered,4.8,Cafe Bliss 5,Hyderabad,Street Food,3.1,500
5806,1,2024-03-27 08:13:00,4,1437,0.0,49,1486.0,UPI,45,Delivered,3.8,Wok This Way 1,Pune,Italian,3.6,200
3747,13,2024-03-27 08:34:00,4,844,168.8,0,675.2,Debit Card,45,Delivered,4.6,Spice Junction 13,Kolkata,Biryani,4.5,800
5745,9,2024-03-27 08:50:00,3,607,60.7,40,586.3,Cash on Delivery,23,Delivered,4.0,Curry Leaf 9,Pune,Bakery,4.1,200
2765,17,2024-03-27 09:23:00,1,477,0.0,30,507.0,Cash on Delivery,22,Delivered,4.0,Spicy Junction 17,Delhi,Chinese,3.4,800
3333,4,2024-03-27 09:42:00,3,306,0.0,49,355.0,Wallet,47,Delivered,2.7,Cafe Bliss 4,Lucknow,Fast Food,4.1,600
1126,25,2024-03-27 10:18:00,4,616,61.6,20,574.4,Credit Card,44,Delivered,3.2,Royal Feast 25,Jaipur,Biryani,3.8,250
3700,25,2024-03-27 10:23:00,4,1208,0.0,40,1248.0,Debit Card,31,Delivered,4.9,Royal Feast 25,Jaipur,Biryani,3.8,250
2418,7,2024-03-27 13:31:00,4,1838,0.0,20,1858.0,Wallet,24,Cancelled,4.2,Wok This Way 7,Bangalore,Street Food,2.9,600
4158,16,2024-03-27 15:34:00,1,169,0.0,20,189.0,Credit Card,54,Delivered,4.1,Cafe Bliss 16,Chennai,South Indian,3.2,500
3908,6,2024-03-27 16:36:00,2,323,32.3,20,310.7,Debit Card,43,Delivered,4.0,Pizza Point 6,Mumbai,Desserts,3.1,800
4993,38,2024-03-27 17:10:00,1,409,40.9,49,417.1,Wallet,59,Delivered,4.8,Burger Barn 38,Kolkata,Biryani,3.0,600
5591,41,2024-03-27 17:58:00,4,1614,0.0,40,1654.0,Wallet,63,Delivered,4.0,Dosa Corner 41,Hyderabad,Continental,3.1,600
1878,31,2024-03-27 19:10:00,4,559,55.9,20,523.1,Wallet,51,Delivered,4.6,Momo Magic 31,Jaipur,Continental,4.1,500
2870,8,2024-03-28 08:02:00,2,936,187.2,49,797.8,UPI,28,Delivered,3.9,Urban Tadka 8,Hyderabad,Desserts,4.6,350
3676,32,2024-03-28 08:46:00,3,1215,182.25,0,1032.75,Cash on Delivery,16,Cancelled,2.5,Grill Masters 32,Hyderabad,Fast Food,3.2,800
3056,39,2024-03-28 09:18:00,4,634,0.0,49,683.0,Wallet,47,Delivered,4.4,Wok This Way 39,Pune,North Indian,4.2,350
5189,33,2024-03-28 10:12:00,1,465,46.5,20,438.5,Cash on Delivery,29,Delivered,2.6,Pizza Point 33,Chennai,Bakery,2.9,600
1905,49,2024-03-28 10:31:00,2,314,47.1,30,296.9,Credit Card,54,Delivered,5.0,Curry Leaf 49,Pune,Chinese,3.9,350
2299,12,2024-03-28 17:05:00,1,416,0.0,40,456.0,Cash on Delivery,35,Delivered,3.7,Tandoori Nights 12,Mumbai,Continental,4.8,800
3497,41,2024-03-28 18:14:00,3,466,0.0,20,486.0,UPI,64,Delivered,3.3,Dosa Corner 41,Hyderabad,Continental,3.1,600
3138,41,2024-03-28 18:36:00,4,845,169.0,49,725.0,Wallet,43,Delivered,3.9,Dosa Corner 41,Hyderabad,Continental,3.1,600
5170,6,2024-03-28 18:37:00,3,1056,0.0,49,1105.0,Wallet,16,Delivered,3.9,Pizza Point 6,Mumbai,Desserts,3.1,800
4735,47,2024-03-28 19:07:00,2,390,58.5,30,361.5,Wallet,57,Delivered,4.3,Wok This Way 47,Ahmedabad,Street Food,3.5,250
5086,32,2024-03-28 21:15:00,4,557,111.4,30,475.6,Cash on Delivery,53,Delivered,2.8,Grill Masters 32,Hyderabad,Fast Food,3.2,800
3968,28,2024-03-28 23:29:00,3,1383,0.0,20,1403.0,UPI,31,Delivered,2.8,Spice Junction 28,Ahmedabad,Continental,3.9,350
4441,24,2024-03-29 08:25:00,4,524,104.8,40,459.2,Cash on Delivery,46,Cancelled,4.1,Cafe Bliss 24,Delhi,Street Food,3.6,600
3437,9,2024-03-29 09:57:00,4,415,0.0,49,464.0,Debit Card,24,Delivered,4.6,Curry Leaf 9,Pune,Bakery,4.1,200
1248,23,2024-03-29 10:10:00,4,1645,0.0,20,1665.0,Cash on Delivery,21,Delivered,4.3,Noodle Bar 23,Lucknow,Desserts,3.4,150
2575,15,2024-03-29 11:24:00,4,444,88.8,30,385.2,UPI,41,Delivered,3.1,Biryani House 15,Ahmedabad,North Indian,3.2,800
4945,21,2024-03-29 13:00:00,2,245,0.0,30,275.0,Credit Card,61,Delivered,3.3,Biryani House 21,Pune,South Indian,4.1,600
2236,2,2024-03-29 13:15:00,1,475,0.0,40,515.0,UPI,48,Delivered,2.5,Spice Junction 2,Lucknow,Continental,4.8,200
4009,14,2024-03-29 14:10:00,1,493,0.0,40,533.0,Wallet,38,Delivered,3.1,Curry Leaf 14,Pune,South Indian,3.2,150
5139,31,2024-03-29 14:43:00,3,1246,124.6,20,1141.4,UPI,52,Cancelled,2.7,Momo Magic 31,Jaipur,Continental,4.1,500
2338,22,2024-03-29 16:25:00,3,646,0.0,30,676.0,Cash on Delivery,46,Delivered,3.5,Urban Tadka 22,Mumbai,Desserts,3.1,250
5858,23,2024-03-29 17:19:00,3,1504,0.0,49,1553.0,Credit Card,27,Delivered,3.9,Noodle Bar 23,Lucknow,Desserts,3.4,150
3447,22,2024-03-29 18:04:00,2,734,0.0,20,754.0,UPI,16,Delivered,4.4,Urban Tadka 22,Mumbai,Desserts,3.1,250
5091,25,2024-03-29 20:57:00,1,272,40.8,0,231.2,Credit Card,21,Delivered,4.0,Royal Feast 25,Jaipur,Biryani,3.8,250
1629,5,2024-03-29 22:05:00,3,463,46.3,20,436.7,Debit Card,15,Delivered,3.6,Cafe Bliss 5,Hyderabad,Street Food,3.1,500
1730,5,2024-03-29 22:58:00,3,924,0.0,30,954.0,Cash on Delivery,51,Delivered,3.8,Cafe Bliss 5,Hyderabad,Street Food,3.1,500
5779,15,2024-03-29 23:47:00,3,431,43.1,30,417.9,Cash on Delivery,32,Delivered,5.0,Biryani House 15,Ahmedabad,North Indian,3.2,800
2198,24,2024-03-30 08:25:00,2,634,126.8,40,547.2,UPI,57,Delivered,4.6,Cafe Bliss 24,Delhi,Street Food,3.6,600
3461,30,2024-03-30 09:38:00,4,605,121.0,20,504.0,Cash on Delivery,17,Delivered,4.1,Noodle Bar 30,Pune,South Indian,2.9,800
5917,29,2024-03-30 10:34:00,2,405,81.0,20,344.0,Cash on Delivery,24,Delivered,4.8,Sweet Tooth 29,Kolkata,North Indian,4.0,500
3534,11,2024-03-30 10:35:00,1,106,21.2,49,133.8,UPI,41,Delivered,4.4,Noodle Bar 11,Hyderabad,Chinese,2.8,600
1333,45,2024-03-30 10:39:00,2,800,80.0,0,720.0,UPI,39,Cancelled,4.1,Royal Feast 45,Ahmedabad,Fast Food,3.3,250
3569,14,2024-03-30 12:10:00,3,1091,163.65,49,976.35,Credit Card,39,Cancelled,4.2,Curry Leaf 14,Pune,South Indian,3.2,150
1996,39,2024-03-30 13:21:00,1,204,30.6,40,213.4,UPI,55,Delivered,3.2,Wok This Way 39,Pune,North Indian,4.2,350
3193,15,2024-03-30 14:21:00,2,626,0.0,30,656.0,Credit Card,53,Delivered,4.3,Biryani House 15,Ahmedabad,North Indian,3.2,800
1403,44,2024-03-30 16:03:00,4,1006,150.9,0,855.1,UPI,44,Delivered,4.5,Tandoori Nights 44,Hyderabad,South Indian,4.7,150
4494,40,2024-03-30 16:24:00,2,911,0.0,30,941.0,Wallet,37,Delivered,2.8,Dosa Corner 40,Mumbai,Fast Food,3.7,250
3343,37,2024-03-30 16:50:00,2,643,128.6,40,554.4,Wallet,49,Delivered,3.9,Curry Leaf 37,Chennai,Chinese,3.4,500
1120,39,2024-03-30 17:25:00,2,512,0.0,30,542.0,UPI,25,Delivered,3.9,Wok This Way 39,Pune,North Indian,4.2,350
5392,22,2024-03-30 18:06:00,4,743,74.3,30,698.7,Debit Card,63,Delivered,4.8,Urban Tadka 22,Mumbai,Desserts,3.1,250
4452,46,2024-03-30 18:54:00,3,940,0.0,0,940.0,Wallet,64,Cancelled,3.8,Urban Tadka 46,Kolkata,Continental,4.2,350
5387,39,2024-03-30 20:48:00,4,1843,0.0,40,1883.0,UPI,24,Delivered,3.3,Wok This Way 39,Pune,North Indian,4.2,350
2777,3,2024-03-30 21:32:00,3,554,83.1,49,519.9,Credit Card,55,Delivered,3.6,Grill Masters 3,Chennai,Continental,4.3,300
2761,27,2024-03-30 23:28:00,2,811,0.0,49,860.0,Wallet,16,Delivered,3.9,Grill Masters 27,Delhi,Fast Food,3.2,150
4187,19,2024-03-31 08:07:00,4,1602,0.0,20,1622.0,Cash on Delivery,32,Delivered,4.5,Spice Junction 19,Chennai,Desserts,3.7,150
2261,30,2024-03-31 08:44:00,2,362,0.0,40,402.0,Debit Card,18,Delivered,3.1,Noodle Bar 30,Pune,South Indian,2.9,800
1759,5,2024-03-31 09:53:00,1,343,0.0,30,373.0,Wallet,64,Cancelled,4.4,Cafe Bliss 5,Hyderabad,Street Food,3.1,500
2574,9,2024-03-31 10:11:00,3,326,0.0,30,356.0,Wallet,36,Delivered,3.9,Curry Leaf 9,Pune,Bakery,4.1,200
5783,38,2024-03-31 12:05:00,3,316,0.0,49,365.0,Wallet,29,Delivered,3.2,Burger Barn 38,Kolkata,Biryani,3.0,600
3471,9,2024-03-31 13:42:00,1,155,0.0,0,155.0,Cash on Delivery,55,Cancelled,4.8,Curry Leaf 9,Pune,Bakery,4.1,200
4862,31,2024-03-31 14:36:00,1,275,0.0,49,324.0,UPI,28,Delivered,5.0,Momo Magic 31,Jaipur,Continental,4.1,500
4483,18,2024-03-31 15:19:00,4,1808,0.0,20,1828.0,UPI,27,Delivered,3.0,Sizzle & Steam 18,Chennai,Chinese,3.9,600
1199,27,2024-03-31 16:39:00,4,403,60.45,0,342.55,Wallet,59,Delivered,2.5,Grill Masters 27,Delhi,Fast Food,3.2,150
3726,25,2024-03-31 17:56:00,2,1047,104.7,40,982.3,Debit Card,20,Delivered,4.8,Royal Feast 25,Jaipur,Biryani,3.8,250
2249,37,2024-03-31 18:03:00,4,1196,119.6,49,1125.4,Cash on Delivery,35,Cancelled,4.6,Curry Leaf 37,Chennai,Chinese,3.4,500
5979,28,2024-03-31 20:18:00,4,757,75.7,0,681.3,Wallet,60,Delivered,4.1,Spice Junction 28,Ahmedabad,Continental,3.9,350
1137,49,2024-03-31 22:03:00,4,2010,301.5,20,1728.5,Wallet,40,Delivered,2.6,Curry Leaf 49,Pune,Chinese,3.9,350
5063,42,2024-03-31 22:27:00,2,915,0.0,49,964.0,Cash on Delivery,44,Delivered,4.3,Sizzle & Steam 42,Lucknow,Chinese,3.8,400
6000,32,2024-03-31 22:32:00,3,452,45.2,40,446.8,Wallet,39,Delivered,3.8,Grill Masters 32,Hyderabad,Fast Food,3.2,800
5623,47,2024-04-01 09:26:00,4,615,0.0,0,615.0,Cash on Delivery,46,Delivered,5.0,Wok This Way 47,Ahmedabad,Street Food,3.5,250
1893,8,2024-04-01 11:58:00,1,311,62.2,30,278.8,Cash on Delivery,45,Delivered,3.6,Urban Tadka 8,Hyderabad,Desserts,4.6,350
5585,28,2024-04-01 12:02:00,1,453,0.0,40,493.0,Cash on Delivery,59,Delivered,4.8,Spice Junction 28,Ahmedabad,Continental,3.9,350
3883,38,2024-04-01 16:10:00,3,936,93.6,30,872.4,Debit Card,50,Delivered,3.1,Burger Barn 38,Kolkata,Biryani,3.0,600
2612,19,2024-04-01 16:35:00,2,506,0.0,0,506.0,Wallet,46,Delivered,4.3,Spice Junction 19,Chennai,Desserts,3.7,150
5900,10,2024-04-01 21:34:00,3,545,109.0,49,485.0,Credit Card,32,Delivered,4.0,Chaat Street 10,Mumbai,Italian,4.3,350
2794,24,2024-04-01 23:20:00,4,1613,322.6,0,1290.4,Wallet,35,Delivered,3.2,Cafe Bliss 24,Delhi,Street Food,3.6,600
3622,2,2024-04-01 23:58:00,2,644,96.6,0,547.4,Debit Card,22,Delivered,2.7,Spice Junction 2,Lucknow,Continental,4.8,200
3345,36,2024-04-02 09:21:00,3,1374,0.0,40,1414.0,Credit Card,42,Delivered,2.5,Wok This Way 36,Bangalore,Desserts,4.5,500
2638,39,2024-04-02 09:54:00,1,125,0.0,49,174.0,Wallet,62,Delivered,2.8,Wok This Way 39,Pune,North Indian,4.2,350
5113,5,2024-04-02 10:04:00,3,932,93.2,20,858.8,Credit Card,33,Delivered,4.9,Cafe Bliss 5,Hyderabad,Street Food,3.1,500
2414,22,2024-04-02 10:31:00,3,906,90.6,0,815.4,Cash on Delivery,60,Delivered,3.0,Urban Tadka 22,Mumbai,Desserts,3.1,250
3144,24,2024-04-02 11:57:00,1,398,39.8,49,407.2,UPI,59,Delivered,3.5,Cafe Bliss 24,Delhi,Street Food,3.6,600
2825,16,2024-04-02 12:36:00,2,902,135.3,49,815.7,Wallet,22,Delivered,4.0,Cafe Bliss 16,Chennai,South Indian,3.2,500
1534,19,2024-04-02 13:46:00,4,1420,0.0,40,1460.0,UPI,60,Cancelled,3.9,Spice Junction 19,Chennai,Desserts,3.7,150
3179,2,2024-04-02 15:45:00,1,432,64.8,30,397.2,Credit Card,45,Delivered,3.1,Spice Junction 2,Lucknow,Continental,4.8,200
1442,49,2024-04-02 16:44:00,1,179,26.85,30,182.15,UPI,60,Delivered,3.0,Curry Leaf 49,Pune,Chinese,3.9,350
2985,37,2024-04-02 20:32:00,2,919,0.0,49,968.0,Wallet,46,Cancelled,3.5,Curry Leaf 37,Chennai,Chinese,3.4,500
2709,11,2024-04-02 20:38:00,3,1092,109.2,20,1002.8,Debit Card,21,Delivered,3.6,Noodle Bar 11,Hyderabad,Chinese,2.8,600
4133,3,2024-04-02 21:01:00,3,759,75.9,30,713.1,Cash on Delivery,52,Cancelled,2.9,Grill Masters 3,Chennai,Continental,4.3,300
4898,49,2024-04-02 21:09:00,2,921,0.0,0,921.0,Credit Card,59,Delivered,3.1,Curry Leaf 49,Pune,Chinese,3.9,350
3868,24,2024-04-02 21:50:00,4,1003,0.0,49,1052.0,Cash on Delivery,51,Delivered,2.8,Cafe Bliss 24,Delhi,Street Food,3.6,600
4861,22,2024-04-02 22:11:00,4,627,0.0,20,647.0,Credit Card,50,Cancelled,4.8,Urban Tadka 22,Mumbai,Desserts,3.1,250
3310,7,2024-04-02 22:32:00,3,907,136.05,40,810.95,Debit Card,46,Delivered,3.2,Wok This Way 7,Bangalore,Street Food,2.9,600
3462,24,2024-04-02 23:39:00,4,1031,206.2,49,873.8,Credit Card,37,Delivered,4.2,Cafe Bliss 24,Delhi,Street Food,3.6,600
5576,41,2024-04-03 10:09:00,2,614,61.4,49,601.6,UPI,61,Delivered,4.0,Dosa Corner 41,Hyderabad,Continental,3.1,600
4536,37,2024-04-03 11:28:00,4,596,0.0,30,626.0,Credit Card,49,Delivered,2.7,Curry Leaf 37,Chennai,Chinese,3.4,500
4539,31,2024-04-03 14:16:00,4,996,0.0,49,1045.0,Credit Card,60,Delivered,4.6,Momo Magic 31,Jaipur,Continental,4.1,500
4754,5,2024-04-03 16:06:00,1,223,22.3,20,220.7,Wallet,52,Delivered,3.3,Cafe Bliss 5,Hyderabad,Street Food,3.1,500
2808,32,2024-04-03 16:25:00,2,304,45.6,30,288.4,UPI,33,Delivered,4.9,Grill Masters 32,Hyderabad,Fast Food,3.2,800
2016,33,2024-04-03 19:44:00,4,413,0.0,40,453.0,Cash on Delivery,57,Delivered,4.2,Pizza Point 33,Chennai,Bakery,2.9,600
3957,20,2024-04-03 20:02:00,3,610,0.0,20,630.0,Debit Card,34,Delivered,4.7,Urban Tadka 20,Hyderabad,Street Food,3.4,600
5316,22,2024-04-03 20:50:00,4,1199,0.0,0,1199.0,UPI,63,Delivered,4.4,Urban Tadka 22,Mumbai,Desserts,3.1,250
4106,11,2024-04-03 23:00:00,2,1030,0.0,49,1079.0,UPI,17,Delivered,4.0,Noodle Bar 11,Hyderabad,Chinese,2.8,600
4939,33,2024-04-03 23:47:00,1,287,28.7,30,288.3,Cash on Delivery,55,Delivered,2.5,Pizza Point 33,Chennai,Bakery,2.9,600
2954,33,2024-04-04 08:39:00,4,1199,179.85,0,1019.15,Cash on Delivery,29,Delivered,3.2,Pizza Point 33,Chennai,Bakery,2.9,600
3094,40,2024-04-04 08:48:00,2,1001,0.0,49,1050.0,Cash on Delivery,38,Delivered,4.7,Dosa Corner 40,Mumbai,Fast Food,3.7,250
1234,33,2024-04-04 09:16:00,3,461,69.15,20,411.85,UPI,34,Delivered,4.7,Pizza Point 33,Chennai,Bakery,2.9,600
4954,17,2024-04-04 10:52:00,1,476,95.2,49,429.8,Wallet,16,Delivered,3.1,Spicy Junction 17,Delhi,Chinese,3.4,800
3155,29,2024-04-04 12:03:00,1,430,64.5,40,405.5,Debit Card,52,Delivered,4.9,Sweet Tooth 29,Kolkata,North Indian,4.0,500
1999,3,2024-04-04 13:40:00,4,2035,0.0,40,2075.0,Credit Card,45,Cancelled,3.9,Grill Masters 3,Chennai,Continental,4.3,300
2636,43,2024-04-04 15:39:00,4,598,0.0,30,628.0,UPI,21,Delivered,4.2,Grill Masters 43,Chennai,Continental,2.9,250
4800,5,2024-04-04 16:31:00,2,634,0.0,20,654.0,Wallet,54,Delivered,5.0,Cafe Bliss 5,Hyderabad,Street Food,3.1,500
5404,50,2024-04-04 23:12:00,2,289,0.0,20,309.0,UPI,51,Delivered,3.8,Urban Tadka 50,Delhi,Bakery,3.2,500
1050,6,2024-04-05 10:38:00,3,1207,0.0,30,1237.0,UPI,30,Cancelled,2.8,Pizza Point 6,Mumbai,Desserts,3.1,800
4366,19,2024-04-05 14:04:00,4,413,61.95,49,400.05,Cash on Delivery,27,Delivered,3.6,Spice Junction 19,Chennai,Desserts,3.7,150
3963,24,2024-04-05 14:11:00,1,548,54.8,30,523.2,UPI,59,Delivered,4.3,Cafe Bliss 24,Delhi,Street Food,3.6,600
2215,43,2024-04-05 16:17:00,2,508,101.6,0,406.4,Wallet,42,Delivered,4.8,Grill Masters 43,Chennai,Continental,2.9,250
5253,28,2024-04-05 18:57:00,2,263,39.45,40,263.55,Wallet,42,Cancelled,2.8,Spice Junction 28,Ahmedabad,Continental,3.9,350
5153,26,2024-04-05 19:15:00,2,921,92.1,40,868.9,UPI,35,Delivered,3.9,Chaat Street 26,Hyderabad,Continental,4.4,250
3614,42,2024-04-05 20:18:00,3,927,0.0,20,947.0,Cash on Delivery,58,Delivered,4.5,Sizzle & Steam 42,Lucknow,Chinese,3.8,400
3939,10,2024-04-05 21:40:00,3,563,56.3,20,526.7,Credit Card,50,Delivered,3.6,Chaat Street 10,Mumbai,Italian,4.3,350
2305,31,2024-04-05 22:02:00,4,1835,367.0,49,1517.0,Cash on Delivery,46,Delivered,3.8,Momo Magic 31,Jaipur,Continental,4.1,500
5618,20,2024-04-05 23:18:00,2,721,0.0,0,721.0,Credit Card,48,Delivered,4.6,Urban Tadka 20,Hyderabad,Street Food,3.4,600
1623,25,2024-04-05 23:33:00,3,624,0.0,20,644.0,Cash on Delivery,22,Delivered,3.9,Royal Feast 25,Jaipur,Biryani,3.8,250
3976,31,2024-04-06 08:13:00,1,483,48.3,30,464.7,Credit Card,25,Delivered,2.9,Momo Magic 31,Jaipur,Continental,4.1,500
2735,17,2024-04-06 08:45:00,1,304,30.4,30,303.6,UPI,62,Cancelled,3.7,Spicy Junction 17,Delhi,Chinese,3.4,800
3556,37,2024-04-06 10:01:00,4,805,80.5,49,773.5,Cash on Delivery,47,Delivered,4.0,Curry Leaf 37,Chennai,Chinese,3.4,500
2897,46,2024-04-06 10:11:00,4,407,0.0,0,407.0,Debit Card,30,Delivered,2.6,Urban Tadka 46,Kolkata,Continental,4.2,350
3093,47,2024-04-06 11:08:00,1,212,42.4,30,199.6,Credit Card,29,Delivered,4.9,Wok This Way 47,Ahmedabad,Street Food,3.5,250
3648,37,2024-04-06 11:26:00,2,371,74.2,49,345.8,Wallet,28,Delivered,3.1,Curry Leaf 37,Chennai,Chinese,3.4,500
3897,11,2024-04-06 12:03:00,2,1043,0.0,49,1092.0,Wallet,58,Delivered,3.8,Noodle Bar 11,Hyderabad,Chinese,2.8,600
2435,31,2024-04-06 13:58:00,2,531,0.0,30,561.0,Wallet,34,Delivered,3.7,Momo Magic 31,Jaipur,Continental,4.1,500
5729,18,2024-04-06 14:44:00,3,1385,138.5,30,1276.5,Debit Card,59,Delivered,3.6,Sizzle & Steam 18,Chennai,Chinese,3.9,600
5814,24,2024-04-06 16:56:00,3,630,0.0,40,670.0,UPI,18,Delivered,2.5,Cafe Bliss 24,Delhi,Street Food,3.6,600
5235,30,2024-04-06 20:11:00,4,421,0.0,49,470.0,Wallet,43,Delivered,4.9,Noodle Bar 30,Pune,South Indian,2.9,800
4521,38,2024-04-06 21:10:00,2,817,81.7,0,735.3,Credit Card,60,Delivered,3.2,Burger Barn 38,Kolkata,Biryani,3.0,600
4346,9,2024-04-06 21:49:00,4,1426,142.6,0,1283.4,Cash on Delivery,23,Delivered,4.2,Curry Leaf 9,Pune,Bakery,4.1,200
2242,42,2024-04-06 23:34:00,1,375,37.5,20,357.5,Wallet,35,Delivered,5.0,Sizzle & Steam 42,Lucknow,Chinese,3.8,400
4500,41,2024-04-07 08:00:00,1,200,0.0,0,200.0,Credit Card,19,Cancelled,4.9,Dosa Corner 41,Hyderabad,Continental,3.1,600
5284,20,2024-04-07 09:37:00,1,158,0.0,49,207.0,Credit Card,42,Delivered,5.0,Urban Tadka 20,Hyderabad,Street Food,3.4,600
1860,22,2024-04-07 11:47:00,3,628,62.8,0,565.2,Debit Card,29,Delivered,4.0,Urban Tadka 22,Mumbai,Desserts,3.1,250
3420,32,2024-04-07 12:02:00,4,1402,0.0,0,1402.0,Wallet,26,Delivered,3.1,Grill Masters 32,Hyderabad,Fast Food,3.2,800
1297,8,2024-04-07 12:55:00,3,569,85.35,20,503.65,Cash on Delivery,58,Delivered,3.9,Urban Tadka 8,Hyderabad,Desserts,4.6,350
4293,9,2024-04-07 14:34:00,1,145,0.0,40,185.0,UPI,50,Delivered,3.8,Curry Leaf 9,Pune,Bakery,4.1,200
1352,30,2024-04-07 16:43:00,1,399,0.0,40,439.0,Credit Card,60,Delivered,3.3,Noodle Bar 30,Pune,South Indian,2.9,800
4759,16,2024-04-07 17:02:00,4,1210,0.0,40,1250.0,Cash on Delivery,56,Delivered,3.4,Cafe Bliss 16,Chennai,South Indian,3.2,500
1044,1,2024-04-07 17:13:00,2,440,88.0,49,401.0,Credit Card,42,Delivered,2.9,Wok This Way 1,Pune,Italian,3.6,200
3416,22,2024-04-07 17:44:00,2,598,0.0,20,618.0,Cash on Delivery,61,Cancelled,2.6,Urban Tadka 22,Mumbai,Desserts,3.1,250
1032,6,2024-04-07 22:08:00,3,582,0.0,40,622.0,Cash on Delivery,40,Delivered,3.1,Pizza Point 6,Mumbai,Desserts,3.1,800
3789,44,2024-04-08 08:15:00,3,601,0.0,49,650.0,Debit Card,42,Cancelled,4.7,Tandoori Nights 44,Hyderabad,South Indian,4.7,150
3421,33,2024-04-08 08:46:00,2,716,0.0,30,746.0,Wallet,26,Delivered,4.1,Pizza Point 33,Chennai,Bakery,2.9,600
3375,38,2024-04-08 09:01:00,1,237,0.0,49,286.0,Credit Card,62,Cancelled,4.0,Burger Barn 38,Kolkata,Biryani,3.0,600
4432,42,2024-04-08 10:14:00,1,165,0.0,49,214.0,Wallet,55,Delivered,3.0,Sizzle & Steam 42,Lucknow,Chinese,3.8,400
4244,4,2024-04-08 11:06:00,3,491,0.0,49,540.0,Credit Card,30,Delivered,4.4,Cafe Bliss 4,Lucknow,Fast Food,4.1,600
1766,1,2024-04-08 11:21:00,1,309,0.0,0,309.0,Cash on Delivery,29,Cancelled,3.3,Wok This Way 1,Pune,Italian,3.6,200
5793,10,2024-04-08 12:46:00,1,427,42.7,0,384.3,Credit Card,38,Delivered,4.4,Chaat Street 10,Mumbai,Italian,4.3,350
2355,9,2024-04-08 14:53:00,2,411,41.1,49,418.9,Cash on Delivery,56,Delivered,4.4,Curry Leaf 9,Pune,Bakery,4.1,200
2979,6,2024-04-08 15:36:00,2,803,0.0,0,803.0,Credit Card,40,Cancelled,3.3,Pizza Point 6,Mumbai,Desserts,3.1,800
5735,3,2024-04-08 16:18:00,2,527,0.0,30,557.0,UPI,46,Delivered,3.3,Grill Masters 3,Chennai,Continental,4.3,300
5931,1,2024-04-08 16:19:00,4,1224,183.6,20,1060.4,UPI,56,Delivered,3.2,Wok This Way 1,Pune,Italian,3.6,200
2914,10,2024-04-08 16:52:00,3,335,0.0,20,355.0,Cash on Delivery,26,Delivered,4.2,Chaat Street 10,Mumbai,Italian,4.3,350
1895,45,2024-04-08 16:52:00,2,802,160.4,49,690.6,UPI,64,Delivered,2.6,Royal Feast 45,Ahmedabad,Fast Food,3.3,250
3231,36,2024-04-08 17:17:00,2,1041,156.15,0,884.85,Debit Card,43,Cancelled,3.4,Wok This Way 36,Bangalore,Desserts,4.5,500
4816,11,2024-04-08 21:35:00,2,208,20.8,20,207.2,UPI,60,Delivered,4.5,Noodle Bar 11,Hyderabad,Chinese,2.8,600
4189,11,2024-04-08 22:00:00,4,624,62.4,0,561.6,Wallet,35,Cancelled,4.9,Noodle Bar 11,Hyderabad,Chinese,2.8,600
4000,20,2024-04-08 23:22:00,2,642,0.0,49,691.0,Wallet,31,Delivered,4.8,Urban Tadka 20,Hyderabad,Street Food,3.4,600
5787,38,2024-04-09 08:21:00,2,289,0.0,20,309.0,UPI,62,Delivered,4.4,Burger Barn 38,Kolkata,Biryani,3.0,600
2408,16,2024-04-09 11:55:00,4,999,149.85,20,869.15,Debit Card,60,Delivered,5.0,Cafe Bliss 16,Chennai,South Indian,3.2,500
4246,47,2024-04-09 12:40:00,1,546,54.6,49,540.4,Cash on Delivery,61,Delivered,2.9,Wok This Way 47,Ahmedabad,Street Food,3.5,250
4574,37,2024-04-09 12:55:00,4,634,95.1,20,558.9,UPI,62,Cancelled,4.2,Curry Leaf 37,Chennai,Chinese,3.4,500
3637,15,2024-04-09 13:48:00,2,305,0.0,40,345.0,Credit Card,19,Delivered,2.7,Biryani House 15,Ahmedabad,North Indian,3.2,800
5106,23,2024-04-09 15:46:00,3,314,0.0,20,334.0,Wallet,37,Delivered,4.8,Noodle Bar 23,Lucknow,Desserts,3.4,150
1226,49,2024-04-09 17:14:00,2,719,71.9,49,696.1,Wallet,45,Cancelled,4.2,Curry Leaf 49,Pune,Chinese,3.9,350
2573,42,2024-04-09 17:28:00,4,720,144.0,49,625.0,Wallet,39,Delivered,4.7,Sizzle & Steam 42,Lucknow,Chinese,3.8,400
5446,41,2024-04-09 18:27:00,2,602,0.0,20,622.0,Credit Card,23,Delivered,3.4,Dosa Corner 41,Hyderabad,Continental,3.1,600
2647,39,2024-04-09 18:31:00,2,626,125.2,40,540.8,Debit Card,25,Delivered,3.6,Wok This Way 39,Pune,North Indian,4.2,350
4973,35,2024-04-09 18:48:00,3,618,123.6,40,534.4,Debit Card,50,Delivered,4.0,Momo Magic 35,Hyderabad,Fast Food,4.8,150
4407,1,2024-04-09 20:02:00,1,475,0.0,30,505.0,Credit Card,44,Delivered,3.7,Wok This Way 1,Pune,Italian,3.6,200
2775,44,2024-04-09 22:59:00,2,925,138.75,49,835.25,UPI,54,Delivered,4.8,Tandoori Nights 44,Hyderabad,South Indian,4.7,150
4283,26,2024-04-10 08:11:00,2,932,186.4,30,775.6,UPI,19,Delivered,2.6,Chaat Street 26,Hyderabad,Continental,4.4,250
4632,6,2024-04-10 08:23:00,3,300,0.0,30,330.0,Debit Card,35,Cancelled,4.4,Pizza Point 6,Mumbai,Desserts,3.1,800
2164,19,2024-04-10 15:09:00,2,347,52.05,49,343.95,Wallet,51,Delivered,4.0,Spice Junction 19,Chennai,Desserts,3.7,150
4333,35,2024-04-10 18:16:00,2,425,85.0,40,380.0,Cash on Delivery,34,Cancelled,4.8,Momo Magic 35,Hyderabad,Fast Food,4.8,150
4196,24,2024-04-10 20:07:00,1,226,0.0,0,226.0,Wallet,60,Delivered,2.7,Cafe Bliss 24,Delhi,Street Food,3.6,600
5439,37,2024-04-10 20:43:00,4,432,0.0,40,472.0,UPI,22,Delivered,3.3,Curry Leaf 37,Chennai,Chinese,3.4,500
5302,1,2024-04-10 21:37:00,3,944,141.6,49,851.4,Credit Card,18,Cancelled,3.0,Wok This Way 1,Pune,Italian,3.6,200
1188,33,2024-04-11 10:37:00,3,390,78.0,30,342.0,Credit Card,25,Delivered,4.3,Pizza Point 33,Chennai,Bakery,2.9,600
3249,7,2024-04-11 10:59:00,3,910,182.0,49,777.0,UPI,19,Cancelled,3.6,Wok This Way 7,Bangalore,Street Food,2.9,600
1129,31,2024-04-11 12:01:00,2,741,74.1,0,666.9,Wallet,53,Delivered,2.7,Momo Magic 31,Jaipur,Continental,4.1,500
1489,42,2024-04-11 13:38:00,2,506,0.0,30,536.0,Credit Card,20,Cancelled,2.7,Sizzle & Steam 42,Lucknow,Chinese,3.8,400
5559,39,2024-04-11 13:56:00,1,199,0.0,0,199.0,UPI,57,Delivered,4.5,Wok This Way 39,Pune,North Indian,4.2,350
2454,25,2024-04-11 14:49:00,1,288,0.0,49,337.0,UPI,56,Delivered,4.1,Royal Feast 25,Jaipur,Biryani,3.8,250
4482,18,2024-04-11 15:27:00,2,631,94.65,20,556.35,UPI,57,Delivered,3.5,Sizzle & Steam 18,Chennai,Chinese,3.9,600
4062,24,2024-04-11 17:05:00,4,440,66.0,20,394.0,Cash on Delivery,46,Cancelled,4.3,Cafe Bliss 24,Delhi,Street Food,3.6,600
3701,50,2024-04-11 18:12:00,1,253,37.95,30,245.05,Debit Card,15,Delivered,4.7,Urban Tadka 50,Delhi,Bakery,3.2,500
3482,18,2024-04-11 18:14:00,1,519,51.9,30,497.1,Wallet,24,Delivered,3.1,Sizzle & Steam 18,Chennai,Chinese,3.9,600
2203,3,2024-04-11 20:23:00,4,765,0.0,40,805.0,Credit Card,44,Delivered,4.8,Grill Masters 3,Chennai,Continental,4.3,300
3066,45,2024-04-11 22:35:00,2,1007,0.0,20,1027.0,Cash on Delivery,17,Cancelled,3.0,Royal Feast 45,Ahmedabad,Fast Food,3.3,250
2207,8,2024-04-11 22:51:00,1,392,0.0,49,441.0,UPI,16,Cancelled,4.3,Urban Tadka 8,Hyderabad,Desserts,4.6,350
3030,50,2024-04-11 23:25:00,2,239,47.8,40,231.2,Debit Card,32,Cancelled,4.6,Urban Tadka 50,Delhi,Bakery,3.2,500
2770,46,2024-04-12 08:47:00,4,432,0.0,40,472.0,Wallet,43,Delivered,3.4,Urban Tadka 46,Kolkata,Continental,4.2,350
1590,16,2024-04-12 09:20:00,4,616,0.0,40,656.0,Debit Card,32,Delivered,3.3,Cafe Bliss 16,Chennai,South Indian,3.2,500
4538,49,2024-04-12 09:47:00,4,414,0.0,40,454.0,Debit Card,49,Delivered,3.0,Curry Leaf 49,Pune,Chinese,3.9,350
1636,11,2024-04-12 12:15:00,1,288,43.2,49,293.8,Credit Card,31,Delivered,3.5,Noodle Bar 11,Hyderabad,Chinese,2.8,600
1544,13,2024-04-12 12:55:00,4,1216,243.2,40,1012.8,Cash on Delivery,28,Delivered,4.6,Spice Junction 13,Kolkata,Biryani,4.5,800
5815,25,2024-04-12 13:18:00,1,286,0.0,49,335.0,UPI,27,Delivered,3.1,Royal Feast 25,Jaipur,Biryani,3.8,250
3668,15,2024-04-12 13:42:00,2,828,165.6,20,682.4,Wallet,36,Delivered,3.7,Biryani House 15,Ahmedabad,North Indian,3.2,800
2798,17,2024-04-12 15:47:00,3,1083,216.6,0,866.4,Credit Card,35,Cancelled,3.6,Spicy Junction 17,Delhi,Chinese,3.4,800
3057,31,2024-04-12 16:03:00,3,1542,308.4,20,1253.6,UPI,54,Delivered,4.2,Momo Magic 31,Jaipur,Continental,4.1,500
5312,41,2024-04-12 16:08:00,1,134,0.0,40,174.0,Wallet,15,Delivered,3.9,Dosa Corner 41,Hyderabad,Continental,3.1,600
1755,32,2024-04-12 17:20:00,4,1219,121.9,49,1146.1,Wallet,64,Cancelled,4.5,Grill Masters 32,Hyderabad,Fast Food,3.2,800
2423,23,2024-04-12 19:00:00,1,149,0.0,20,169.0,Debit Card,41,Cancelled,4.4,Noodle Bar 23,Lucknow,Desserts,3.4,150
5146,38,2024-04-12 19:23:00,2,303,0.0,49,352.0,UPI,28,Delivered,2.6,Burger Barn 38,Kolkata,Biryani,3.0,600
3780,43,2024-04-12 19:29:00,1,415,41.5,40,413.5,Credit Card,26,Cancelled,3.8,Grill Masters 43,Chennai,Continental,2.9,250
3392,30,2024-04-12 20:11:00,2,240,0.0,40,280.0,Credit Card,28,Cancelled,3.3,Noodle Bar 30,Pune,South Indian,2.9,800
1098,22,2024-04-12 22:22:00,2,239,47.8,0,191.2,Debit Card,61,Delivered,3.5,Urban Tadka 22,Mumbai,Desserts,3.1,250
4381,12,2024-04-13 08:09:00,2,637,0.0,0,637.0,UPI,40,Cancelled,2.7,Tandoori Nights 12,Mumbai,Continental,4.8,800
4966,42,2024-04-13 09:15:00,2,239,47.8,49,240.2,UPI,63,Delivered,4.7,Sizzle & Steam 42,Lucknow,Chinese,3.8,400
1589,32,2024-04-13 09:50:00,2,435,65.25,40,409.75,Wallet,53,Delivered,3.4,Grill Masters 32,Hyderabad,Fast Food,3.2,800
3216,22,2024-04-13 10:28:00,4,725,0.0,49,774.0,UPI,34,Delivered,3.9,Urban Tadka 22,Mumbai,Desserts,3.1,250
2184,10,2024-04-13 12:49:00,3,1390,139.0,20,1271.0,Credit Card,29,Delivered,2.8,Chaat Street 10,Mumbai,Italian,4.3,350
2075,4,2024-04-13 12:56:00,4,1604,0.0,20,1624.0,Cash on Delivery,18,Delivered,4.6,Cafe Bliss 4,Lucknow,Fast Food,4.1,600
5397,38,2024-04-13 13:27:00,1,254,0.0,20,274.0,Cash on Delivery,29,Delivered,4.9,Burger Barn 38,Kolkata,Biryani,3.0,600
3414,20,2024-04-13 13:35:00,1,150,0.0,40,190.0,Credit Card,32,Delivered,3.1,Urban Tadka 20,Hyderabad,Street Food,3.4,600
4485,4,2024-04-13 16:55:00,2,215,0.0,30,245.0,Wallet,31,Delivered,3.0,Cafe Bliss 4,Lucknow,Fast Food,4.1,600
3443,4,2024-04-13 21:21:00,1,432,86.4,30,375.6,UPI,18,Delivered,2.5,Cafe Bliss 4,Lucknow,Fast Food,4.1,600
4380,22,2024-04-13 22:17:00,3,1204,240.8,49,1012.2,UPI,15,Delivered,4.5,Urban Tadka 22,Mumbai,Desserts,3.1,250
4036,43,2024-04-13 22:26:00,2,321,0.0,40,361.0,Credit Card,59,Delivered,4.6,Grill Masters 43,Chennai,Continental,2.9,250
3552,4,2024-04-14 08:18:00,1,348,52.2,49,344.8,UPI,29,Cancelled,4.7,Cafe Bliss 4,Lucknow,Fast Food,4.1,600
5098,29,2024-04-14 10:05:00,4,1005,0.0,30,1035.0,Wallet,47,Delivered,4.9,Sweet Tooth 29,Kolkata,North Indian,4.0,500
3107,14,2024-04-14 10:11:00,3,1234,246.8,40,1027.2,UPI,59,Delivered,2.9,Curry Leaf 14,Pune,South Indian,3.2,150
5336,21,2024-04-14 12:35:00,3,1085,108.5,30,1006.5,Credit Card,23,Delivered,3.8,Biryani House 21,Pune,South Indian,4.1,600
5599,34,2024-04-14 17:36:00,2,340,0.0,49,389.0,Debit Card,61,Delivered,3.5,Biryani House 34,Bangalore,South Indian,4.8,200
1671,45,2024-04-14 18:38:00,1,151,30.2,0,120.8,UPI,18,Delivered,2.9,Royal Feast 45,Ahmedabad,Fast Food,3.3,250
5426,34,2024-04-14 18:59:00,2,624,62.4,20,581.6,UPI,23,Delivered,2.7,Biryani House 34,Bangalore,South Indian,4.8,200
1869,31,2024-04-14 19:20:00,2,540,0.0,49,589.0,Wallet,23,Delivered,3.0,Momo Magic 31,Jaipur,Continental,4.1,500
5247,9,2024-04-14 19:40:00,2,520,0.0,40,560.0,UPI,40,Cancelled,3.1,Curry Leaf 9,Pune,Bakery,4.1,200
4359,40,2024-04-14 20:04:00,2,275,27.5,30,277.5,UPI,22,Delivered,2.9,Dosa Corner 40,Mumbai,Fast Food,3.7,250
5860,17,2024-04-14 21:05:00,3,927,92.7,30,864.3,Credit Card,63,Delivered,5.0,Spicy Junction 17,Delhi,Chinese,3.4,800
3573,5,2024-04-15 09:42:00,3,343,34.3,0,308.7,Credit Card,38,Delivered,3.3,Cafe Bliss 5,Hyderabad,Street Food,3.1,500
4471,25,2024-04-15 09:58:00,3,566,113.2,20,472.8,Debit Card,32,Delivered,4.5,Royal Feast 25,Jaipur,Biryani,3.8,250
5277,1,2024-04-15 10:12:00,1,343,51.45,30,321.55,Debit Card,19,Delivered,3.0,Wok This Way 1,Pune,Italian,3.6,200
4376,7,2024-04-15 12:55:00,4,1840,184.0,30,1686.0,Credit Card,40,Cancelled,4.9,Wok This Way 7,Bangalore,Street Food,2.9,600
5246,44,2024-04-15 13:50:00,3,925,0.0,49,974.0,Debit Card,58,Delivered,3.2,Tandoori Nights 44,Hyderabad,South Indian,4.7,150
2290,42,2024-04-15 14:26:00,2,271,0.0,30,301.0,Cash on Delivery,52,Delivered,4.6,Sizzle & Steam 42,Lucknow,Chinese,3.8,400
2046,43,2024-04-15 14:51:00,4,1034,155.1,20,898.9,UPI,43,Delivered,2.6,Grill Masters 43,Chennai,Continental,2.9,250
2369,44,2024-04-15 16:41:00,4,1598,0.0,30,1628.0,UPI,46,Cancelled,3.0,Tandoori Nights 44,Hyderabad,South Indian,4.7,150
4377,28,2024-04-15 17:27:00,3,913,0.0,30,943.0,Cash on Delivery,29,Cancelled,3.1,Spice Junction 28,Ahmedabad,Continental,3.9,350
3287,10,2024-04-15 18:19:00,2,543,0.0,20,563.0,UPI,31,Delivered,4.7,Chaat Street 10,Mumbai,Italian,4.3,350
2738,29,2024-04-15 18:26:00,4,1230,0.0,20,1250.0,UPI,58,Cancelled,4.6,Sweet Tooth 29,Kolkata,North Indian,4.0,500
2682,4,2024-04-15 19:24:00,4,426,42.6,40,423.4,Cash on Delivery,50,Delivered,4.7,Cafe Bliss 4,Lucknow,Fast Food,4.1,600
5480,32,2024-04-15 20:11:00,4,1008,0.0,30,1038.0,UPI,29,Delivered,4.0,Grill Masters 32,Hyderabad,Fast Food,3.2,800
1156,11,2024-04-15 21:24:00,1,154,23.1,49,179.9,Credit Card,47,Delivered,3.8,Noodle Bar 11,Hyderabad,Chinese,2.8,600
4060,22,2024-04-15 22:44:00,1,539,53.9,0,485.1,Credit Card,60,Delivered,2.5,Urban Tadka 22,Mumbai,Desserts,3.1,250
1989,17,2024-04-15 23:22:00,3,619,0.0,40,659.0,Debit Card,41,Delivered,3.8,Spicy Junction 17,Delhi,Chinese,3.4,800
5142,43,2024-04-15 23:27:00,4,723,0.0,20,743.0,Debit Card,33,Delivered,4.2,Grill Masters 43,Chennai,Continental,2.9,250
4988,31,2024-04-16 10:09:00,4,1435,0.0,20,1455.0,UPI,21,Delivered,4.7,Momo Magic 31,Jaipur,Continental,4.1,500
4660,49,2024-04-16 11:11:00,2,618,92.7,49,574.3,Wallet,25,Delivered,4.1,Curry Leaf 49,Pune,Chinese,3.9,350
3607,35,2024-04-16 17:30:00,4,432,43.2,49,437.8,UPI,58,Delivered,4.6,Momo Magic 35,Hyderabad,Fast Food,4.8,150
4007,26,2024-04-16 17:44:00,3,1519,0.0,49,1568.0,Credit Card,23,Cancelled,3.7,Chaat Street 26,Hyderabad,Continental,4.4,250
1858,37,2024-04-16 18:19:00,3,1073,214.6,49,907.4,Cash on Delivery,39,Delivered,4.8,Curry Leaf 37,Chennai,Chinese,3.4,500
1728,20,2024-04-16 18:42:00,4,999,0.0,49,1048.0,Wallet,58,Delivered,3.2,Urban Tadka 20,Hyderabad,Street Food,3.4,600
5958,2,2024-04-16 19:19:00,1,533,0.0,40,573.0,Cash on Delivery,50,Cancelled,3.4,Spice Junction 2,Lucknow,Continental,4.8,200
5115,20,2024-04-16 20:06:00,1,279,27.9,40,291.1,UPI,63,Delivered,3.9,Urban Tadka 20,Hyderabad,Street Food,3.4,600
4438,49,2024-04-16 20:27:00,1,162,16.2,30,175.8,Credit Card,27,Cancelled,3.5,Curry Leaf 49,Pune,Chinese,3.9,350
3183,26,2024-04-16 21:26:00,3,749,149.8,40,639.2,Cash on Delivery,30,Delivered,4.2,Chaat Street 26,Hyderabad,Continental,4.4,250
2189,23,2024-04-16 22:19:00,1,541,0.0,0,541.0,Cash on Delivery,27,Delivered,3.6,Noodle Bar 23,Lucknow,Desserts,3.4,150
1736,43,2024-04-16 23:20:00,3,343,0.0,40,383.0,Credit Card,30,Delivered,3.6,Grill Masters 43,Chennai,Continental,2.9,250
5405,30,2024-04-16 23:32:00,2,839,0.0,49,888.0,UPI,34,Delivered,2.5,Noodle Bar 30,Pune,South Indian,2.9,800
2969,38,2024-04-16 23:59:00,3,1059,0.0,30,1089.0,UPI,62,Delivered,4.3,Burger Barn 38,Kolkata,Biryani,3.0,600
4843,39,2024-04-17 11:00:00,3,463,0.0,40,503.0,Cash on Delivery,42,Delivered,4.5,Wok This Way 39,Pune,North Indian,4.2,350
3658,24,2024-04-17 12:05:00,2,1043,156.45,49,935.55,Debit Card,18,Delivered,3.2,Cafe Bliss 24,Delhi,Street Food,3.6,600
2702,29,2024-04-17 13:41:00,2,323,0.0,20,343.0,Debit Card,19,Delivered,3.9,Sweet Tooth 29,Kolkata,North Indian,4.0,500
3171,2,2024-04-17 14:39:00,4,2009,0.0,20,2029.0,UPI,34,Delivered,3.3,Spice Junction 2,Lucknow,Continental,4.8,200
5055,28,2024-04-17 14:43:00,2,523,0.0,49,572.0,Wallet,42,Delivered,3.1,Spice Junction 28,Ahmedabad,Continental,3.9,350
4929,19,2024-04-17 15:03:00,4,803,0.0,40,843.0,UPI,61,Delivered,4.9,Spice Junction 19,Chennai,Desserts,3.7,150
4615,26,2024-04-17 15:44:00,1,137,0.0,30,167.0,Wallet,64,Delivered,4.2,Chaat Street 26,Hyderabad,Continental,4.4,250
4287,48,2024-04-17 17:29:00,4,1402,210.3,49,1240.7,Credit Card,41,Cancelled,3.9,Burger Barn 48,Delhi,Italian,3.9,150
2546,35,2024-04-17 17:43:00,2,505,0.0,40,545.0,Wallet,19,Delivered,4.6,Momo Magic 35,Hyderabad,Fast Food,4.8,150
3230,42,2024-04-17 18:12:00,4,1836,275.4,30,1590.6,Cash on Delivery,31,Delivered,4.0,Sizzle & Steam 42,Lucknow,Chinese,3.8,400
2634,10,2024-04-17 19:13:00,1,416,41.6,20,394.4,Credit Card,22,Delivered,3.2,Chaat Street 10,Mumbai,Italian,4.3,350
3768,29,2024-04-17 19:50:00,4,408,61.2,30,376.8,Credit Card,15,Delivered,2.7,Sweet Tooth 29,Kolkata,North Indian,4.0,500
4528,41,2024-04-17 20:44:00,1,511,102.2,30,438.8,Debit Card,18,Delivered,4.9,Dosa Corner 41,Hyderabad,Continental,3.1,600
5586,41,2024-04-17 21:33:00,3,465,46.5,49,467.5,Wallet,44,Delivered,4.8,Dosa Corner 41,Hyderabad,Continental,3.1,600
1663,10,2024-04-17 21:39:00,1,362,0.0,0,362.0,Debit Card,63,Delivered,3.0,Chaat Street 10,Mumbai,Italian,4.3,350
4176,20,2024-04-17 22:38:00,4,556,55.6,40,540.4,UPI,47,Delivered,3.5,Urban Tadka 20,Hyderabad,Street Food,3.4,600
4342,37,2024-04-17 23:14:00,4,634,95.1,40,578.9,Debit Card,49,Delivered,3.8,Curry Leaf 37,Chennai,Chinese,3.4,500
5702,50,2024-04-17 23:34:00,2,419,62.85,40,396.15,Credit Card,59,Delivered,2.6,Urban Tadka 50,Delhi,Bakery,3.2,500
4550,45,2024-04-18 08:24:00,2,1046,0.0,30,1076.0,Wallet,36,Delivered,4.7,Royal Feast 45,Ahmedabad,Fast Food,3.3,250
3299,44,2024-04-18 13:30:00,2,272,54.4,49,266.6,Debit Card,57,Delivered,3.5,Tandoori Nights 44,Hyderabad,South Indian,4.7,150
4580,47,2024-04-18 13:48:00,2,724,108.6,20,635.4,Cash on Delivery,35,Delivered,2.8,Wok This Way 47,Ahmedabad,Street Food,3.5,250
2321,43,2024-04-18 14:08:00,3,772,77.2,30,724.8,Debit Card,44,Delivered,4.5,Grill Masters 43,Chennai,Continental,2.9,250
1246,47,2024-04-18 16:42:00,1,147,29.4,40,157.6,Debit Card,51,Delivered,4.8,Wok This Way 47,Ahmedabad,Street Food,3.5,250
5881,9,2024-04-18 17:27:00,3,916,137.4,40,818.6,UPI,34,Cancelled,3.2,Curry Leaf 9,Pune,Bakery,4.1,200
1207,33,2024-04-18 19:51:00,3,930,93.0,40,877.0,Cash on Delivery,57,Delivered,4.1,Pizza Point 33,Chennai,Bakery,2.9,600
4952,44,2024-04-18 20:39:00,1,270,0.0,30,300.0,Debit Card,40,Delivered,4.0,Tandoori Nights 44,Hyderabad,South Indian,4.7,150
3875,49,2024-04-18 20:45:00,1,188,0.0,40,228.0,Cash on Delivery,51,Delivered,4.3,Curry Leaf 49,Pune,Chinese,3.9,350
1171,18,2024-04-18 22:20:00,3,388,77.6,0,310.4,UPI,32,Delivered,4.4,Sizzle & Steam 18,Chennai,Chinese,3.9,600
4095,33,2024-04-18 22:30:00,4,1432,214.8,49,1266.2,Cash on Delivery,19,Delivered,3.1,Pizza Point 33,Chennai,Bakery,2.9,600
1908,1,2024-04-18 23:17:00,3,1514,0.0,0,1514.0,UPI,49,Delivered,3.3,Wok This Way 1,Pune,Italian,3.6,200
5866,44,2024-04-18 23:42:00,4,753,0.0,20,773.0,UPI,56,Delivered,4.1,Tandoori Nights 44,Hyderabad,South Indian,4.7,150
5027,10,2024-04-19 09:13:00,1,291,0.0,40,331.0,Cash on Delivery,19,Delivered,4.7,Chaat Street 10,Mumbai,Italian,4.3,350
3446,35,2024-04-19 09:37:00,1,442,44.2,20,417.8,Wallet,42,Cancelled,5.0,Momo Magic 35,Hyderabad,Fast Food,4.8,150
1153,24,2024-04-19 10:26:00,2,632,63.2,0,568.8,Cash on Delivery,24,Delivered,4.5,Cafe Bliss 24,Delhi,Street Food,3.6,600
3682,48,2024-04-19 15:26:00,3,1390,139.0,40,1291.0,Debit Card,63,Delivered,2.8,Burger Barn 48,Delhi,Italian,3.9,150
4271,36,2024-04-19 15:30:00,4,1441,216.15,49,1273.85,UPI,16,Delivered,4.0,Wok This Way 36,Bangalore,Desserts,4.5,500
3810,25,2024-04-19 16:28:00,1,505,101.0,40,444.0,Credit Card,34,Delivered,4.7,Royal Feast 25,Jaipur,Biryani,3.8,250
2589,6,2024-04-19 18:21:00,1,101,15.15,30,115.85,Debit Card,59,Delivered,3.4,Pizza Point 6,Mumbai,Desserts,3.1,800
2751,34,2024-04-19 20:50:00,4,565,0.0,0,565.0,UPI,29,Cancelled,3.7,Biryani House 34,Bangalore,South Indian,4.8,200
1125,28,2024-04-19 23:50:00,4,1007,100.7,30,936.3,Credit Card,44,Delivered,3.2,Spice Junction 28,Ahmedabad,Continental,3.9,350
1563,32,2024-04-20 12:35:00,2,403,40.3,30,392.7,Cash on Delivery,54,Delivered,3.8,Grill Masters 32,Hyderabad,Fast Food,3.2,800
1396,12,2024-04-20 15:21:00,4,739,0.0,40,779.0,Cash on Delivery,38,Delivered,4.6,Tandoori Nights 12,Mumbai,Continental,4.8,800
5740,46,2024-04-20 16:11:00,1,190,28.5,20,181.5,Wallet,24,Delivered,3.5,Urban Tadka 46,Kolkata,Continental,4.2,350
2837,33,2024-04-20 16:30:00,2,223,44.6,20,198.4,Credit Card,17,Delivered,2.6,Pizza Point 33,Chennai,Bakery,2.9,600
3866,16,2024-04-20 17:46:00,2,320,64.0,40,296.0,Wallet,64,Delivered,4.2,Cafe Bliss 16,Chennai,South Indian,3.2,500
5642,4,2024-04-20 21:03:00,1,465,0.0,40,505.0,Wallet,26,Cancelled,3.5,Cafe Bliss 4,Lucknow,Fast Food,4.1,600
2712,34,2024-04-20 22:38:00,4,1641,246.15,30,1424.85,Cash on Delivery,25,Cancelled,4.6,Biryani House 34,Bangalore,South Indian,4.8,200
1224,24,2024-04-20 23:17:00,4,1209,241.8,40,1007.2,Debit Card,16,Delivered,2.8,Cafe Bliss 24,Delhi,Street Food,3.6,600
4612,11,2024-04-20 23:18:00,3,344,68.8,0,275.2,UPI,34,Delivered,3.4,Noodle Bar 11,Hyderabad,Chinese,2.8,600
3502,8,2024-04-20 23:53:00,3,393,39.3,40,393.7,UPI,40,Cancelled,4.3,Urban Tadka 8,Hyderabad,Desserts,4.6,350
5131,45,2024-04-21 08:20:00,4,1027,0.0,49,1076.0,Cash on Delivery,17,Delivered,4.7,Royal Feast 45,Ahmedabad,Fast Food,3.3,250
4833,42,2024-04-21 08:56:00,1,411,82.2,20,348.8,Cash on Delivery,23,Delivered,3.2,Sizzle & Steam 42,Lucknow,Chinese,3.8,400
3007,5,2024-04-21 10:46:00,2,404,60.6,30,373.4,UPI,43,Delivered,3.5,Cafe Bliss 5,Hyderabad,Street Food,3.1,500
2100,40,2024-04-21 10:57:00,3,1232,246.4,20,1005.6,Wallet,60,Delivered,4.8,Dosa Corner 40,Mumbai,Fast Food,3.7,250
5162,38,2024-04-21 11:35:00,3,900,90.0,40,850.0,Debit Card,64,Delivered,4.1,Burger Barn 38,Kolkata,Biryani,3.0,600
3282,50,2024-04-21 12:56:00,4,1037,103.7,20,953.3,UPI,40,Delivered,2.6,Urban Tadka 50,Delhi,Bakery,3.2,500
3675,30,2024-04-21 14:18:00,4,723,0.0,30,753.0,UPI,50,Delivered,2.7,Noodle Bar 30,Pune,South Indian,2.9,800
5052,38,2024-04-21 14:26:00,1,325,0.0,20,345.0,Debit Card,60,Cancelled,3.7,Burger Barn 38,Kolkata,Biryani,3.0,600
2908,22,2024-04-21 18:26:00,2,298,44.7,30,283.3,UPI,25,Delivered,3.4,Urban Tadka 22,Mumbai,Desserts,3.1,250
2038,12,2024-04-21 21:06:00,3,1510,0.0,0,1510.0,Debit Card,49,Cancelled,4.6,Tandoori Nights 12,Mumbai,Continental,4.8,800
5971,8,2024-04-21 21:57:00,1,141,28.2,20,132.8,Debit Card,19,Delivered,4.7,Urban Tadka 8,Hyderabad,Desserts,4.6,350
5827,16,2024-04-21 22:16:00,4,1009,151.35,20,877.65,Cash on Delivery,49,Delivered,3.3,Cafe Bliss 16,Chennai,South Indian,3.2,500
1886,6,2024-04-21 22:23:00,2,303,0.0,0,303.0,Wallet,31,Cancelled,3.7,Pizza Point 6,Mumbai,Desserts,3.1,800
1018,39,2024-04-22 08:04:00,4,1034,0.0,0,1034.0,UPI,53,Delivered,2.9,Wok This Way 39,Pune,North Indian,4.2,350
3486,25,2024-04-22 10:30:00,3,795,79.5,30,745.5,Credit Card,52,Delivered,2.6,Royal Feast 25,Jaipur,Biryani,3.8,250
4444,41,2024-04-22 10:42:00,2,618,0.0,49,667.0,Debit Card,39,Delivered,4.6,Dosa Corner 41,Hyderabad,Continental,3.1,600
5240,20,2024-04-22 11:03:00,2,819,163.8,40,695.2,Wallet,27,Delivered,3.0,Urban Tadka 20,Hyderabad,Street Food,3.4,600
2585,5,2024-04-22 13:33:00,3,1545,0.0,0,1545.0,Debit Card,57,Delivered,2.6,Cafe Bliss 5,Hyderabad,Street Food,3.1,500
5616,27,2024-04-22 14:16:00,4,1218,182.7,30,1065.3,Credit Card,31,Delivered,3.7,Grill Masters 27,Delhi,Fast Food,3.2,150
4312,11,2024-04-22 14:28:00,2,312,0.0,49,361.0,Wallet,49,Cancelled,5.0,Noodle Bar 11,Hyderabad,Chinese,2.8,600
1162,20,2024-04-22 16:27:00,3,464,0.0,49,513.0,Cash on Delivery,19,Delivered,3.7,Urban Tadka 20,Hyderabad,Street Food,3.4,600
3374,2,2024-04-22 17:16:00,4,414,0.0,20,434.0,UPI,55,Delivered,3.6,Spice Junction 2,Lucknow,Continental,4.8,200
4836,2,2024-04-22 17:45:00,3,1210,0.0,40,1250.0,Wallet,60,Delivered,2.8,Spice Junction 2,Lucknow,Continental,4.8,200
5648,15,2024-04-22 18:40:00,1,249,0.0,20,269.0,Wallet,49,Delivered,2.9,Biryani House 15,Ahmedabad,North Indian,3.2,800
4002,15,2024-04-22 18:58:00,4,538,0.0,20,558.0,Cash on Delivery,28,Delivered,3.7,Biryani House 15,Ahmedabad,North Indian,3.2,800
1461,25,2024-04-22 20:38:00,4,645,0.0,30,675.0,Credit Card,23,Delivered,3.7,Royal Feast 25,Jaipur,Biryani,3.8,250
2714,34,2024-04-22 21:38:00,4,643,64.3,30,608.7,Debit Card,58,Delivered,2.5,Biryani House 34,Bangalore,South Indian,4.8,200
3588,50,2024-04-22 22:22:00,2,1000,0.0,20,1020.0,Debit Card,29,Delivered,4.7,Urban Tadka 50,Delhi,Bakery,3.2,500
5460,41,2024-04-22 22:45:00,3,600,0.0,30,630.0,Wallet,28,Cancelled,4.2,Dosa Corner 41,Hyderabad,Continental,3.1,600
2679,32,2024-04-22 23:14:00,3,930,139.5,20,810.5,Debit Card,29,Delivered,2.6,Grill Masters 32,Hyderabad,Fast Food,3.2,800
4190,2,2024-04-23 08:48:00,2,294,44.1,49,298.9,Wallet,37,Delivered,2.9,Spice Junction 2,Lucknow,Continental,4.8,200
1871,9,2024-04-23 12:01:00,2,730,146.0,30,614.0,Debit Card,57,Delivered,3.3,Curry Leaf 9,Pune,Bakery,4.1,200
2809,11,2024-04-23 12:03:00,3,1539,0.0,30,1569.0,UPI,41,Delivered,2.5,Noodle Bar 11,Hyderabad,Chinese,2.8,600
3506,25,2024-04-23 12:58:00,2,301,0.0,20,321.0,UPI,51,Delivered,4.4,Royal Feast 25,Jaipur,Biryani,3.8,250
3106,16,2024-04-23 14:48:00,2,338,0.0,49,387.0,UPI,45,Delivered,4.3,Cafe Bliss 16,Chennai,South Indian,3.2,500
5944,28,2024-04-23 15:01:00,2,306,0.0,0,306.0,Cash on Delivery,31,Cancelled,4.1,Spice Junction 28,Ahmedabad,Continental,3.9,350
1981,14,2024-04-23 15:28:00,2,800,120.0,0,680.0,Credit Card,25,Delivered,4.5,Curry Leaf 14,Pune,South Indian,3.2,150
4193,44,2024-04-23 15:31:00,1,271,54.2,40,256.8,Debit Card,33,Delivered,4.8,Tandoori Nights 44,Hyderabad,South Indian,4.7,150
2368,37,2024-04-23 15:43:00,3,921,92.1,30,858.9,Debit Card,34,Delivered,3.6,Curry Leaf 37,Chennai,Chinese,3.4,500
1215,44,2024-04-23 20:44:00,2,527,105.4,0,421.6,Wallet,47,Delivered,4.1,Tandoori Nights 44,Hyderabad,South Indian,4.7,150
2654,41,2024-04-23 21:17:00,1,215,0.0,49,264.0,UPI,18,Cancelled,4.0,Dosa Corner 41,Hyderabad,Continental,3.1,600
5682,50,2024-04-23 21:35:00,1,384,0.0,20,404.0,UPI,32,Delivered,4.4,Urban Tadka 50,Delhi,Bakery,3.2,500
1551,39,2024-04-23 22:56:00,2,313,0.0,30,343.0,Debit Card,61,Delivered,3.3,Wok This Way 39,Pune,North Indian,4.2,350
4887,31,2024-04-24 08:14:00,1,479,47.9,40,471.1,UPI,44,Delivered,3.2,Momo Magic 31,Jaipur,Continental,4.1,500
5688,28,2024-04-24 08:25:00,1,177,0.0,30,207.0,UPI,38,Delivered,3.8,Spice Junction 28,Ahmedabad,Continental,3.9,350
4212,41,2024-04-24 09:17:00,1,456,0.0,40,496.0,Wallet,24,Delivered,4.2,Dosa Corner 41,Hyderabad,Continental,3.1,600
2156,30,2024-04-24 09:25:00,2,626,125.2,20,520.8,Wallet,55,Delivered,4.0,Noodle Bar 30,Pune,South Indian,2.9,800
4838,26,2024-04-24 09:34:00,4,803,160.6,40,682.4,Wallet,52,Delivered,2.6,Chaat Street 26,Hyderabad,Continental,4.4,250
5186,45,2024-04-24 09:52:00,3,1521,0.0,0,1521.0,UPI,20,Delivered,3.3,Royal Feast 45,Ahmedabad,Fast Food,3.3,250
4589,47,2024-04-24 10:41:00,2,931,93.1,20,857.9,Cash on Delivery,25,Cancelled,3.5,Wok This Way 47,Ahmedabad,Street Food,3.5,250
1176,36,2024-04-24 10:49:00,2,374,74.8,20,319.2,Credit Card,33,Cancelled,4.3,Wok This Way 36,Bangalore,Desserts,4.5,500
2437,35,2024-04-24 12:13:00,1,539,0.0,49,588.0,UPI,40,Delivered,4.2,Momo Magic 35,Hyderabad,Fast Food,4.8,150
3862,14,2024-04-24 14:12:00,2,605,0.0,20,625.0,Debit Card,43,Delivered,4.2,Curry Leaf 14,Pune,South Indian,3.2,150
2671,28,2024-04-24 17:08:00,4,418,41.8,0,376.2,Debit Card,40,Delivered,4.9,Spice Junction 28,Ahmedabad,Continental,3.9,350
5414,39,2024-04-24 17:59:00,1,460,46.0,49,463.0,Wallet,24,Delivered,4.8,Wok This Way 39,Pune,North Indian,4.2,350
2691,26,2024-04-24 20:22:00,3,1518,0.0,0,1518.0,UPI,64,Delivered,4.2,Chaat Street 26,Hyderabad,Continental,4.4,250
5539,5,2024-04-24 21:34:00,2,530,0.0,40,570.0,Credit Card,16,Delivered,3.9,Cafe Bliss 5,Hyderabad,Street Food,3.1,500
2514,39,2024-04-24 22:21:00,3,416,0.0,49,465.0,Debit Card,38,Delivered,2.7,Wok This Way 39,Pune,North Indian,4.2,350
5074,33,2024-04-24 22:35:00,3,618,92.7,40,565.3,Wallet,56,Delivered,3.7,Pizza Point 33,Chennai,Bakery,2.9,600
3104,19,2024-04-25 09:26:00,3,337,33.7,49,352.3,Credit Card,43,Delivered,2.9,Spice Junction 19,Chennai,Desserts,3.7,150
3764,29,2024-04-25 10:45:00,3,924,0.0,20,944.0,Cash on Delivery,51,Delivered,3.5,Sweet Tooth 29,Kolkata,North Indian,4.0,500
1292,6,2024-04-25 11:29:00,1,262,0.0,20,282.0,Cash on Delivery,36,Delivered,4.8,Pizza Point 6,Mumbai,Desserts,3.1,800
1529,45,2024-04-25 12:09:00,2,439,65.85,40,413.15,Cash on Delivery,62,Delivered,3.1,Royal Feast 45,Ahmedabad,Fast Food,3.3,250
4696,34,2024-04-25 16:00:00,1,166,24.9,40,181.1,UPI,36,Cancelled,4.4,Biryani House 34,Bangalore,South Indian,4.8,200
1845,8,2024-04-25 17:54:00,2,507,0.0,30,537.0,Wallet,23,Delivered,2.8,Urban Tadka 8,Hyderabad,Desserts,4.6,350
3539,23,2024-04-25 18:22:00,3,406,0.0,49,455.0,UPI,64,Delivered,3.4,Noodle Bar 23,Lucknow,Desserts,3.4,150
5435,48,2024-04-25 19:27:00,2,504,0.0,49,553.0,UPI,41,Delivered,4.1,Burger Barn 48,Delhi,Italian,3.9,150
5243,22,2024-04-25 20:25:00,2,1000,200.0,30,830.0,Credit Card,52,Delivered,2.7,Urban Tadka 22,Mumbai,Desserts,3.1,250
1365,37,2024-04-25 20:54:00,3,582,116.4,20,485.6,Credit Card,30,Delivered,3.5,Curry Leaf 37,Chennai,Chinese,3.4,500
4217,48,2024-04-25 21:04:00,4,1599,0.0,49,1648.0,Wallet,47,Delivered,4.3,Burger Barn 48,Delhi,Italian,3.9,150
4353,32,2024-04-25 21:27:00,2,428,64.2,30,393.8,UPI,56,Delivered,3.6,Grill Masters 32,Hyderabad,Fast Food,3.2,800
5437,25,2024-04-26 08:59:00,2,843,168.6,20,694.4,Wallet,63,Delivered,4.1,Royal Feast 25,Jaipur,Biryani,3.8,250
5518,31,2024-04-26 09:45:00,4,730,0.0,20,750.0,Debit Card,49,Delivered,2.7,Momo Magic 31,Jaipur,Continental,4.1,500
2880,4,2024-04-26 10:28:00,1,547,0.0,20,567.0,Credit Card,31,Delivered,3.6,Cafe Bliss 4,Lucknow,Fast Food,4.1,600
2346,43,2024-04-26 12:19:00,2,935,0.0,40,975.0,Cash on Delivery,21,Delivered,5.0,Grill Masters 43,Chennai,Continental,2.9,250
4044,46,2024-04-26 12:51:00,2,360,0.0,20,380.0,Wallet,47,Cancelled,2.7,Urban Tadka 46,Kolkata,Continental,4.2,350
5264,22,2024-04-26 13:48:00,1,223,44.6,49,227.4,Credit Card,54,Delivered,4.9,Urban Tadka 22,Mumbai,Desserts,3.1,250
3657,35,2024-04-26 17:08:00,4,1805,270.75,40,1574.25,Debit Card,30,Delivered,2.8,Momo Magic 35,Hyderabad,Fast Food,4.8,150
1924,10,2024-04-26 19:35:00,3,1091,0.0,0,1091.0,Cash on Delivery,23,Delivered,2.6,Chaat Street 10,Mumbai,Italian,4.3,350
4949,37,2024-04-26 21:59:00,3,425,0.0,20,445.0,Debit Card,52,Delivered,3.3,Curry Leaf 37,Chennai,Chinese,3.4,500
1267,24,2024-04-27 08:48:00,1,271,54.2,40,256.8,Credit Card,21,Delivered,4.3,Cafe Bliss 24,Delhi,Street Food,3.6,600
2695,47,2024-04-27 10:32:00,1,407,0.0,40,447.0,Cash on Delivery,24,Delivered,4.5,Wok This Way 47,Ahmedabad,Street Food,3.5,250
3898,45,2024-04-27 13:02:00,3,574,114.8,0,459.2,Debit Card,57,Cancelled,3.0,Royal Feast 45,Ahmedabad,Fast Food,3.3,250
2800,21,2024-04-27 14:53:00,3,1051,0.0,0,1051.0,Debit Card,17,Delivered,3.8,Biryani House 21,Pune,South Indian,4.1,600
2867,41,2024-04-27 15:47:00,3,465,0.0,20,485.0,Credit Card,43,Delivered,3.7,Dosa Corner 41,Hyderabad,Continental,3.1,600
5661,45,2024-04-27 17:51:00,1,330,33.0,0,297.0,Wallet,30,Delivered,2.7,Royal Feast 45,Ahmedabad,Fast Food,3.3,250
2090,23,2024-04-27 20:05:00,3,1085,0.0,30,1115.0,Cash on Delivery,51,Delivered,4.0,Noodle Bar 23,Lucknow,Desserts,3.4,150
1874,40,2024-04-27 20:36:00,2,342,0.0,40,382.0,Wallet,38,Cancelled,3.1,Dosa Corner 40,Mumbai,Fast Food,3.7,250
2699,35,2024-04-27 21:51:00,1,414,0.0,30,444.0,Debit Card,36,Delivered,4.7,Momo Magic 35,Hyderabad,Fast Food,4.8,150
4270,14,2024-04-27 22:39:00,4,1816,363.2,20,1472.8,Cash on Delivery,31,Delivered,4.1,Curry Leaf 14,Pune,South Indian,3.2,150
2749,38,2024-04-27 22:50:00,3,941,0.0,20,961.0,UPI,56,Delivered,3.8,Burger Barn 38,Kolkata,Biryani,3.0,600
5551,48,2024-04-27 22:50:00,1,206,0.0,40,246.0,Wallet,62,Delivered,2.6,Burger Barn 48,Delhi,Italian,3.9,150
5093,45,2024-04-28 11:45:00,4,550,0.0,0,550.0,Credit Card,27,Delivered,4.0,Royal Feast 45,Ahmedabad,Fast Food,3.3,250
3711,31,2024-04-28 12:01:00,3,921,0.0,40,961.0,Wallet,45,Delivered,3.9,Momo Magic 31,Jaipur,Continental,4.1,500
5746,6,2024-04-28 14:05:00,4,2009,0.0,49,2058.0,Credit Card,41,Cancelled,3.1,Pizza Point 6,Mumbai,Desserts,3.1,800
4982,41,2024-04-28 14:51:00,2,620,0.0,30,650.0,UPI,51,Delivered,4.3,Dosa Corner 41,Hyderabad,Continental,3.1,600
5386,7,2024-04-28 15:06:00,3,559,0.0,30,589.0,UPI,18,Delivered,4.8,Wok This Way 7,Bangalore,Street Food,2.9,600
3254,20,2024-04-28 15:09:00,2,427,42.7,49,433.3,Wallet,38,Delivered,2.5,Urban Tadka 20,Hyderabad,Street Food,3.4,600
3097,27,2024-04-28 15:43:00,3,1216,0.0,20,1236.0,Debit Card,53,Delivered,3.6,Grill Masters 27,Delhi,Fast Food,3.2,150
5593,27,2024-04-28 16:09:00,3,1358,0.0,40,1398.0,Cash on Delivery,53,Delivered,2.8,Grill Masters 27,Delhi,Fast Food,3.2,150
3557,39,2024-04-28 18:26:00,2,230,23.0,40,247.0,Wallet,47,Delivered,3.1,Wok This Way 39,Pune,North Indian,4.2,350
2978,39,2024-04-28 20:12:00,2,376,56.4,30,349.6,Credit Card,18,Delivered,3.1,Wok This Way 39,Pune,North Indian,4.2,350
1998,6,2024-04-28 20:40:00,2,818,0.0,20,838.0,Wallet,26,Delivered,2.7,Pizza Point 6,Mumbai,Desserts,3.1,800
2465,34,2024-04-28 22:18:00,2,733,109.95,49,672.05,UPI,51,Cancelled,4.0,Biryani House 34,Bangalore,South Indian,4.8,200
5689,47,2024-04-28 22:23:00,1,529,0.0,30,559.0,Credit Card,18,Delivered,3.1,Wok This Way 47,Ahmedabad,Street Food,3.5,250
1749,25,2024-04-29 09:06:00,2,515,77.25,0,437.75,Wallet,45,Delivered,3.0,Royal Feast 25,Jaipur,Biryani,3.8,250
2681,50,2024-04-29 09:42:00,1,206,41.2,30,194.8,Debit Card,18,Delivered,3.2,Urban Tadka 50,Delhi,Bakery,3.2,500
2733,27,2024-04-29 10:18:00,3,1385,0.0,49,1434.0,UPI,39,Delivered,3.5,Grill Masters 27,Delhi,Fast Food,3.2,150
5160,33,2024-04-29 10:24:00,4,1429,0.0,0,1429.0,UPI,57,Delivered,3.5,Pizza Point 33,Chennai,Bakery,2.9,600
3043,33,2024-04-29 14:43:00,1,107,21.4,40,125.6,Wallet,44,Delivered,3.1,Pizza Point 33,Chennai,Bakery,2.9,600
1829,17,2024-04-29 14:48:00,1,182,0.0,40,222.0,Debit Card,59,Delivered,2.7,Spicy Junction 17,Delhi,Chinese,3.4,800
2245,23,2024-04-29 15:01:00,4,542,54.2,49,536.8,Credit Card,48,Delivered,4.7,Noodle Bar 23,Lucknow,Desserts,3.4,150
4592,11,2024-04-29 15:16:00,1,156,31.2,40,164.8,Cash on Delivery,47,Delivered,4.8,Noodle Bar 11,Hyderabad,Chinese,2.8,600
1254,17,2024-04-29 16:50:00,2,407,61.05,20,365.95,Credit Card,38,Delivered,3.5,Spicy Junction 17,Delhi,Chinese,3.4,800
4368,29,2024-04-29 17:42:00,2,639,127.8,30,541.2,UPI,56,Delivered,4.3,Sweet Tooth 29,Kolkata,North Indian,4.0,500
2166,1,2024-04-29 19:40:00,2,998,199.6,20,818.4,UPI,50,Delivered,2.8,Wok This Way 1,Pune,Italian,3.6,200
4117,9,2024-04-29 20:21:00,1,458,0.0,49,507.0,Cash on Delivery,15,Delivered,3.9,Curry Leaf 9,Pune,Bakery,4.1,200
3703,21,2024-04-29 21:46:00,4,396,0.0,49,445.0,Cash on Delivery,62,Delivered,4.5,Biryani House 21,Pune,South Indian,4.1,600
1780,47,2024-04-30 09:42:00,4,1626,0.0,30,1656.0,Wallet,29,Delivered,3.5,Wok This Way 47,Ahmedabad,Street Food,3.5,250
2503,15,2024-04-30 10:29:00,4,1834,0.0,30,1864.0,Debit Card,51,Delivered,3.7,Biryani House 15,Ahmedabad,North Indian,3.2,800
1379,16,2024-04-30 12:24:00,3,317,0.0,40,357.0,Credit Card,41,Cancelled,3.0,Cafe Bliss 16,Chennai,South Indian,3.2,500
3465,14,2024-04-30 14:07:00,1,488,97.6,20,410.4,UPI,64,Delivered,2.9,Curry Leaf 14,Pune,South Indian,3.2,150
4012,18,2024-04-30 14:35:00,3,904,0.0,40,944.0,Cash on Delivery,49,Cancelled,2.8,Sizzle & Steam 18,Chennai,Chinese,3.9,600
2859,3,2024-04-30 16:47:00,1,227,0.0,30,257.0,Credit Card,37,Cancelled,2.6,Grill Masters 3,Chennai,Continental,4.3,300
5349,19,2024-04-30 16:52:00,1,420,63.0,40,397.0,Credit Card,57,Delivered,4.3,Spice Junction 19,Chennai,Desserts,3.7,150
3828,14,2024-04-30 17:13:00,2,383,0.0,20,403.0,Cash on Delivery,43,Cancelled,2.6,Curry Leaf 14,Pune,South Indian,3.2,150
1128,23,2024-04-30 17:14:00,3,923,92.3,0,830.7,Debit Card,49,Delivered,3.7,Noodle Bar 23,Lucknow,Desserts,3.4,150
3744,47,2024-04-30 17:37:00,4,1627,0.0,49,1676.0,UPI,49,Cancelled,4.8,Wok This Way 47,Ahmedabad,Street Food,3.5,250
5704,45,2024-04-30 18:29:00,1,464,69.6,0,394.4,Debit Card,45,Delivered,4.9,Royal Feast 45,Ahmedabad,Fast Food,3.3,250
5876,14,2024-04-30 19:23:00,3,905,0.0,30,935.0,UPI,52,Delivered,3.9,Curry Leaf 14,Pune,South Indian,3.2,150
4313,35,2024-04-30 20:13:00,2,903,135.45,0,767.55,Wallet,54,Delivered,3.0,Momo Magic 35,Hyderabad,Fast Food,4.8,150
3808,34,2024-04-30 21:13:00,1,364,0.0,20,384.0,Debit Card,31,Delivered,4.9,Biryani House 34,Bangalore,South Indian,4.8,200
2926,20,2024-04-30 21:20:00,2,835,0.0,0,835.0,Cash on Delivery,35,Delivered,3.0,Urban Tadka 20,Hyderabad,Street Food,3.4,600
2828,20,2024-04-30 21:54:00,3,306,30.6,49,324.4,Cash on Delivery,38,Delivered,2.7,Urban Tadka 20,Hyderabad,Street Food,3.4,600
3480,14,2024-04-30 22:37:00,1,448,0.0,20,468.0,UPI,56,Delivered,4.6,Curry Leaf 14,Pune,South Indian,3.2,150
5472,47,2024-04-30 22:41:00,3,543,0.0,49,592.0,UPI,27,Delivered,4.9,Wok This Way 47,Ahmedabad,Street Food,3.5,250
2316,26,2024-04-30 23:19:00,2,311,46.65,0,264.35,Credit Card,23,Delivered,4.8,Chaat Street 26,Hyderabad,Continental,4.4,250
4546,43,2024-04-30 23:31:00,1,187,37.4,40,189.6,Cash on Delivery,44,Delivered,4.6,Grill Masters 43,Chennai,Continental,2.9,250
4258,35,2024-05-01 09:27:00,1,377,0.0,40,417.0,Cash on Delivery,46,Delivered,4.3,Momo Magic 35,Hyderabad,Fast Food,4.8,150
2341,36,2024-05-01 09:47:00,4,1807,0.0,30,1837.0,Credit Card,30,Cancelled,2.7,Wok This Way 36,Bangalore,Desserts,4.5,500
4226,35,2024-05-01 10:49:00,3,572,57.2,40,554.8,Debit Card,37,Delivered,4.4,Momo Magic 35,Hyderabad,Fast Food,4.8,150
3570,7,2024-05-01 11:02:00,2,394,0.0,40,434.0,Credit Card,47,Delivered,3.7,Wok This Way 7,Bangalore,Street Food,2.9,600
5494,24,2024-05-01 12:58:00,2,266,53.2,40,252.8,Cash on Delivery,34,Delivered,4.6,Cafe Bliss 24,Delhi,Street Food,3.6,600
1038,30,2024-05-01 13:26:00,3,387,0.0,40,427.0,UPI,22,Cancelled,4.0,Noodle Bar 30,Pune,South Indian,2.9,800
1022,29,2024-05-01 16:42:00,2,936,140.4,20,815.6,Cash on Delivery,18,Delivered,3.7,Sweet Tooth 29,Kolkata,North Indian,4.0,500
4839,13,2024-05-01 17:02:00,1,222,0.0,40,262.0,Cash on Delivery,38,Cancelled,4.7,Spice Junction 13,Kolkata,Biryani,4.5,800
1402,43,2024-05-01 18:01:00,1,210,0.0,40,250.0,Debit Card,45,Delivered,4.0,Grill Masters 43,Chennai,Continental,2.9,250
3212,15,2024-05-01 19:28:00,4,839,0.0,40,879.0,UPI,41,Delivered,3.4,Biryani House 15,Ahmedabad,North Indian,3.2,800
4459,8,2024-05-01 21:48:00,4,621,0.0,40,661.0,Credit Card,28,Delivered,4.4,Urban Tadka 8,Hyderabad,Desserts,4.6,350
3825,26,2024-05-01 22:24:00,1,486,97.2,49,437.8,Cash on Delivery,30,Delivered,3.4,Chaat Street 26,Hyderabad,Continental,4.4,250
2766,29,2024-05-02 08:10:00,1,245,0.0,0,245.0,Wallet,48,Delivered,3.5,Sweet Tooth 29,Kolkata,North Indian,4.0,500
2130,29,2024-05-02 09:15:00,2,336,67.2,30,298.8,Cash on Delivery,45,Delivered,4.8,Sweet Tooth 29,Kolkata,North Indian,4.0,500
4720,36,2024-05-02 10:10:00,2,1012,0.0,30,1042.0,UPI,45,Delivered,2.9,Wok This Way 36,Bangalore,Desserts,4.5,500
3788,39,2024-05-02 11:09:00,2,305,45.75,49,308.25,UPI,25,Delivered,4.9,Wok This Way 39,Pune,North Indian,4.2,350
5994,14,2024-05-02 13:30:00,3,421,0.0,49,470.0,UPI,45,Delivered,4.6,Curry Leaf 14,Pune,South Indian,3.2,150
2674,37,2024-05-02 13:48:00,2,236,47.2,49,237.8,Credit Card,60,Cancelled,2.8,Curry Leaf 37,Chennai,Chinese,3.4,500
4429,39,2024-05-02 14:05:00,1,298,29.8,20,288.2,Debit Card,50,Delivered,4.1,Wok This Way 39,Pune,North Indian,4.2,350
5105,15,2024-05-02 15:19:00,1,533,106.6,30,456.4,Debit Card,19,Delivered,4.5,Biryani House 15,Ahmedabad,North Indian,3.2,800
4146,43,2024-05-02 15:31:00,1,458,0.0,0,458.0,Credit Card,31,Delivered,3.9,Grill Masters 43,Chennai,Continental,2.9,250
2895,45,2024-05-02 16:18:00,3,434,0.0,40,474.0,UPI,54,Delivered,3.1,Royal Feast 45,Ahmedabad,Fast Food,3.3,250
1147,35,2024-05-02 16:28:00,3,788,118.2,40,709.8,Debit Card,63,Delivered,4.3,Momo Magic 35,Hyderabad,Fast Food,4.8,150
2015,27,2024-05-02 17:07:00,1,255,0.0,20,275.0,Cash on Delivery,50,Delivered,3.8,Grill Masters 27,Delhi,Fast Food,3.2,150
1539,26,2024-05-02 17:51:00,3,332,0.0,40,372.0,UPI,57,Delivered,3.9,Chaat Street 26,Hyderabad,Continental,4.4,250
1863,6,2024-05-02 18:49:00,3,538,53.8,40,524.2,UPI,28,Delivered,4.2,Pizza Point 6,Mumbai,Desserts,3.1,800
4555,34,2024-05-02 19:42:00,2,701,0.0,49,750.0,Debit Card,33,Delivered,3.2,Biryani House 34,Bangalore,South Indian,4.8,200
4288,19,2024-05-02 19:51:00,2,736,147.2,30,618.8,Debit Card,23,Delivered,4.6,Spice Junction 19,Chennai,Desserts,3.7,150
3927,45,2024-05-02 20:05:00,2,927,139.05,0,787.95,Credit Card,50,Delivered,4.0,Royal Feast 45,Ahmedabad,Fast Food,3.3,250
1307,47,2024-05-02 20:14:00,2,619,0.0,49,668.0,Credit Card,31,Delivered,3.0,Wok This Way 47,Ahmedabad,Street Food,3.5,250
1005,15,2024-05-03 10:05:00,2,264,52.8,0,211.2,Credit Card,36,Delivered,2.7,Biryani House 15,Ahmedabad,North Indian,3.2,800
3080,22,2024-05-03 12:27:00,3,481,48.1,49,481.9,Cash on Delivery,39,Delivered,2.9,Urban Tadka 22,Mumbai,Desserts,3.1,250
2594,5,2024-05-03 15:02:00,4,537,53.7,30,513.3,Wallet,27,Cancelled,4.2,Cafe Bliss 5,Hyderabad,Street Food,3.1,500
2799,8,2024-05-03 16:13:00,3,762,76.2,0,685.8,Cash on Delivery,42,Delivered,3.1,Urban Tadka 8,Hyderabad,Desserts,4.6,350
2233,36,2024-05-03 16:34:00,1,190,0.0,49,239.0,Wallet,54,Delivered,4.6,Wok This Way 36,Bangalore,Desserts,4.5,500
1211,4,2024-05-03 21:31:00,3,622,0.0,20,642.0,Cash on Delivery,37,Delivered,3.2,Cafe Bliss 4,Lucknow,Fast Food,4.1,600
3978,25,2024-05-03 21:53:00,2,409,0.0,30,439.0,Wallet,29,Delivered,4.6,Royal Feast 25,Jaipur,Biryani,3.8,250
1676,40,2024-05-03 22:07:00,2,276,41.4,0,234.6,Cash on Delivery,25,Cancelled,3.3,Dosa Corner 40,Mumbai,Fast Food,3.7,250
5547,14,2024-05-03 22:46:00,2,203,20.3,40,222.7,Debit Card,38,Delivered,3.2,Curry Leaf 14,Pune,South Indian,3.2,150
2929,28,2024-05-04 08:02:00,4,1020,0.0,0,1020.0,Cash on Delivery,43,Delivered,4.7,Spice Junction 28,Ahmedabad,Continental,3.9,350
3451,37,2024-05-04 09:08:00,4,403,0.0,49,452.0,Cash on Delivery,37,Delivered,3.8,Curry Leaf 37,Chennai,Chinese,3.4,500
4460,8,2024-05-04 10:03:00,1,218,0.0,30,248.0,Debit Card,19,Delivered,3.0,Urban Tadka 8,Hyderabad,Desserts,4.6,350
5868,30,2024-05-04 11:24:00,2,713,0.0,40,753.0,Cash on Delivery,34,Delivered,4.3,Noodle Bar 30,Pune,South Indian,2.9,800
4250,35,2024-05-04 12:51:00,4,1845,276.75,30,1598.25,UPI,44,Delivered,4.6,Momo Magic 35,Hyderabad,Fast Food,4.8,150
1899,26,2024-05-04 15:19:00,1,214,0.0,30,244.0,Wallet,50,Delivered,2.7,Chaat Street 26,Hyderabad,Continental,4.4,250
1850,42,2024-05-04 16:13:00,4,523,78.45,30,474.55,Cash on Delivery,34,Delivered,4.7,Sizzle & Steam 42,Lucknow,Chinese,3.8,400
5843,23,2024-05-04 16:46:00,1,235,47.0,30,218.0,UPI,43,Cancelled,4.6,Noodle Bar 23,Lucknow,Desserts,3.4,150
1216,28,2024-05-04 17:42:00,4,1242,0.0,0,1242.0,Debit Card,45,Delivered,4.7,Spice Junction 28,Ahmedabad,Continental,3.9,350
5544,33,2024-05-04 18:15:00,2,291,0.0,40,331.0,Cash on Delivery,34,Cancelled,3.0,Pizza Point 33,Chennai,Bakery,2.9,600
1961,37,2024-05-04 18:24:00,1,494,74.1,0,419.9,UPI,42,Delivered,4.1,Curry Leaf 37,Chennai,Chinese,3.4,500
5325,35,2024-05-04 19:08:00,4,522,104.4,20,437.6,Wallet,35,Delivered,4.9,Momo Magic 35,Hyderabad,Fast Food,4.8,150
5008,18,2024-05-05 08:09:00,1,172,34.4,20,157.6,Credit Card,64,Delivered,4.2,Sizzle & Steam 18,Chennai,Chinese,3.9,600
4296,45,2024-05-05 09:48:00,2,924,184.8,49,788.2,Debit Card,60,Delivered,3.2,Royal Feast 45,Ahmedabad,Fast Food,3.3,250
1202,21,2024-05-05 10:17:00,1,272,27.2,0,244.8,Wallet,47,Delivered,3.5,Biryani House 21,Pune,South Indian,4.1,600
5861,40,2024-05-05 12:43:00,2,623,0.0,49,672.0,Debit Card,29,Delivered,3.7,Dosa Corner 40,Mumbai,Fast Food,3.7,250
3240,30,2024-05-05 13:04:00,3,1371,0.0,40,1411.0,Credit Card,18,Delivered,3.6,Noodle Bar 30,Pune,South Indian,2.9,800
4175,25,2024-05-05 18:21:00,2,830,0.0,30,860.0,Cash on Delivery,28,Delivered,3.8,Royal Feast 25,Jaipur,Biryani,3.8,250
1065,49,2024-05-05 19:18:00,1,511,0.0,40,551.0,Credit Card,50,Delivered,4.7,Curry Leaf 49,Pune,Chinese,3.9,350
1331,25,2024-05-05 21:36:00,4,409,40.9,49,417.1,Wallet,35,Delivered,3.2,Royal Feast 25,Jaipur,Biryani,3.8,250
4868,36,2024-05-05 22:58:00,1,511,0.0,40,551.0,Debit Card,59,Cancelled,4.5,Wok This Way 36,Bangalore,Desserts,4.5,500
1875,37,2024-05-05 23:35:00,4,1203,0.0,49,1252.0,Wallet,62,Delivered,3.4,Curry Leaf 37,Chennai,Chinese,3.4,500
1928,40,2024-05-06 10:05:00,3,1050,0.0,30,1080.0,Wallet,34,Cancelled,3.0,Dosa Corner 40,Mumbai,Fast Food,3.7,250
1790,8,2024-05-06 10:33:00,1,267,0.0,20,287.0,Cash on Delivery,64,Delivered,2.8,Urban Tadka 8,Hyderabad,Desserts,4.6,350
1015,30,2024-05-06 15:04:00,3,624,62.4,20,581.6,Cash on Delivery,55,Cancelled,4.7,Noodle Bar 30,Pune,South Indian,2.9,800
3816,27,2024-05-06 16:56:00,3,1224,244.8,30,1009.2,Credit Card,37,Delivered,3.6,Grill Masters 27,Delhi,Fast Food,3.2,150
3068,50,2024-05-06 17:21:00,4,754,75.4,20,698.6,UPI,48,Delivered,3.2,Urban Tadka 50,Delhi,Bakery,3.2,500
2056,23,2024-05-06 20:31:00,2,432,0.0,40,472.0,Credit Card,59,Delivered,3.3,Noodle Bar 23,Lucknow,Desserts,3.4,150
3110,41,2024-05-06 21:25:00,3,617,61.7,30,585.3,Credit Card,59,Cancelled,4.8,Dosa Corner 41,Hyderabad,Continental,3.1,600
1509,13,2024-05-06 22:28:00,3,300,0.0,20,320.0,UPI,49,Cancelled,4.8,Spice Junction 13,Kolkata,Biryani,4.5,800
5261,8,2024-05-06 23:07:00,2,734,146.8,20,607.2,Cash on Delivery,46,Delivered,2.6,Urban Tadka 8,Hyderabad,Desserts,4.6,350
1950,34,2024-05-06 23:38:00,1,215,0.0,20,235.0,Cash on Delivery,49,Delivered,2.8,Biryani House 34,Bangalore,South Indian,4.8,200
5664,49,2024-05-07 08:02:00,3,1079,0.0,20,1099.0,Debit Card,20,Delivered,2.7,Curry Leaf 49,Pune,Chinese,3.9,350
1775,26,2024-05-07 08:16:00,1,368,55.2,40,352.8,UPI,54,Delivered,3.1,Chaat Street 26,Hyderabad,Continental,4.4,250
4874,50,2024-05-07 10:17:00,2,945,189.0,20,776.0,Wallet,23,Delivered,2.8,Urban Tadka 50,Delhi,Bakery,3.2,500
2272,45,2024-05-07 10:22:00,2,509,0.0,40,549.0,Credit Card,21,Delivered,3.4,Royal Feast 45,Ahmedabad,Fast Food,3.3,250
1089,32,2024-05-07 11:22:00,4,2027,405.4,0,1621.6,Credit Card,56,Delivered,3.9,Grill Masters 32,Hyderabad,Fast Food,3.2,800
1239,31,2024-05-07 11:35:00,3,306,0.0,20,326.0,Wallet,40,Delivered,4.7,Momo Magic 31,Jaipur,Continental,4.1,500
3844,35,2024-05-07 12:54:00,1,407,61.05,20,365.95,Credit Card,41,Cancelled,3.3,Momo Magic 35,Hyderabad,Fast Food,4.8,150
2891,23,2024-05-07 13:45:00,2,699,104.85,20,614.15,Credit Card,50,Delivered,4.2,Noodle Bar 23,Lucknow,Desserts,3.4,150
4390,41,2024-05-07 13:57:00,1,484,72.6,40,451.4,Cash on Delivery,56,Delivered,3.0,Dosa Corner 41,Hyderabad,Continental,3.1,600
4218,22,2024-05-07 14:10:00,4,2039,407.8,40,1671.2,Credit Card,25,Delivered,3.8,Urban Tadka 22,Mumbai,Desserts,3.1,250
2426,31,2024-05-07 15:44:00,2,441,44.1,30,426.9,Cash on Delivery,16,Cancelled,4.4,Momo Magic 31,Jaipur,Continental,4.1,500
5497,6,2024-05-07 17:21:00,4,428,64.2,30,393.8,Credit Card,26,Delivered,2.6,Pizza Point 6,Mumbai,Desserts,3.1,800
2801,18,2024-05-07 19:09:00,2,299,59.8,40,279.2,Debit Card,21,Delivered,4.2,Sizzle & Steam 18,Chennai,Chinese,3.9,600
1976,18,2024-05-07 19:10:00,4,537,0.0,20,557.0,UPI,62,Delivered,4.8,Sizzle & Steam 18,Chennai,Chinese,3.9,600
4562,41,2024-05-07 19:28:00,3,914,91.4,40,862.6,Wallet,62,Delivered,4.0,Dosa Corner 41,Hyderabad,Continental,3.1,600
4428,26,2024-05-07 19:58:00,2,245,0.0,0,245.0,Credit Card,20,Delivered,3.6,Chaat Street 26,Hyderabad,Continental,4.4,250
3948,35,2024-05-07 21:18:00,3,943,0.0,20,963.0,Credit Card,37,Delivered,4.4,Momo Magic 35,Hyderabad,Fast Food,4.8,150
4712,17,2024-05-07 21:45:00,2,403,80.6,30,352.4,Wallet,20,Delivered,3.7,Spicy Junction 17,Delhi,Chinese,3.4,800
1266,25,2024-05-08 08:05:00,2,934,186.8,20,767.2,Wallet,17,Cancelled,3.6,Royal Feast 25,Jaipur,Biryani,3.8,250
1545,50,2024-05-08 09:41:00,3,912,136.8,20,795.2,Debit Card,34,Delivered,4.1,Urban Tadka 50,Delhi,Bakery,3.2,500
5761,36,2024-05-08 11:35:00,3,340,68.0,30,302.0,Cash on Delivery,17,Delivered,3.3,Wok This Way 36,Bangalore,Desserts,4.5,500
2558,9,2024-05-08 12:53:00,4,1845,276.75,40,1608.25,Debit Card,46,Delivered,4.1,Curry Leaf 9,Pune,Bakery,4.1,200
1399,33,2024-05-08 13:07:00,3,302,30.2,20,291.8,Wallet,60,Cancelled,3.9,Pizza Point 33,Chennai,Bakery,2.9,600
2569,3,2024-05-08 14:39:00,4,1028,205.6,20,842.4,Credit Card,56,Delivered,4.0,Grill Masters 3,Chennai,Continental,4.3,300
4223,30,2024-05-08 15:06:00,1,522,78.3,40,483.7,UPI,35,Cancelled,3.6,Noodle Bar 30,Pune,South Indian,2.9,800
4164,34,2024-05-08 20:22:00,1,520,52.0,30,498.0,Credit Card,42,Delivered,2.8,Biryani House 34,Bangalore,South Indian,4.8,200
5415,16,2024-05-08 20:45:00,1,322,32.2,40,329.8,UPI,35,Delivered,4.6,Cafe Bliss 16,Chennai,South Indian,3.2,500
2690,22,2024-05-08 20:58:00,1,436,87.2,49,397.8,Wallet,31,Delivered,2.5,Urban Tadka 22,Mumbai,Desserts,3.1,250
1342,26,2024-05-08 22:54:00,2,344,0.0,30,374.0,UPI,26,Delivered,2.5,Chaat Street 26,Hyderabad,Continental,4.4,250
3710,32,2024-05-08 23:31:00,2,424,0.0,49,473.0,Wallet,58,Delivered,4.0,Grill Masters 32,Hyderabad,Fast Food,3.2,800
5772,4,2024-05-09 08:38:00,3,1506,0.0,49,1555.0,Wallet,44,Delivered,4.7,Cafe Bliss 4,Lucknow,Fast Food,4.1,600
1517,29,2024-05-09 12:21:00,3,393,78.6,40,354.4,Credit Card,37,Delivered,3.7,Sweet Tooth 29,Kolkata,North Indian,4.0,500
1970,26,2024-05-09 12:45:00,3,469,0.0,30,499.0,Wallet,37,Delivered,4.1,Chaat Street 26,Hyderabad,Continental,4.4,250
5029,13,2024-05-09 13:05:00,3,1510,0.0,49,1559.0,Credit Card,61,Delivered,4.8,Spice Junction 13,Kolkata,Biryani,4.5,800
2637,30,2024-05-09 14:07:00,3,1358,0.0,0,1358.0,Cash on Delivery,26,Delivered,3.1,Noodle Bar 30,Pune,South Indian,2.9,800
2377,44,2024-05-09 14:29:00,4,402,80.4,0,321.6,Credit Card,48,Cancelled,3.8,Tandoori Nights 44,Hyderabad,South Indian,4.7,150
3880,45,2024-05-09 20:19:00,1,163,24.45,30,168.55,Debit Card,17,Delivered,4.8,Royal Feast 45,Ahmedabad,Fast Food,3.3,250
5149,31,2024-05-09 21:18:00,2,918,183.6,0,734.4,UPI,62,Cancelled,4.0,Momo Magic 31,Jaipur,Continental,4.1,500
5395,28,2024-05-09 23:28:00,3,750,0.0,49,799.0,Cash on Delivery,35,Delivered,3.6,Spice Junction 28,Ahmedabad,Continental,3.9,350
2446,23,2024-05-09 23:44:00,4,1829,0.0,20,1849.0,Debit Card,21,Delivered,3.6,Noodle Bar 23,Lucknow,Desserts,3.4,150
1337,5,2024-05-10 08:57:00,1,447,89.4,20,377.6,Debit Card,50,Delivered,4.7,Cafe Bliss 5,Hyderabad,Street Food,3.1,500
3954,46,2024-05-10 10:49:00,2,404,40.4,30,393.6,UPI,32,Cancelled,3.2,Urban Tadka 46,Kolkata,Continental,4.2,350
5738,1,2024-05-10 14:04:00,1,286,0.0,30,316.0,UPI,41,Delivered,4.1,Wok This Way 1,Pune,Italian,3.6,200
3827,17,2024-05-10 17:05:00,4,547,109.4,49,486.6,Credit Card,35,Cancelled,4.4,Spicy Junction 17,Delhi,Chinese,3.4,800
1425,45,2024-05-10 19:09:00,1,142,21.3,0,120.7,Cash on Delivery,63,Cancelled,3.9,Royal Feast 45,Ahmedabad,Fast Food,3.3,250
3339,45,2024-05-11 08:47:00,3,313,62.6,40,290.4,Wallet,15,Delivered,3.5,Royal Feast 45,Ahmedabad,Fast Food,3.3,250
4666,11,2024-05-11 09:05:00,1,205,0.0,20,225.0,Debit Card,55,Delivered,3.3,Noodle Bar 11,Hyderabad,Chinese,2.8,600
4135,50,2024-05-11 10:07:00,1,193,0.0,0,193.0,UPI,55,Cancelled,2.8,Urban Tadka 50,Delhi,Bakery,3.2,500
5929,49,2024-05-11 10:53:00,1,229,0.0,40,269.0,Wallet,32,Delivered,3.1,Curry Leaf 49,Pune,Chinese,3.9,350
2273,25,2024-05-11 11:46:00,3,448,44.8,0,403.2,UPI,54,Cancelled,5.0,Royal Feast 25,Jaipur,Biryani,3.8,250
1768,41,2024-05-11 13:00:00,2,400,40.0,49,409.0,Cash on Delivery,38,Delivered,3.6,Dosa Corner 41,Hyderabad,Continental,3.1,600
4854,41,2024-05-11 14:52:00,3,431,86.2,40,384.8,UPI,45,Delivered,4.9,Dosa Corner 41,Hyderabad,Continental,3.1,600
3005,41,2024-05-11 17:05:00,1,227,22.7,40,244.3,Cash on Delivery,51,Delivered,4.3,Dosa Corner 41,Hyderabad,Continental,3.1,600
4998,45,2024-05-11 22:41:00,4,1827,182.7,49,1693.3,UPI,47,Delivered,4.6,Royal Feast 45,Ahmedabad,Fast Food,3.3,250
5268,3,2024-05-11 23:16:00,1,338,67.6,40,310.4,UPI,23,Delivered,2.8,Grill Masters 3,Chennai,Continental,4.3,300
4585,18,2024-05-11 23:57:00,1,194,0.0,20,214.0,Cash on Delivery,59,Cancelled,3.4,Sizzle & Steam 18,Chennai,Chinese,3.9,600
5896,33,2024-05-12 11:38:00,2,198,29.7,0,168.3,Wallet,19,Cancelled,3.9,Pizza Point 33,Chennai,Bakery,2.9,600
5592,49,2024-05-12 11:59:00,4,1042,0.0,49,1091.0,Wallet,20,Cancelled,4.1,Curry Leaf 49,Pune,Chinese,3.9,350
3630,28,2024-05-12 13:37:00,2,272,0.0,49,321.0,Credit Card,34,Cancelled,3.9,Spice Junction 28,Ahmedabad,Continental,3.9,350
2400,15,2024-05-12 13:43:00,2,1041,0.0,20,1061.0,Credit Card,19,Cancelled,4.7,Biryani House 15,Ahmedabad,North Indian,3.2,800
5034,22,2024-05-12 13:53:00,1,284,0.0,40,324.0,Cash on Delivery,39,Delivered,3.8,Urban Tadka 22,Mumbai,Desserts,3.1,250
1144,32,2024-05-12 15:53:00,1,492,0.0,49,541.0,Debit Card,43,Cancelled,2.8,Grill Masters 32,Hyderabad,Fast Food,3.2,800
5519,4,2024-05-12 16:01:00,3,630,0.0,49,679.0,UPI,44,Delivered,3.6,Cafe Bliss 4,Lucknow,Fast Food,4.1,600
1208,5,2024-05-12 18:17:00,4,812,121.8,0,690.2,Credit Card,59,Delivered,2.8,Cafe Bliss 5,Hyderabad,Street Food,3.1,500
4020,19,2024-05-12 18:50:00,1,403,60.45,20,362.55,Wallet,56,Cancelled,4.2,Spice Junction 19,Chennai,Desserts,3.7,150
2614,40,2024-05-12 21:24:00,1,137,20.55,30,146.45,Cash on Delivery,52,Cancelled,4.9,Dosa Corner 40,Mumbai,Fast Food,3.7,250
2391,23,2024-05-12 21:25:00,4,1631,0.0,30,1661.0,Cash on Delivery,16,Delivered,3.2,Noodle Bar 23,Lucknow,Desserts,3.4,150
5816,45,2024-05-12 22:16:00,4,618,0.0,49,667.0,Wallet,48,Delivered,3.0,Royal Feast 45,Ahmedabad,Fast Food,3.3,250
3627,50,2024-05-12 23:44:00,1,513,102.6,30,440.4,Cash on Delivery,45,Delivered,5.0,Urban Tadka 50,Delhi,Bakery,3.2,500
3888,45,2024-05-13 11:20:00,2,1034,155.1,20,898.9,Wallet,53,Delivered,4.4,Royal Feast 45,Ahmedabad,Fast Food,3.3,250
3857,20,2024-05-13 12:05:00,1,142,0.0,40,182.0,Credit Card,57,Delivered,3.5,Urban Tadka 20,Hyderabad,Street Food,3.4,600
2882,22,2024-05-13 12:19:00,2,945,0.0,40,985.0,Wallet,59,Delivered,2.9,Urban Tadka 22,Mumbai,Desserts,3.1,250
1056,42,2024-05-13 14:42:00,2,314,0.0,49,363.0,Debit Card,46,Delivered,4.2,Sizzle & Steam 42,Lucknow,Chinese,3.8,400
3563,37,2024-05-13 15:30:00,2,270,0.0,0,270.0,Credit Card,27,Delivered,3.1,Curry Leaf 37,Chennai,Chinese,3.4,500
5555,5,2024-05-13 17:21:00,4,1831,183.1,20,1667.9,Credit Card,25,Delivered,4.0,Cafe Bliss 5,Hyderabad,Street Food,3.1,500
5308,23,2024-05-13 17:38:00,1,219,0.0,0,219.0,Cash on Delivery,42,Delivered,3.3,Noodle Bar 23,Lucknow,Desserts,3.4,150
3572,22,2024-05-13 19:11:00,4,1816,0.0,40,1856.0,Debit Card,40,Delivered,2.5,Urban Tadka 22,Mumbai,Desserts,3.1,250
1866,30,2024-05-13 19:32:00,1,424,0.0,40,464.0,Wallet,35,Delivered,3.2,Noodle Bar 30,Pune,South Indian,2.9,800
4014,3,2024-05-13 19:43:00,1,219,32.85,49,235.15,UPI,63,Delivered,4.8,Grill Masters 3,Chennai,Continental,4.3,300
1170,46,2024-05-13 20:20:00,4,1605,240.75,20,1384.25,Credit Card,62,Delivered,4.9,Urban Tadka 46,Kolkata,Continental,4.2,350
5886,39,2024-05-13 21:11:00,4,718,0.0,40,758.0,Credit Card,49,Delivered,4.2,Wok This Way 39,Pune,North Indian,4.2,350
1872,3,2024-05-13 21:18:00,3,1516,0.0,0,1516.0,UPI,29,Delivered,4.0,Grill Masters 3,Chennai,Continental,4.3,300
1625,10,2024-05-13 22:13:00,2,230,34.5,20,215.5,Debit Card,57,Delivered,2.7,Chaat Street 10,Mumbai,Italian,4.3,350
4174,4,2024-05-13 22:17:00,1,294,58.8,0,235.2,Debit Card,34,Delivered,4.7,Cafe Bliss 4,Lucknow,Fast Food,4.1,600
4284,38,2024-05-14 11:01:00,4,423,42.3,20,400.7,Cash on Delivery,53,Delivered,3.1,Burger Barn 38,Kolkata,Biryani,3.0,600
5741,8,2024-05-14 11:08:00,1,202,20.2,49,230.8,UPI,58,Delivered,4.9,Urban Tadka 8,Hyderabad,Desserts,4.6,350
2865,31,2024-05-14 12:05:00,2,1004,200.8,30,833.2,Credit Card,32,Delivered,4.7,Momo Magic 31,Jaipur,Continental,4.1,500
3358,44,2024-05-14 12:33:00,1,173,0.0,49,222.0,Wallet,62,Delivered,2.6,Tandoori Nights 44,Hyderabad,South Indian,4.7,150
3855,4,2024-05-14 13:03:00,4,635,127.0,40,548.0,Wallet,59,Delivered,3.3,Cafe Bliss 4,Lucknow,Fast Food,4.1,600
4281,24,2024-05-14 13:21:00,4,845,126.75,20,738.25,Credit Card,23,Delivered,3.2,Cafe Bliss 24,Delhi,Street Food,3.6,600
2687,17,2024-05-14 13:24:00,3,1381,207.15,40,1213.85,Credit Card,21,Cancelled,4.1,Spicy Junction 17,Delhi,Chinese,3.4,800
2120,17,2024-05-14 14:02:00,4,1038,0.0,0,1038.0,UPI,50,Delivered,3.3,Spicy Junction 17,Delhi,Chinese,3.4,800
2455,13,2024-05-14 14:22:00,1,225,45.0,40,220.0,Wallet,46,Delivered,3.6,Spice Junction 13,Kolkata,Biryani,4.5,800
5485,19,2024-05-14 14:48:00,2,498,99.6,0,398.4,Cash on Delivery,53,Delivered,4.0,Spice Junction 19,Chennai,Desserts,3.7,150
2791,48,2024-05-14 15:18:00,4,817,81.7,20,755.3,Cash on Delivery,41,Delivered,4.5,Burger Barn 48,Delhi,Italian,3.9,150
3870,30,2024-05-14 15:39:00,1,235,23.5,0,211.5,Credit Card,27,Cancelled,4.6,Noodle Bar 30,Pune,South Indian,2.9,800
4778,47,2024-05-14 15:42:00,3,1230,0.0,49,1279.0,Cash on Delivery,55,Delivered,4.0,Wok This Way 47,Ahmedabad,Street Food,3.5,250
2307,27,2024-05-14 15:53:00,3,1220,0.0,49,1269.0,Wallet,62,Delivered,4.9,Grill Masters 27,Delhi,Fast Food,3.2,150
3892,33,2024-05-14 16:33:00,4,429,0.0,30,459.0,Credit Card,25,Delivered,2.6,Pizza Point 33,Chennai,Bakery,2.9,600
3619,9,2024-05-14 17:40:00,1,168,16.8,20,171.2,UPI,55,Delivered,4.8,Curry Leaf 9,Pune,Bakery,4.1,200
2306,6,2024-05-14 22:29:00,3,489,0.0,20,509.0,Credit Card,59,Delivered,5.0,Pizza Point 6,Mumbai,Desserts,3.1,800
3762,22,2024-05-15 09:19:00,2,262,0.0,0,262.0,UPI,33,Delivered,2.7,Urban Tadka 22,Mumbai,Desserts,3.1,250
5257,24,2024-05-15 10:10:00,3,549,54.9,49,543.1,Debit Card,34,Delivered,3.3,Cafe Bliss 24,Delhi,Street Food,3.6,600
4903,22,2024-05-15 10:50:00,4,1019,0.0,20,1039.0,Debit Card,28,Delivered,4.2,Urban Tadka 22,Mumbai,Desserts,3.1,250
5227,8,2024-05-15 11:59:00,2,647,129.4,30,547.6,Cash on Delivery,60,Delivered,4.0,Urban Tadka 8,Hyderabad,Desserts,4.6,350
1063,41,2024-05-15 12:59:00,2,723,72.3,30,680.7,Wallet,44,Delivered,4.5,Dosa Corner 41,Hyderabad,Continental,3.1,600
5503,5,2024-05-15 13:28:00,4,1197,0.0,49,1246.0,Cash on Delivery,18,Delivered,4.2,Cafe Bliss 5,Hyderabad,Street Food,3.1,500
3390,16,2024-05-15 13:28:00,3,1364,136.4,20,1247.6,Wallet,45,Delivered,2.7,Cafe Bliss 16,Chennai,South Indian,3.2,500
4739,45,2024-05-15 14:00:00,1,102,0.0,30,132.0,Credit Card,18,Cancelled,4.0,Royal Feast 45,Ahmedabad,Fast Food,3.3,250
3962,30,2024-05-15 18:58:00,2,405,40.5,40,404.5,Credit Card,59,Cancelled,4.6,Noodle Bar 30,Pune,South Indian,2.9,800
1693,17,2024-05-15 19:48:00,1,533,0.0,40,573.0,UPI,28,Delivered,2.7,Spicy Junction 17,Delhi,Chinese,3.4,800
2466,30,2024-05-15 22:03:00,2,1033,0.0,0,1033.0,Cash on Delivery,55,Cancelled,4.6,Noodle Bar 30,Pune,South Indian,2.9,800
1042,39,2024-05-15 22:18:00,3,580,58.0,0,522.0,Debit Card,32,Cancelled,4.9,Wok This Way 39,Pune,North Indian,4.2,350
5680,17,2024-05-15 23:24:00,2,816,81.6,40,774.4,Debit Card,18,Cancelled,4.0,Spicy Junction 17,Delhi,Chinese,3.4,800
4088,26,2024-05-15 23:40:00,1,348,0.0,49,397.0,Cash on Delivery,56,Delivered,3.8,Chaat Street 26,Hyderabad,Continental,4.4,250
5794,28,2024-05-16 10:11:00,3,601,0.0,30,631.0,Credit Card,33,Delivered,3.2,Spice Junction 28,Ahmedabad,Continental,3.9,350
1286,22,2024-05-16 12:59:00,4,631,0.0,30,661.0,Debit Card,34,Delivered,4.8,Urban Tadka 22,Mumbai,Desserts,3.1,250
5911,29,2024-05-16 13:18:00,1,299,44.85,49,303.15,Wallet,61,Cancelled,4.3,Sweet Tooth 29,Kolkata,North Indian,4.0,500
3863,3,2024-05-16 17:47:00,4,623,124.6,49,547.4,UPI,53,Cancelled,3.3,Grill Masters 3,Chennai,Continental,4.3,300
1777,27,2024-05-16 18:19:00,3,571,57.1,0,513.9,Wallet,40,Cancelled,2.7,Grill Masters 27,Delhi,Fast Food,3.2,150
5464,6,2024-05-16 18:44:00,1,146,14.6,49,180.4,UPI,62,Delivered,3.2,Pizza Point 6,Mumbai,Desserts,3.1,800
4040,49,2024-05-16 19:45:00,1,221,0.0,30,251.0,Wallet,34,Cancelled,3.6,Curry Leaf 49,Pune,Chinese,3.9,350
2912,3,2024-05-16 20:04:00,1,453,0.0,20,473.0,Debit Card,53,Delivered,2.5,Grill Masters 3,Chennai,Continental,4.3,300
2854,42,2024-05-16 20:17:00,4,522,0.0,0,522.0,Cash on Delivery,51,Delivered,4.3,Sizzle & Steam 42,Lucknow,Chinese,3.8,400
3540,19,2024-05-16 21:17:00,1,222,0.0,40,262.0,UPI,47,Cancelled,4.3,Spice Junction 19,Chennai,Desserts,3.7,150
1677,32,2024-05-16 22:15:00,1,428,0.0,20,448.0,Debit Card,49,Delivered,2.6,Grill Masters 32,Hyderabad,Fast Food,3.2,800
5942,16,2024-05-16 22:38:00,2,529,0.0,49,578.0,Debit Card,39,Delivered,4.8,Cafe Bliss 16,Chennai,South Indian,3.2,500
2308,40,2024-05-17 09:09:00,3,480,72.0,40,448.0,Wallet,26,Delivered,3.5,Dosa Corner 40,Mumbai,Fast Food,3.7,250
4148,4,2024-05-17 09:20:00,1,443,0.0,49,492.0,UPI,29,Delivered,2.7,Cafe Bliss 4,Lucknow,Fast Food,4.1,600
2474,46,2024-05-17 10:23:00,3,1373,0.0,30,1403.0,Cash on Delivery,54,Delivered,4.8,Urban Tadka 46,Kolkata,Continental,4.2,350
4967,17,2024-05-17 10:36:00,3,780,78.0,20,722.0,Debit Card,51,Delivered,3.8,Spicy Junction 17,Delhi,Chinese,3.4,800
4837,2,2024-05-17 11:10:00,2,644,0.0,40,684.0,UPI,21,Cancelled,3.1,Spice Junction 2,Lucknow,Continental,4.8,200
2138,7,2024-05-17 11:49:00,3,544,81.6,30,492.4,Credit Card,28,Delivered,3.3,Wok This Way 7,Bangalore,Street Food,2.9,600
1929,2,2024-05-17 12:24:00,2,319,47.85,30,301.15,Wallet,27,Delivered,4.3,Spice Junction 2,Lucknow,Continental,4.8,200
4856,13,2024-05-17 14:37:00,4,525,105.0,30,450.0,Cash on Delivery,19,Cancelled,4.3,Spice Junction 13,Kolkata,Biryani,4.5,800
5542,17,2024-05-17 14:53:00,1,445,44.5,20,420.5,UPI,59,Cancelled,3.7,Spicy Junction 17,Delhi,Chinese,3.4,800
5500,40,2024-05-17 16:50:00,4,629,62.9,49,615.1,Credit Card,16,Delivered,4.4,Dosa Corner 40,Mumbai,Fast Food,3.7,250
1945,44,2024-05-17 17:17:00,1,329,32.9,40,336.1,Cash on Delivery,62,Cancelled,4.6,Tandoori Nights 44,Hyderabad,South Indian,4.7,150
2067,33,2024-05-17 18:53:00,2,406,40.6,20,385.4,UPI,48,Delivered,3.2,Pizza Point 33,Chennai,Bakery,2.9,600
4793,37,2024-05-17 19:17:00,2,285,0.0,40,325.0,Credit Card,61,Delivered,3.0,Curry Leaf 37,Chennai,Chinese,3.4,500
1854,26,2024-05-17 20:43:00,3,577,57.7,20,539.3,Debit Card,19,Delivered,3.4,Chaat Street 26,Hyderabad,Continental,4.4,250
3937,49,2024-05-17 21:05:00,3,469,0.0,30,499.0,Debit Card,30,Delivered,3.3,Curry Leaf 49,Pune,Chinese,3.9,350
2820,17,2024-05-17 23:39:00,3,1537,0.0,20,1557.0,Debit Card,37,Delivered,4.6,Spicy Junction 17,Delhi,Chinese,3.4,800
5272,10,2024-05-18 08:09:00,2,502,0.0,40,542.0,Credit Card,27,Delivered,4.6,Chaat Street 10,Mumbai,Italian,4.3,350
5433,17,2024-05-18 09:06:00,3,768,0.0,30,798.0,Credit Card,28,Delivered,3.4,Spicy Junction 17,Delhi,Chinese,3.4,800
5672,45,2024-05-18 10:04:00,4,520,78.0,0,442.0,Credit Card,40,Cancelled,3.9,Royal Feast 45,Ahmedabad,Fast Food,3.3,250
4959,9,2024-05-18 11:06:00,1,149,29.8,30,149.2,Cash on Delivery,30,Delivered,3.0,Curry Leaf 9,Pune,Bakery,4.1,200
1934,17,2024-05-18 11:08:00,4,602,120.4,30,511.6,Cash on Delivery,36,Delivered,3.1,Spicy Junction 17,Delhi,Chinese,3.4,800
5331,47,2024-05-18 11:21:00,2,398,0.0,40,438.0,Debit Card,34,Delivered,3.8,Wok This Way 47,Ahmedabad,Street Food,3.5,250
4692,37,2024-05-18 11:34:00,4,1002,100.2,20,921.8,Cash on Delivery,15,Delivered,4.3,Curry Leaf 37,Chennai,Chinese,3.4,500
4703,39,2024-05-18 11:57:00,1,215,0.0,20,235.0,Cash on Delivery,47,Cancelled,2.8,Wok This Way 39,Pune,North Indian,4.2,350
2227,33,2024-05-18 13:01:00,4,1815,272.25,0,1542.75,Credit Card,62,Delivered,3.0,Pizza Point 33,Chennai,Bakery,2.9,600
3527,31,2024-05-18 14:50:00,4,1209,0.0,40,1249.0,UPI,30,Delivered,4.3,Momo Magic 31,Jaipur,Continental,4.1,500
3364,8,2024-05-18 16:51:00,4,524,104.8,20,439.2,Debit Card,34,Delivered,3.3,Urban Tadka 8,Hyderabad,Desserts,4.6,350
5773,22,2024-05-19 09:41:00,2,384,38.4,49,394.6,Credit Card,61,Cancelled,3.5,Urban Tadka 22,Mumbai,Desserts,3.1,250
5670,36,2024-05-19 11:52:00,1,545,0.0,0,545.0,Debit Card,57,Cancelled,2.7,Wok This Way 36,Bangalore,Desserts,4.5,500
4419,13,2024-05-19 12:28:00,2,514,0.0,40,554.0,Wallet,59,Delivered,3.9,Spice Junction 13,Kolkata,Biryani,4.5,800
4831,17,2024-05-19 14:11:00,3,1226,122.6,20,1123.4,Debit Card,33,Delivered,4.8,Spicy Junction 17,Delhi,Chinese,3.4,800
1456,30,2024-05-19 14:48:00,2,263,0.0,40,303.0,Credit Card,17,Delivered,2.7,Noodle Bar 30,Pune,South Indian,2.9,800
2183,10,2024-05-19 15:04:00,2,1004,0.0,20,1024.0,UPI,20,Delivered,4.4,Chaat Street 10,Mumbai,Italian,4.3,350
1149,48,2024-05-19 18:20:00,1,495,74.25,40,460.75,Wallet,43,Delivered,4.9,Burger Barn 48,Delhi,Italian,3.9,150
5144,49,2024-05-19 18:39:00,3,396,0.0,49,445.0,Wallet,19,Cancelled,4.1,Curry Leaf 49,Pune,Chinese,3.9,350
5232,32,2024-05-19 19:06:00,1,374,74.8,20,319.2,Cash on Delivery,18,Delivered,4.2,Grill Masters 32,Hyderabad,Fast Food,3.2,800
2477,29,2024-05-19 20:44:00,3,935,0.0,40,975.0,Debit Card,63,Cancelled,4.7,Sweet Tooth 29,Kolkata,North Indian,4.0,500
3611,38,2024-05-19 21:11:00,3,937,0.0,40,977.0,Wallet,22,Delivered,2.7,Burger Barn 38,Kolkata,Biryani,3.0,600
1923,23,2024-05-19 22:31:00,4,414,0.0,30,444.0,Debit Card,26,Delivered,4.9,Noodle Bar 23,Lucknow,Desserts,3.4,150
1497,43,2024-05-20 09:22:00,1,428,0.0,49,477.0,UPI,16,Delivered,4.8,Grill Masters 43,Chennai,Continental,2.9,250
2077,37,2024-05-20 10:41:00,3,309,30.9,49,327.1,UPI,36,Delivered,5.0,Curry Leaf 37,Chennai,Chinese,3.4,500
4128,2,2024-05-20 14:15:00,4,440,0.0,49,489.0,Wallet,53,Delivered,2.8,Spice Junction 2,Lucknow,Continental,4.8,200
1738,11,2024-05-20 17:07:00,3,766,114.9,30,681.1,Wallet,16,Cancelled,3.0,Noodle Bar 11,Hyderabad,Chinese,2.8,600
1416,29,2024-05-20 18:24:00,3,544,0.0,30,574.0,Wallet,26,Delivered,4.5,Sweet Tooth 29,Kolkata,North Indian,4.0,500
5799,45,2024-05-20 19:07:00,2,517,77.55,30,469.45,Credit Card,26,Delivered,4.7,Royal Feast 45,Ahmedabad,Fast Food,3.3,250
5920,26,2024-05-20 19:29:00,2,289,43.35,30,275.65,Cash on Delivery,57,Delivered,3.4,Chaat Street 26,Hyderabad,Continental,4.4,250
5358,35,2024-05-20 20:24:00,2,312,0.0,20,332.0,UPI,63,Delivered,4.9,Momo Magic 35,Hyderabad,Fast Food,4.8,150
5134,13,2024-05-20 23:12:00,1,334,0.0,0,334.0,Debit Card,16,Cancelled,4.7,Spice Junction 13,Kolkata,Biryani,4.5,800
5774,7,2024-05-20 23:25:00,2,273,0.0,30,303.0,Debit Card,60,Delivered,4.0,Wok This Way 7,Bangalore,Street Food,2.9,600
2928,4,2024-05-21 11:25:00,3,1096,0.0,0,1096.0,UPI,47,Delivered,2.6,Cafe Bliss 4,Lucknow,Fast Food,4.1,600
3550,33,2024-05-21 11:44:00,1,426,42.6,20,403.4,UPI,64,Delivered,4.8,Pizza Point 33,Chennai,Bakery,2.9,600
1821,10,2024-05-21 14:59:00,4,614,61.4,30,582.6,Debit Card,45,Delivered,4.0,Chaat Street 10,Mumbai,Italian,4.3,350
4330,48,2024-05-21 15:06:00,4,1016,0.0,30,1046.0,Cash on Delivery,27,Cancelled,2.8,Burger Barn 48,Delhi,Italian,3.9,150
2774,29,2024-05-21 15:38:00,1,322,0.0,30,352.0,Wallet,16,Delivered,2.8,Sweet Tooth 29,Kolkata,North Indian,4.0,500
2385,24,2024-05-21 16:41:00,2,290,43.5,40,286.5,UPI,43,Delivered,3.9,Cafe Bliss 24,Delhi,Street Food,3.6,600
5511,19,2024-05-21 16:55:00,1,528,0.0,0,528.0,Debit Card,44,Delivered,3.5,Spice Junction 19,Chennai,Desserts,3.7,150
3385,5,2024-05-21 21:44:00,1,138,20.7,20,137.3,Debit Card,51,Delivered,2.6,Cafe Bliss 5,Hyderabad,Street Food,3.1,500
2004,47,2024-05-22 10:36:00,1,414,0.0,30,444.0,Credit Card,59,Delivered,3.5,Wok This Way 47,Ahmedabad,Street Food,3.5,250
5163,27,2024-05-22 10:36:00,2,407,81.4,20,345.6,Debit Card,27,Delivered,2.8,Grill Masters 27,Delhi,Fast Food,3.2,150
4909,8,2024-05-22 12:05:00,2,699,69.9,40,669.1,Wallet,19,Delivered,3.4,Urban Tadka 8,Hyderabad,Desserts,4.6,350
4841,31,2024-05-22 12:17:00,1,163,0.0,40,203.0,Debit Card,48,Delivered,3.3,Momo Magic 31,Jaipur,Continental,4.1,500
5812,25,2024-05-22 12:36:00,4,425,63.75,40,401.25,Credit Card,23,Delivered,4.5,Royal Feast 25,Jaipur,Biryani,3.8,250
4414,35,2024-05-22 13:10:00,2,443,0.0,40,483.0,Cash on Delivery,40,Cancelled,4.7,Momo Magic 35,Hyderabad,Fast Food,4.8,150
1271,45,2024-05-22 13:37:00,1,144,0.0,0,144.0,Cash on Delivery,29,Delivered,4.7,Royal Feast 45,Ahmedabad,Fast Food,3.3,250
3795,42,2024-05-22 13:41:00,1,178,35.6,20,162.4,Credit Card,50,Cancelled,4.4,Sizzle & Steam 42,Lucknow,Chinese,3.8,400
3592,37,2024-05-22 14:01:00,4,415,62.25,40,392.75,Credit Card,38,Delivered,3.9,Curry Leaf 37,Chennai,Chinese,3.4,500
1439,48,2024-05-22 15:51:00,2,1009,201.8,40,847.2,Cash on Delivery,46,Delivered,3.9,Burger Barn 48,Delhi,Italian,3.9,150
3337,32,2024-05-22 16:08:00,1,491,0.0,40,531.0,Wallet,42,Delivered,4.8,Grill Masters 32,Hyderabad,Fast Food,3.2,800
1734,13,2024-05-22 17:14:00,3,1076,161.4,0,914.6,Credit Card,62,Delivered,4.6,Spice Junction 13,Kolkata,Biryani,4.5,800
5587,5,2024-05-22 18:06:00,4,1438,287.6,40,1190.4,Wallet,58,Delivered,4.3,Cafe Bliss 5,Hyderabad,Street Food,3.1,500
4445,39,2024-05-22 19:02:00,2,326,65.2,30,290.8,Wallet,61,Delivered,3.5,Wok This Way 39,Pune,North Indian,4.2,350
5475,17,2024-05-22 20:19:00,1,337,0.0,30,367.0,Debit Card,21,Delivered,4.6,Spicy Junction 17,Delhi,Chinese,3.4,800
5219,29,2024-05-22 21:10:00,4,631,63.1,0,567.9,Debit Card,28,Cancelled,2.7,Sweet Tooth 29,Kolkata,North Indian,4.0,500
5021,35,2024-05-22 22:02:00,1,200,0.0,20,220.0,Debit Card,22,Delivered,2.8,Momo Magic 35,Hyderabad,Fast Food,4.8,150
4197,34,2024-05-22 23:10:00,4,1026,0.0,30,1056.0,Wallet,44,Delivered,4.1,Biryani House 34,Bangalore,South Indian,4.8,200
5683,27,2024-05-22 23:18:00,3,908,0.0,30,938.0,Credit Card,55,Delivered,4.4,Grill Masters 27,Delhi,Fast Food,3.2,150
3205,43,2024-05-23 08:21:00,3,399,0.0,20,419.0,Cash on Delivery,29,Delivered,3.4,Grill Masters 43,Chennai,Continental,2.9,250
1910,14,2024-05-23 09:11:00,1,506,101.2,20,424.8,UPI,26,Delivered,4.6,Curry Leaf 14,Pune,South Indian,3.2,150
2229,21,2024-05-23 09:51:00,3,940,0.0,49,989.0,UPI,46,Delivered,3.9,Biryani House 21,Pune,South Indian,4.1,600
4777,30,2024-05-23 11:55:00,4,1637,245.55,49,1440.45,UPI,15,Delivered,3.2,Noodle Bar 30,Pune,South Indian,2.9,800
4058,48,2024-05-23 12:44:00,3,783,0.0,0,783.0,Cash on Delivery,49,Delivered,4.3,Burger Barn 48,Delhi,Italian,3.9,150
2661,35,2024-05-23 12:57:00,1,457,0.0,20,477.0,Cash on Delivery,40,Delivered,3.0,Momo Magic 35,Hyderabad,Fast Food,4.8,150
4851,39,2024-05-23 13:16:00,3,1232,0.0,20,1252.0,Credit Card,58,Delivered,3.2,Wok This Way 39,Pune,North Indian,4.2,350
2048,5,2024-05-23 13:20:00,4,553,0.0,30,583.0,Cash on Delivery,22,Cancelled,3.3,Cafe Bliss 5,Hyderabad,Street Food,3.1,500
3076,32,2024-05-23 15:09:00,3,1198,0.0,20,1218.0,Debit Card,52,Cancelled,2.9,Grill Masters 32,Hyderabad,Fast Food,3.2,800
4584,10,2024-05-23 15:46:00,4,800,120.0,0,680.0,Wallet,34,Cancelled,2.9,Chaat Street 10,Mumbai,Italian,4.3,350
4191,47,2024-05-23 19:12:00,3,1245,124.5,40,1160.5,Wallet,21,Delivered,4.6,Wok This Way 47,Ahmedabad,Street Food,3.5,250
3890,30,2024-05-23 19:59:00,2,238,0.0,49,287.0,UPI,31,Delivered,2.6,Noodle Bar 30,Pune,South Indian,2.9,800
5140,28,2024-05-23 20:06:00,3,581,0.0,40,621.0,UPI,54,Delivered,2.8,Spice Junction 28,Ahmedabad,Continental,3.9,350
1962,14,2024-05-23 20:23:00,4,1428,0.0,40,1468.0,UPI,30,Delivered,4.7,Curry Leaf 14,Pune,South Indian,3.2,150
3295,5,2024-05-24 08:15:00,1,151,30.2,0,120.8,Debit Card,49,Delivered,4.1,Cafe Bliss 5,Hyderabad,Street Food,3.1,500
4864,23,2024-05-24 08:19:00,2,517,103.4,20,433.6,Debit Card,32,Delivered,4.7,Noodle Bar 23,Lucknow,Desserts,3.4,150
5453,6,2024-05-24 09:20:00,1,149,29.8,30,149.2,Wallet,48,Delivered,4.1,Pizza Point 6,Mumbai,Desserts,3.1,800
5528,3,2024-05-24 12:01:00,4,2000,300.0,20,1720.0,Cash on Delivery,24,Delivered,3.4,Grill Masters 3,Chennai,Continental,4.3,300
4962,19,2024-05-24 13:34:00,1,451,0.0,49,500.0,Debit Card,50,Delivered,4.3,Spice Junction 19,Chennai,Desserts,3.7,150
3849,40,2024-05-24 14:05:00,2,999,99.9,0,899.1,Cash on Delivery,31,Delivered,3.8,Dosa Corner 40,Mumbai,Fast Food,3.7,250
1073,17,2024-05-24 14:45:00,4,840,0.0,30,870.0,Debit Card,21,Delivered,4.3,Spicy Junction 17,Delhi,Chinese,3.4,800
3187,34,2024-05-24 16:50:00,3,571,114.2,0,456.8,Debit Card,57,Delivered,3.2,Biryani House 34,Bangalore,South Indian,4.8,200
2292,41,2024-05-24 17:15:00,3,1214,242.8,49,1020.2,Wallet,41,Cancelled,4.3,Dosa Corner 41,Hyderabad,Continental,3.1,600
2158,49,2024-05-24 17:20:00,2,905,0.0,40,945.0,Wallet,57,Cancelled,4.8,Curry Leaf 49,Pune,Chinese,3.9,350
2959,48,2024-05-24 18:26:00,3,480,72.0,30,438.0,Cash on Delivery,27,Delivered,4.6,Burger Barn 48,Delhi,Italian,3.9,150
4893,41,2024-05-24 19:04:00,3,413,61.95,49,400.05,Wallet,25,Cancelled,2.8,Dosa Corner 41,Hyderabad,Continental,3.1,600
1864,48,2024-05-24 20:29:00,3,641,0.0,0,641.0,Cash on Delivery,63,Delivered,3.3,Burger Barn 48,Delhi,Italian,3.9,150
1542,3,2024-05-24 20:32:00,4,2024,202.4,40,1861.6,Debit Card,18,Delivered,4.4,Grill Masters 3,Chennai,Continental,4.3,300
4972,41,2024-05-24 20:32:00,3,1047,0.0,40,1087.0,Cash on Delivery,34,Cancelled,3.9,Dosa Corner 41,Hyderabad,Continental,3.1,600
2646,12,2024-05-25 10:57:00,2,415,0.0,30,445.0,Wallet,28,Delivered,4.6,Tandoori Nights 12,Mumbai,Continental,4.8,800
5068,37,2024-05-25 11:05:00,3,484,0.0,40,524.0,Credit Card,26,Delivered,3.7,Curry Leaf 37,Chennai,Chinese,3.4,500
5300,18,2024-05-25 12:05:00,4,798,79.8,0,718.2,Debit Card,24,Delivered,2.7,Sizzle & Steam 18,Chennai,Chinese,3.9,600
4280,40,2024-05-25 13:14:00,2,286,0.0,40,326.0,UPI,20,Delivered,3.3,Dosa Corner 40,Mumbai,Fast Food,3.7,250
3907,15,2024-05-25 13:53:00,4,765,0.0,49,814.0,Cash on Delivery,53,Delivered,2.7,Biryani House 15,Ahmedabad,North Indian,3.2,800
5161,50,2024-05-25 14:33:00,2,719,71.9,20,667.1,Wallet,60,Cancelled,4.7,Urban Tadka 50,Delhi,Bakery,3.2,500
5939,43,2024-05-25 16:00:00,2,399,59.85,40,379.15,Cash on Delivery,33,Delivered,2.7,Grill Masters 43,Chennai,Continental,2.9,250
5080,36,2024-05-25 16:56:00,2,921,92.1,30,858.9,UPI,34,Delivered,4.9,Wok This Way 36,Bangalore,Desserts,4.5,500
3736,21,2024-05-25 18:03:00,3,754,113.1,30,670.9,Debit Card,25,Delivered,2.5,Biryani House 21,Pune,South Indian,4.1,600
2068,47,2024-05-25 18:35:00,4,410,61.5,49,397.5,Credit Card,43,Delivered,4.7,Wok This Way 47,Ahmedabad,Street Food,3.5,250
2844,22,2024-05-25 19:20:00,1,196,0.0,20,216.0,Cash on Delivery,54,Cancelled,2.5,Urban Tadka 22,Mumbai,Desserts,3.1,250
3600,21,2024-05-25 19:22:00,2,820,123.0,30,727.0,Wallet,25,Delivered,4.6,Biryani House 21,Pune,South Indian,4.1,600
4496,49,2024-05-25 20:35:00,4,1043,0.0,40,1083.0,Wallet,48,Delivered,3.4,Curry Leaf 49,Pune,Chinese,3.9,350
3566,27,2024-05-25 22:10:00,4,1427,142.7,49,1333.3,UPI,60,Delivered,3.1,Grill Masters 27,Delhi,Fast Food,3.2,150
3689,9,2024-05-25 22:38:00,1,354,0.0,0,354.0,Debit Card,15,Delivered,2.9,Curry Leaf 9,Pune,Bakery,4.1,200
2868,50,2024-05-25 22:40:00,1,218,0.0,40,258.0,Credit Card,25,Cancelled,2.8,Urban Tadka 50,Delhi,Bakery,3.2,500
1891,15,2024-05-26 08:32:00,1,302,30.2,49,320.8,Wallet,51,Delivered,3.8,Biryani House 15,Ahmedabad,North Indian,3.2,800
1756,50,2024-05-26 09:58:00,3,934,186.8,20,767.2,Credit Card,28,Delivered,4.4,Urban Tadka 50,Delhi,Bakery,3.2,500
1501,12,2024-05-26 10:41:00,4,800,80.0,30,750.0,UPI,57,Delivered,3.7,Tandoori Nights 12,Mumbai,Continental,4.8,800
3786,29,2024-05-26 13:16:00,1,223,0.0,0,223.0,UPI,51,Cancelled,3.0,Sweet Tooth 29,Kolkata,North Indian,4.0,500
1122,40,2024-05-26 14:27:00,1,456,68.4,20,407.6,Debit Card,22,Cancelled,3.0,Dosa Corner 40,Mumbai,Fast Food,3.7,250
1350,47,2024-05-26 15:38:00,4,1431,0.0,30,1461.0,UPI,25,Cancelled,3.5,Wok This Way 47,Ahmedabad,Street Food,3.5,250
4715,48,2024-05-26 16:27:00,4,1226,0.0,20,1246.0,UPI,55,Delivered,4.4,Burger Barn 48,Delhi,Italian,3.9,150
2334,35,2024-05-26 19:56:00,1,145,14.5,0,130.5,Debit Card,59,Cancelled,4.1,Momo Magic 35,Hyderabad,Fast Food,4.8,150
4900,26,2024-05-26 19:56:00,4,546,54.6,30,521.4,Debit Card,47,Delivered,4.0,Chaat Street 26,Hyderabad,Continental,4.4,250
5001,45,2024-05-26 20:26:00,4,1417,0.0,0,1417.0,Credit Card,49,Delivered,3.7,Royal Feast 45,Ahmedabad,Fast Food,3.3,250
2122,44,2024-05-26 21:27:00,4,1035,0.0,20,1055.0,UPI,36,Delivered,4.5,Tandoori Nights 44,Hyderabad,South Indian,4.7,150
4484,2,2024-05-26 22:40:00,1,202,0.0,40,242.0,Debit Card,46,Cancelled,4.0,Spice Junction 2,Lucknow,Continental,4.8,200
4798,40,2024-05-26 23:17:00,1,141,21.15,30,149.85,Cash on Delivery,57,Delivered,2.9,Dosa Corner 40,Mumbai,Fast Food,3.7,250
1559,38,2024-05-26 23:44:00,3,1351,270.2,49,1129.8,Credit Card,56,Cancelled,5.0,Burger Barn 38,Kolkata,Biryani,3.0,600
4722,11,2024-05-26 23:51:00,4,808,121.2,40,726.8,Cash on Delivery,51,Delivered,3.8,Noodle Bar 11,Hyderabad,Chinese,2.8,600
1742,31,2024-05-27 10:22:00,2,368,73.6,0,294.4,Wallet,25,Cancelled,2.8,Momo Magic 31,Jaipur,Continental,4.1,500
1565,47,2024-05-27 15:19:00,3,537,0.0,40,577.0,UPI,44,Cancelled,4.5,Wok This Way 47,Ahmedabad,Street Food,3.5,250
5248,37,2024-05-27 17:46:00,2,830,0.0,20,850.0,UPI,52,Cancelled,2.9,Curry Leaf 37,Chennai,Chinese,3.4,500
5633,9,2024-05-27 21:28:00,3,486,0.0,30,516.0,Cash on Delivery,46,Delivered,2.6,Curry Leaf 9,Pune,Bakery,4.1,200
1287,25,2024-05-27 22:56:00,1,201,40.2,49,209.8,Credit Card,41,Delivered,5.0,Royal Feast 25,Jaipur,Biryani,3.8,250
1761,28,2024-05-28 09:00:00,3,1385,0.0,40,1425.0,Credit Card,48,Delivered,3.1,Spice Junction 28,Ahmedabad,Continental,3.9,350
3582,39,2024-05-28 12:51:00,3,460,0.0,30,490.0,Debit Card,55,Cancelled,2.5,Wok This Way 39,Pune,North Indian,4.2,350
5291,27,2024-05-28 13:19:00,4,1021,0.0,30,1051.0,Cash on Delivery,20,Delivered,2.6,Grill Masters 27,Delhi,Fast Food,3.2,150
3180,6,2024-05-28 14:00:00,4,525,105.0,20,440.0,Wallet,18,Delivered,5.0,Pizza Point 6,Mumbai,Desserts,3.1,800
5720,50,2024-05-28 14:51:00,1,228,0.0,0,228.0,UPI,30,Delivered,4.3,Urban Tadka 50,Delhi,Bakery,3.2,500
1831,20,2024-05-28 15:52:00,4,1206,0.0,30,1236.0,Cash on Delivery,43,Cancelled,3.5,Urban Tadka 20,Hyderabad,Street Food,3.4,600
5641,29,2024-05-28 16:32:00,4,1008,201.6,0,806.4,Debit Card,27,Delivered,4.2,Sweet Tooth 29,Kolkata,North Indian,4.0,500
1679,28,2024-05-28 20:55:00,2,611,61.1,40,589.9,Wallet,24,Delivered,3.8,Spice Junction 28,Ahmedabad,Continental,3.9,350
5073,25,2024-05-28 21:13:00,4,640,128.0,0,512.0,Cash on Delivery,25,Delivered,3.5,Royal Feast 25,Jaipur,Biryani,3.8,250
4277,20,2024-05-28 22:12:00,1,451,45.1,20,425.9,Wallet,16,Delivered,2.9,Urban Tadka 20,Hyderabad,Street Food,3.4,600
2431,42,2024-05-28 22:46:00,2,915,137.25,30,807.75,Debit Card,26,Delivered,2.8,Sizzle & Steam 42,Lucknow,Chinese,3.8,400
5333,26,2024-05-28 23:44:00,3,625,93.75,49,580.25,Wallet,30,Cancelled,4.0,Chaat Street 26,Hyderabad,Continental,4.4,250
3334,26,2024-05-29 08:18:00,3,558,0.0,49,607.0,Credit Card,16,Cancelled,3.2,Chaat Street 26,Hyderabad,Continental,4.4,250
3636,49,2024-05-29 10:32:00,2,533,106.6,0,426.4,Credit Card,22,Delivered,4.6,Curry Leaf 49,Pune,Chinese,3.9,350
1967,5,2024-05-29 10:52:00,4,751,0.0,40,791.0,Wallet,49,Delivered,4.0,Cafe Bliss 5,Hyderabad,Street Food,3.1,500
1230,33,2024-05-29 12:40:00,1,438,43.8,0,394.2,Wallet,16,Delivered,3.6,Pizza Point 33,Chennai,Bakery,2.9,600
2888,11,2024-05-29 15:50:00,3,314,47.1,40,306.9,Cash on Delivery,30,Delivered,3.2,Noodle Bar 11,Hyderabad,Chinese,2.8,600
1294,43,2024-05-29 16:26:00,2,742,74.2,30,697.8,Cash on Delivery,53,Delivered,3.3,Grill Masters 43,Chennai,Continental,2.9,250
2180,39,2024-05-29 16:54:00,2,698,69.8,0,628.2,Wallet,48,Delivered,3.3,Wok This Way 39,Pune,North Indian,4.2,350
5959,41,2024-05-29 18:28:00,4,1407,0.0,20,1427.0,Cash on Delivery,31,Delivered,4.9,Dosa Corner 41,Hyderabad,Continental,3.1,600
5681,10,2024-05-29 21:05:00,4,2002,300.3,0,1701.7,Cash on Delivery,40,Delivered,4.5,Chaat Street 10,Mumbai,Italian,4.3,350
3119,25,2024-05-29 22:25:00,2,944,0.0,49,993.0,Debit Card,31,Delivered,4.3,Royal Feast 25,Jaipur,Biryani,3.8,250
4031,33,2024-05-29 22:48:00,1,462,46.2,49,464.8,Wallet,37,Delivered,4.2,Pizza Point 33,Chennai,Bakery,2.9,600
5629,6,2024-05-29 23:31:00,1,495,99.0,20,416.0,UPI,55,Cancelled,3.0,Pizza Point 6,Mumbai,Desserts,3.1,800
5531,19,2024-05-30 08:10:00,1,452,67.8,30,414.2,Credit Card,54,Cancelled,5.0,Spice Junction 19,Chennai,Desserts,3.7,150
5293,14,2024-05-30 08:29:00,3,1226,245.2,20,1000.8,UPI,29,Delivered,3.5,Curry Leaf 14,Pune,South Indian,3.2,150
4543,38,2024-05-30 10:24:00,3,768,76.8,30,721.2,UPI,40,Cancelled,4.0,Burger Barn 38,Kolkata,Biryani,3.0,600
5569,19,2024-05-30 11:21:00,1,145,29.0,40,156.0,Wallet,30,Cancelled,2.9,Spice Junction 19,Chennai,Desserts,3.7,150
4416,45,2024-05-30 11:34:00,1,474,0.0,20,494.0,UPI,33,Delivered,3.5,Royal Feast 45,Ahmedabad,Fast Food,3.3,250
3329,39,2024-05-30 17:10:00,2,529,0.0,20,549.0,Debit Card,38,Cancelled,4.9,Wok This Way 39,Pune,North Indian,4.2,350
1603,28,2024-05-30 18:06:00,3,1387,208.05,49,1227.95,Wallet,59,Delivered,2.7,Spice Junction 28,Ahmedabad,Continental,3.9,350
2779,46,2024-05-30 18:07:00,4,1830,366.0,0,1464.0,Debit Card,40,Cancelled,2.7,Urban Tadka 46,Kolkata,Continental,4.2,350
3986,20,2024-05-30 20:03:00,2,519,77.85,0,441.15,UPI,19,Delivered,3.4,Urban Tadka 20,Hyderabad,Street Food,3.4,600
4004,7,2024-05-30 20:26:00,4,1610,161.0,40,1489.0,Cash on Delivery,20,Delivered,4.8,Wok This Way 7,Bangalore,Street Food,2.9,600
4671,24,2024-05-30 22:08:00,1,511,102.2,49,457.8,Wallet,42,Cancelled,4.7,Cafe Bliss 24,Delhi,Street Food,3.6,600
3383,44,2024-05-30 22:42:00,2,808,80.8,0,727.2,Credit Card,21,Delivered,4.5,Tandoori Nights 44,Hyderabad,South Indian,4.7,150
5910,34,2024-05-31 08:34:00,2,919,137.85,20,801.15,Cash on Delivery,46,Cancelled,3.0,Biryani House 34,Bangalore,South Indian,4.8,200
5204,48,2024-05-31 10:22:00,3,911,136.65,40,814.35,Wallet,24,Cancelled,2.9,Burger Barn 48,Delhi,Italian,3.9,150
4885,18,2024-05-31 11:32:00,3,925,92.5,20,852.5,Cash on Delivery,62,Delivered,4.8,Sizzle & Steam 18,Chennai,Chinese,3.9,600
3498,6,2024-05-31 13:50:00,1,182,0.0,0,182.0,Credit Card,50,Cancelled,4.0,Pizza Point 6,Mumbai,Desserts,3.1,800
4462,12,2024-05-31 14:09:00,3,619,0.0,40,659.0,Credit Card,35,Delivered,3.4,Tandoori Nights 12,Mumbai,Continental,4.8,800
4605,49,2024-05-31 15:31:00,3,1524,304.8,20,1239.2,Debit Card,29,Delivered,4.7,Curry Leaf 49,Pune,Chinese,3.9,350
2951,40,2024-05-31 16:34:00,1,168,25.2,40,182.8,Credit Card,61,Cancelled,3.2,Dosa Corner 40,Mumbai,Fast Food,3.7,250
1346,29,2024-05-31 17:01:00,4,541,108.2,20,452.8,Wallet,32,Delivered,4.1,Sweet Tooth 29,Kolkata,North Indian,4.0,500
1605,41,2024-05-31 17:28:00,3,1360,272.0,49,1137.0,Credit Card,64,Cancelled,4.3,Dosa Corner 41,Hyderabad,Continental,3.1,600
1357,26,2024-05-31 18:47:00,4,2006,0.0,40,2046.0,Credit Card,19,Delivered,3.7,Chaat Street 26,Hyderabad,Continental,4.4,250
1985,23,2024-05-31 21:58:00,3,553,110.6,40,482.4,Cash on Delivery,15,Delivered,3.9,Noodle Bar 23,Lucknow,Desserts,3.4,150
2218,37,2024-05-31 23:26:00,2,533,0.0,20,553.0,UPI,15,Delivered,4.7,Curry Leaf 37,Chennai,Chinese,3.4,500
4073,26,2024-06-01 08:29:00,1,520,104.0,30,446.0,Debit Card,38,Cancelled,3.4,Chaat Street 26,Hyderabad,Continental,4.4,250
3799,44,2024-06-01 10:57:00,2,324,48.6,30,305.4,Wallet,42,Delivered,3.1,Tandoori Nights 44,Hyderabad,South Indian,4.7,150
1762,42,2024-06-01 11:59:00,3,1048,209.6,40,878.4,Debit Card,35,Delivered,4.9,Sizzle & Steam 42,Lucknow,Chinese,3.8,400
5037,14,2024-06-01 13:12:00,4,998,0.0,20,1018.0,Credit Card,50,Delivered,4.7,Curry Leaf 14,Pune,South Indian,3.2,150
1735,43,2024-06-01 17:45:00,3,1072,0.0,0,1072.0,UPI,56,Delivered,2.7,Grill Masters 43,Chennai,Continental,2.9,250
2410,17,2024-06-01 21:03:00,3,1208,0.0,30,1238.0,Debit Card,32,Cancelled,2.8,Spicy Junction 17,Delhi,Chinese,3.4,800
5183,29,2024-06-01 22:31:00,4,1796,0.0,0,1796.0,Debit Card,23,Delivered,3.3,Sweet Tooth 29,Kolkata,North Indian,4.0,500
3931,46,2024-06-01 23:51:00,1,140,14.0,40,166.0,Wallet,53,Cancelled,5.0,Urban Tadka 46,Kolkata,Continental,4.2,350
1302,4,2024-06-01 23:55:00,1,404,0.0,40,444.0,Debit Card,33,Delivered,4.9,Cafe Bliss 4,Lucknow,Fast Food,4.1,600
4670,28,2024-06-02 09:33:00,4,816,122.4,30,723.6,Credit Card,28,Delivered,3.7,Spice Junction 28,Ahmedabad,Continental,3.9,350
1633,32,2024-06-02 13:45:00,4,2017,403.4,49,1662.6,Cash on Delivery,25,Cancelled,3.2,Grill Masters 32,Hyderabad,Fast Food,3.2,800
2397,18,2024-06-02 13:53:00,1,204,0.0,30,234.0,Wallet,63,Delivered,2.6,Sizzle & Steam 18,Chennai,Chinese,3.9,600
4677,36,2024-06-02 14:08:00,2,443,66.45,40,416.55,Debit Card,47,Cancelled,4.5,Wok This Way 36,Bangalore,Desserts,4.5,500
5851,37,2024-06-02 14:36:00,2,1005,100.5,30,934.5,Wallet,37,Delivered,2.8,Curry Leaf 37,Chennai,Chinese,3.4,500
2998,14,2024-06-02 15:13:00,1,265,53.0,30,242.0,Debit Card,55,Delivered,2.6,Curry Leaf 14,Pune,South Indian,3.2,150
5628,3,2024-06-02 15:56:00,2,445,0.0,40,485.0,Wallet,47,Delivered,2.9,Grill Masters 3,Chennai,Continental,4.3,300
1836,41,2024-06-02 16:03:00,3,1242,0.0,20,1262.0,Wallet,46,Delivered,2.6,Dosa Corner 41,Hyderabad,Continental,3.1,600
2197,3,2024-06-02 16:52:00,3,546,0.0,20,566.0,Wallet,52,Delivered,2.8,Grill Masters 3,Chennai,Continental,4.3,300
4076,22,2024-06-02 17:42:00,2,336,0.0,40,376.0,Credit Card,45,Delivered,4.0,Urban Tadka 22,Mumbai,Desserts,3.1,250
4337,21,2024-06-02 17:52:00,3,1521,0.0,30,1551.0,Debit Card,44,Delivered,3.4,Biryani House 21,Pune,South Indian,4.1,600
3165,11,2024-06-02 18:23:00,2,1007,0.0,20,1027.0,Cash on Delivery,43,Cancelled,3.4,Noodle Bar 11,Hyderabad,Chinese,2.8,600
4753,3,2024-06-02 19:27:00,4,439,0.0,40,479.0,Credit Card,32,Delivered,3.1,Grill Masters 3,Chennai,Continental,4.3,300
1843,34,2024-06-02 20:11:00,2,343,68.6,20,294.4,UPI,25,Delivered,4.0,Biryani House 34,Bangalore,South Indian,4.8,200
4266,27,2024-06-02 21:21:00,2,798,79.8,30,748.2,Credit Card,48,Cancelled,4.0,Grill Masters 27,Delhi,Fast Food,3.2,150
3770,15,2024-06-02 21:42:00,1,341,0.0,0,341.0,UPI,39,Delivered,3.4,Biryani House 15,Ahmedabad,North Indian,3.2,800
1341,12,2024-06-02 21:44:00,4,728,109.2,40,658.8,UPI,52,Delivered,4.8,Tandoori Nights 12,Mumbai,Continental,4.8,800
4738,7,2024-06-02 23:18:00,3,413,0.0,20,433.0,Cash on Delivery,39,Delivered,4.3,Wok This Way 7,Bangalore,Street Food,2.9,600
3973,10,2024-06-03 10:08:00,4,1644,328.8,30,1345.2,Cash on Delivery,17,Delivered,3.5,Chaat Street 10,Mumbai,Italian,4.3,350
1834,10,2024-06-03 12:42:00,3,913,136.95,30,806.05,Cash on Delivery,23,Cancelled,4.0,Chaat Street 10,Mumbai,Italian,4.3,350
3214,21,2024-06-03 13:07:00,1,489,0.0,49,538.0,UPI,29,Cancelled,3.0,Biryani House 21,Pune,South Indian,4.1,600
1343,16,2024-06-03 14:24:00,2,447,0.0,0,447.0,UPI,51,Delivered,3.4,Cafe Bliss 16,Chennai,South Indian,3.2,500
3213,4,2024-06-03 14:33:00,2,390,0.0,0,390.0,UPI,63,Delivered,2.9,Cafe Bliss 4,Lucknow,Fast Food,4.1,600
1463,13,2024-06-03 14:49:00,3,1089,0.0,20,1109.0,Debit Card,32,Cancelled,4.3,Spice Junction 13,Kolkata,Biryani,4.5,800
4334,11,2024-06-03 16:12:00,2,629,0.0,49,678.0,Cash on Delivery,19,Cancelled,2.7,Noodle Bar 11,Hyderabad,Chinese,2.8,600
3616,49,2024-06-03 17:31:00,2,338,0.0,40,378.0,Credit Card,61,Delivered,3.7,Curry Leaf 49,Pune,Chinese,3.9,350
5461,29,2024-06-03 19:49:00,1,178,0.0,49,227.0,Wallet,44,Delivered,2.9,Sweet Tooth 29,Kolkata,North Indian,4.0,500
2378,49,2024-06-03 20:37:00,1,128,0.0,20,148.0,Wallet,50,Delivered,4.8,Curry Leaf 49,Pune,Chinese,3.9,350
4523,16,2024-06-03 20:37:00,4,616,0.0,40,656.0,Credit Card,39,Delivered,4.0,Cafe Bliss 16,Chennai,South Indian,3.2,500
3980,6,2024-06-03 22:09:00,2,1041,0.0,30,1071.0,Credit Card,57,Delivered,4.4,Pizza Point 6,Mumbai,Desserts,3.1,800
3266,28,2024-06-03 22:25:00,2,630,0.0,0,630.0,UPI,35,Delivered,4.4,Spice Junction 28,Ahmedabad,Continental,3.9,350
4447,11,2024-06-03 23:06:00,2,835,0.0,49,884.0,UPI,41,Cancelled,2.6,Noodle Bar 11,Hyderabad,Chinese,2.8,600
1666,21,2024-06-03 23:15:00,3,424,42.4,0,381.6,UPI,36,Delivered,2.7,Biryani House 21,Pune,South Indian,4.1,600
3355,49,2024-06-03 23:47:00,2,901,0.0,0,901.0,Wallet,53,Delivered,2.6,Curry Leaf 49,Pune,Chinese,3.9,350
4363,47,2024-06-04 10:10:00,2,225,33.75,20,211.25,Wallet,31,Delivered,3.3,Wok This Way 47,Ahmedabad,Street Food,3.5,250
2976,20,2024-06-04 10:13:00,3,325,65.0,49,309.0,UPI,59,Delivered,4.8,Urban Tadka 20,Hyderabad,Street Food,3.4,600
5193,13,2024-06-04 10:16:00,3,1395,139.5,20,1275.5,UPI,26,Delivered,3.4,Spice Junction 13,Kolkata,Biryani,4.5,800
3716,11,2024-06-04 11:48:00,3,1066,0.0,40,1106.0,Wallet,15,Delivered,3.5,Noodle Bar 11,Hyderabad,Chinese,2.8,600
3561,39,2024-06-04 12:57:00,2,309,0.0,30,339.0,Cash on Delivery,37,Delivered,4.1,Wok This Way 39,Pune,North Indian,4.2,350
2344,19,2024-06-04 17:17:00,4,825,0.0,20,845.0,Wallet,39,Delivered,3.7,Spice Junction 19,Chennai,Desserts,3.7,150
3120,48,2024-06-04 17:29:00,4,1602,0.0,40,1642.0,Cash on Delivery,17,Delivered,3.6,Burger Barn 48,Delhi,Italian,3.9,150
4102,50,2024-06-04 17:31:00,1,222,44.4,40,217.6,Debit Card,51,Delivered,4.0,Urban Tadka 50,Delhi,Bakery,3.2,500
5266,27,2024-06-04 18:28:00,1,191,38.2,49,201.8,Credit Card,51,Delivered,4.1,Grill Masters 27,Delhi,Fast Food,3.2,150
1262,42,2024-06-04 20:17:00,1,177,17.7,0,159.3,UPI,33,Delivered,4.1,Sizzle & Steam 42,Lucknow,Chinese,3.8,400
4068,49,2024-06-04 21:32:00,1,132,0.0,0,132.0,Debit Card,51,Delivered,4.2,Curry Leaf 49,Pune,Chinese,3.9,350
3017,47,2024-06-05 09:20:00,1,135,20.25,20,134.75,Debit Card,22,Delivered,4.4,Wok This Way 47,Ahmedabad,Street Food,3.5,250
4741,48,2024-06-05 09:59:00,2,380,57.0,40,363.0,Cash on Delivery,46,Delivered,4.9,Burger Barn 48,Delhi,Italian,3.9,150
5314,1,2024-06-05 10:19:00,2,386,0.0,49,435.0,Debit Card,64,Cancelled,2.6,Wok This Way 1,Pune,Italian,3.6,200
3746,21,2024-06-05 11:21:00,1,225,33.75,40,231.25,Credit Card,36,Delivered,4.3,Biryani House 21,Pune,South Indian,4.1,600
3040,6,2024-06-05 13:22:00,2,919,183.8,0,735.2,UPI,44,Delivered,4.2,Pizza Point 6,Mumbai,Desserts,3.1,800
3562,50,2024-06-05 13:50:00,3,640,128.0,30,542.0,UPI,22,Cancelled,3.1,Urban Tadka 50,Delhi,Bakery,3.2,500
5251,37,2024-06-05 15:10:00,2,362,36.2,0,325.8,Wallet,39,Cancelled,4.2,Curry Leaf 37,Chennai,Chinese,3.4,500
1099,11,2024-06-05 15:14:00,2,909,181.8,0,727.2,Wallet,15,Cancelled,3.8,Noodle Bar 11,Hyderabad,Chinese,2.8,600
1221,35,2024-06-05 16:14:00,4,1827,182.7,40,1684.3,Cash on Delivery,53,Delivered,4.8,Momo Magic 35,Hyderabad,Fast Food,4.8,150
4105,5,2024-06-05 17:13:00,4,546,0.0,40,586.0,UPI,25,Delivered,2.7,Cafe Bliss 5,Hyderabad,Street Food,3.1,500
3842,10,2024-06-05 18:36:00,3,759,75.9,20,703.1,Cash on Delivery,19,Delivered,3.8,Chaat Street 10,Mumbai,Italian,4.3,350
4314,41,2024-06-05 21:56:00,4,811,81.1,20,749.9,UPI,32,Delivered,3.7,Dosa Corner 41,Hyderabad,Continental,3.1,600
4700,12,2024-06-05 23:06:00,1,306,30.6,20,295.4,Wallet,28,Delivered,3.6,Tandoori Nights 12,Mumbai,Continental,4.8,800
2658,34,2024-06-05 23:35:00,3,1394,0.0,20,1414.0,UPI,28,Delivered,4.3,Biryani House 34,Bangalore,South Indian,4.8,200
4529,12,2024-06-06 08:10:00,2,715,0.0,49,764.0,Wallet,42,Delivered,3.5,Tandoori Nights 12,Mumbai,Continental,4.8,800
4504,41,2024-06-06 10:26:00,2,801,0.0,0,801.0,Credit Card,20,Delivered,4.1,Dosa Corner 41,Hyderabad,Continental,3.1,600
2169,50,2024-06-06 11:13:00,1,269,0.0,40,309.0,Debit Card,29,Cancelled,5.0,Urban Tadka 50,Delhi,Bakery,3.2,500
3438,1,2024-06-06 11:29:00,4,639,63.9,40,615.1,Cash on Delivery,25,Delivered,3.6,Wok This Way 1,Pune,Italian,3.6,200
5058,17,2024-06-06 11:44:00,4,830,166.0,0,664.0,Credit Card,38,Delivered,5.0,Spicy Junction 17,Delhi,Chinese,3.4,800
1004,9,2024-06-06 15:03:00,2,843,0.0,20,863.0,Credit Card,44,Delivered,4.7,Curry Leaf 9,Pune,Bakery,4.1,200
2260,10,2024-06-06 17:08:00,2,305,0.0,0,305.0,UPI,15,Delivered,3.3,Chaat Street 10,Mumbai,Italian,4.3,350
3142,11,2024-06-06 17:46:00,3,400,40.0,30,390.0,Credit Card,58,Cancelled,4.7,Noodle Bar 11,Hyderabad,Chinese,2.8,600
3209,25,2024-06-06 18:45:00,4,425,0.0,49,474.0,Credit Card,59,Delivered,3.8,Royal Feast 25,Jaipur,Biryani,3.8,250
5502,1,2024-06-06 18:53:00,1,379,0.0,20,399.0,Cash on Delivery,42,Delivered,2.6,Wok This Way 1,Pune,Italian,3.6,200
2881,6,2024-06-06 19:26:00,4,732,109.8,49,671.2,Debit Card,37,Cancelled,3.9,Pizza Point 6,Mumbai,Desserts,3.1,800
2746,5,2024-06-06 19:49:00,4,1797,269.55,20,1547.45,UPI,38,Delivered,2.9,Cafe Bliss 5,Hyderabad,Street Food,3.1,500
4524,30,2024-06-06 21:48:00,1,146,0.0,0,146.0,Credit Card,55,Delivered,3.2,Noodle Bar 30,Pune,South Indian,2.9,800
2403,45,2024-06-06 21:50:00,2,304,0.0,20,324.0,UPI,61,Delivered,4.9,Royal Feast 45,Ahmedabad,Fast Food,3.3,250
1933,9,2024-06-06 22:23:00,3,473,47.3,0,425.7,Credit Card,43,Delivered,4.9,Curry Leaf 9,Pune,Bakery,4.1,200
3601,26,2024-06-06 22:55:00,4,2001,0.0,20,2021.0,Wallet,56,Delivered,3.8,Chaat Street 26,Hyderabad,Continental,4.4,250
1685,3,2024-06-06 23:01:00,1,346,51.9,40,334.1,Cash on Delivery,48,Cancelled,4.2,Grill Masters 3,Chennai,Continental,4.3,300
4991,9,2024-06-07 10:31:00,2,226,0.0,0,226.0,Debit Card,57,Delivered,4.0,Curry Leaf 9,Pune,Bakery,4.1,200
5854,32,2024-06-07 12:51:00,1,152,22.8,49,178.2,Cash on Delivery,34,Delivered,4.2,Grill Masters 32,Hyderabad,Fast Food,3.2,800
1527,7,2024-06-07 13:13:00,3,418,0.0,0,418.0,Wallet,41,Delivered,2.7,Wok This Way 7,Bangalore,Street Food,2.9,600
2243,2,2024-06-07 13:31:00,3,1374,274.8,30,1129.2,Cash on Delivery,48,Delivered,4.9,Spice Junction 2,Lucknow,Continental,4.8,200
4965,37,2024-06-07 14:35:00,1,445,0.0,30,475.0,UPI,49,Delivered,3.3,Curry Leaf 37,Chennai,Chinese,3.4,500
1482,25,2024-06-07 18:14:00,4,2036,305.4,20,1750.6,Credit Card,59,Delivered,3.3,Royal Feast 25,Jaipur,Biryani,3.8,250
1443,39,2024-06-07 18:22:00,2,614,122.8,0,491.2,Cash on Delivery,60,Cancelled,4.4,Wok This Way 39,Pune,North Indian,4.2,350
1591,8,2024-06-07 20:52:00,1,462,0.0,30,492.0,UPI,26,Delivered,4.7,Urban Tadka 8,Hyderabad,Desserts,4.6,350
1116,7,2024-06-07 21:20:00,3,938,0.0,30,968.0,Cash on Delivery,44,Cancelled,3.4,Wok This Way 7,Bangalore,Street Food,2.9,600
3790,47,2024-06-07 22:31:00,1,278,27.8,49,299.2,Wallet,16,Delivered,3.0,Wok This Way 47,Ahmedabad,Street Food,3.5,250
3225,47,2024-06-08 09:43:00,2,620,0.0,30,650.0,UPI,15,Cancelled,4.0,Wok This Way 47,Ahmedabad,Street Food,3.5,250
5309,10,2024-06-08 13:36:00,4,407,0.0,20,427.0,Credit Card,30,Delivered,4.9,Chaat Street 10,Mumbai,Italian,4.3,350
5691,4,2024-06-08 18:09:00,1,389,0.0,49,438.0,Wallet,53,Delivered,3.9,Cafe Bliss 4,Lucknow,Fast Food,4.1,600
3081,47,2024-06-08 18:28:00,4,2030,0.0,30,2060.0,Debit Card,55,Delivered,2.9,Wok This Way 47,Ahmedabad,Street Food,3.5,250
5756,21,2024-06-08 18:33:00,3,1501,300.2,30,1230.8,Debit Card,51,Delivered,4.6,Biryani House 21,Pune,South Indian,4.1,600
3241,11,2024-06-08 18:34:00,3,1364,272.8,49,1140.2,Debit Card,42,Delivered,4.2,Noodle Bar 11,Hyderabad,Chinese,2.8,600
5698,17,2024-06-08 18:53:00,1,363,36.3,0,326.7,Debit Card,39,Delivered,4.2,Spicy Junction 17,Delhi,Chinese,3.4,800
1434,9,2024-06-08 19:06:00,4,1030,0.0,30,1060.0,Debit Card,52,Delivered,3.8,Curry Leaf 9,Pune,Bakery,4.1,200
2353,2,2024-06-08 20:08:00,4,1011,202.2,30,838.8,UPI,51,Delivered,3.3,Spice Junction 2,Lucknow,Continental,4.8,200
1187,17,2024-06-08 20:25:00,2,306,45.9,20,280.1,UPI,58,Cancelled,3.3,Spicy Junction 17,Delhi,Chinese,3.4,800
1012,49,2024-06-08 20:42:00,2,1002,100.2,0,901.8,Cash on Delivery,47,Delivered,4.0,Curry Leaf 49,Pune,Chinese,3.9,350
4252,14,2024-06-08 21:32:00,4,603,60.3,20,562.7,Credit Card,17,Delivered,3.7,Curry Leaf 14,Pune,South Indian,3.2,150
3690,2,2024-06-08 22:14:00,1,345,0.0,30,375.0,Debit Card,39,Delivered,4.6,Spice Junction 2,Lucknow,Continental,4.8,200
5213,38,2024-06-08 22:41:00,1,431,0.0,49,480.0,Debit Card,25,Cancelled,2.7,Burger Barn 38,Kolkata,Biryani,3.0,600
2909,37,2024-06-08 23:23:00,2,714,0.0,30,744.0,Debit Card,48,Delivered,4.2,Curry Leaf 37,Chennai,Chinese,3.4,500
2490,49,2024-06-09 08:45:00,1,133,0.0,0,133.0,Credit Card,31,Delivered,3.5,Curry Leaf 49,Pune,Chinese,3.9,350
1046,13,2024-06-09 09:03:00,2,305,0.0,40,345.0,Credit Card,28,Delivered,4.0,Spice Junction 13,Kolkata,Biryani,4.5,800
5156,5,2024-06-09 11:00:00,1,291,0.0,49,340.0,Credit Card,53,Delivered,4.2,Cafe Bliss 5,Hyderabad,Street Food,3.1,500
4663,44,2024-06-09 11:02:00,4,1631,163.1,40,1507.9,Debit Card,53,Cancelled,3.1,Tandoori Nights 44,Hyderabad,South Indian,4.7,150
5556,2,2024-06-09 11:05:00,4,815,0.0,40,855.0,Credit Card,40,Delivered,4.5,Spice Junction 2,Lucknow,Continental,4.8,200
1958,8,2024-06-09 13:25:00,3,940,0.0,0,940.0,Credit Card,33,Delivered,3.8,Urban Tadka 8,Hyderabad,Desserts,4.6,350
1057,44,2024-06-09 15:16:00,1,240,24.0,20,236.0,Cash on Delivery,33,Delivered,3.5,Tandoori Nights 44,Hyderabad,South Indian,4.7,150
4057,16,2024-06-09 19:00:00,4,1424,0.0,20,1444.0,Credit Card,26,Delivered,3.3,Cafe Bliss 16,Chennai,South Indian,3.2,500
5535,33,2024-06-09 19:13:00,3,1377,275.4,30,1131.6,Debit Card,32,Delivered,4.8,Pizza Point 33,Chennai,Bakery,2.9,600
5319,41,2024-06-09 19:29:00,3,1234,0.0,20,1254.0,Cash on Delivery,26,Cancelled,4.1,Dosa Corner 41,Hyderabad,Continental,3.1,600
4673,13,2024-06-09 19:38:00,1,225,45.0,49,229.0,Wallet,38,Cancelled,4.6,Spice Junction 13,Kolkata,Biryani,4.5,800
4597,8,2024-06-09 20:36:00,4,2021,0.0,40,2061.0,UPI,20,Delivered,4.9,Urban Tadka 8,Hyderabad,Desserts,4.6,350
3112,28,2024-06-09 20:39:00,3,449,0.0,40,489.0,Wallet,36,Delivered,3.8,Spice Junction 28,Ahmedabad,Continental,3.9,350
4956,47,2024-06-09 20:52:00,2,636,95.4,0,540.6,UPI,34,Delivered,3.5,Wok This Way 47,Ahmedabad,Street Food,3.5,250
1108,20,2024-06-09 21:38:00,2,927,139.05,20,807.95,Wallet,40,Delivered,3.6,Urban Tadka 20,Hyderabad,Street Food,3.4,600
3893,18,2024-06-09 21:57:00,3,299,0.0,0,299.0,UPI,26,Delivered,3.3,Sizzle & Steam 18,Chennai,Chinese,3.9,600
5120,28,2024-06-09 22:51:00,1,249,0.0,49,298.0,Credit Card,51,Cancelled,4.1,Spice Junction 28,Ahmedabad,Continental,3.9,350
1911,38,2024-06-10 08:13:00,1,125,0.0,40,165.0,Debit Card,23,Delivered,4.0,Burger Barn 38,Kolkata,Biryani,3.0,600
2616,33,2024-06-10 08:24:00,2,798,119.7,0,678.3,Credit Card,23,Cancelled,2.7,Pizza Point 33,Chennai,Bakery,2.9,600
2999,16,2024-06-10 08:49:00,1,294,44.1,49,298.9,UPI,44,Delivered,4.5,Cafe Bliss 16,Chennai,South Indian,3.2,500
3361,21,2024-06-10 09:06:00,3,451,0.0,20,471.0,Debit Card,62,Delivered,4.9,Biryani House 21,Pune,South Indian,4.1,600
1060,32,2024-06-10 10:00:00,2,344,0.0,20,364.0,Debit Card,42,Delivered,4.0,Grill Masters 32,Hyderabad,Fast Food,3.2,800
5252,28,2024-06-10 10:10:00,2,604,0.0,20,624.0,UPI,23,Delivered,3.6,Spice Junction 28,Ahmedabad,Continental,3.9,350
3994,7,2024-06-10 10:17:00,4,1626,0.0,0,1626.0,Cash on Delivery,63,Delivered,3.8,Wok This Way 7,Bangalore,Street Food,2.9,600
4970,39,2024-06-10 10:19:00,4,1008,201.6,40,846.4,Credit Card,42,Delivered,3.0,Wok This Way 39,Pune,North Indian,4.2,350
5546,28,2024-06-10 11:44:00,1,313,0.0,0,313.0,Debit Card,38,Delivered,5.0,Spice Junction 28,Ahmedabad,Continental,3.9,350
3724,40,2024-06-10 20:28:00,2,445,89.0,49,405.0,Credit Card,32,Delivered,3.4,Dosa Corner 40,Mumbai,Fast Food,3.7,250
2181,3,2024-06-10 20:44:00,4,740,74.0,49,715.0,Credit Card,37,Delivered,5.0,Grill Masters 3,Chennai,Continental,4.3,300
2652,27,2024-06-10 21:10:00,3,637,127.4,40,549.6,Debit Card,17,Delivered,2.7,Grill Masters 27,Delhi,Fast Food,3.2,150
5813,21,2024-06-10 21:14:00,1,417,0.0,0,417.0,Credit Card,36,Delivered,3.7,Biryani House 21,Pune,South Indian,4.1,600
2789,9,2024-06-10 21:22:00,4,802,160.4,0,641.6,Credit Card,48,Cancelled,3.2,Curry Leaf 9,Pune,Bakery,4.1,200
3064,20,2024-06-10 23:55:00,4,1843,0.0,40,1883.0,UPI,53,Delivered,3.1,Urban Tadka 20,Hyderabad,Street Food,3.4,600
2806,31,2024-06-10 23:57:00,3,337,67.4,0,269.6,Debit Card,21,Delivered,3.9,Momo Magic 31,Jaipur,Continental,4.1,500
4467,39,2024-06-11 09:33:00,1,218,0.0,40,258.0,Credit Card,34,Delivered,4.8,Wok This Way 39,Pune,North Indian,4.2,350
5517,20,2024-06-11 09:35:00,3,304,30.4,30,303.6,Debit Card,27,Delivered,4.5,Urban Tadka 20,Hyderabad,Street Food,3.4,600
3596,17,2024-06-11 09:58:00,1,179,26.85,0,152.15,Credit Card,44,Delivered,4.7,Spicy Junction 17,Delhi,Chinese,3.4,800
1644,33,2024-06-11 10:28:00,4,443,0.0,49,492.0,Cash on Delivery,23,Delivered,3.1,Pizza Point 33,Chennai,Bakery,2.9,600
5047,29,2024-06-11 11:50:00,3,642,0.0,40,682.0,Wallet,15,Delivered,4.4,Sweet Tooth 29,Kolkata,North Indian,4.0,500
2115,7,2024-06-11 12:24:00,3,917,0.0,40,957.0,Credit Card,32,Cancelled,3.9,Wok This Way 7,Bangalore,Street Food,2.9,600
3571,37,2024-06-11 12:28:00,3,1382,0.0,49,1431.0,Credit Card,23,Delivered,4.4,Curry Leaf 37,Chennai,Chinese,3.4,500
3089,18,2024-06-11 12:46:00,3,641,64.1,20,596.9,Cash on Delivery,19,Delivered,4.9,Sizzle & Steam 18,Chennai,Chinese,3.9,600
5092,8,2024-06-11 13:27:00,2,599,0.0,20,619.0,Wallet,57,Delivered,5.0,Urban Tadka 8,Hyderabad,Desserts,4.6,350
2257,44,2024-06-11 13:45:00,2,810,0.0,0,810.0,Cash on Delivery,45,Delivered,3.4,Tandoori Nights 44,Hyderabad,South Indian,4.7,150
2853,34,2024-06-11 17:45:00,1,471,94.2,0,376.8,Cash on Delivery,28,Delivered,4.8,Biryani House 34,Bangalore,South Indian,4.8,200
3574,2,2024-06-11 19:09:00,2,409,81.8,0,327.2,Cash on Delivery,47,Delivered,4.2,Spice Junction 2,Lucknow,Continental,4.8,200
5180,3,2024-06-11 19:25:00,2,415,41.5,40,413.5,Wallet,44,Delivered,4.6,Grill Masters 3,Chennai,Continental,4.3,300
3297,49,2024-06-11 20:25:00,3,436,43.6,49,441.4,UPI,59,Delivered,2.6,Curry Leaf 49,Pune,Chinese,3.9,350
5726,30,2024-06-11 21:11:00,1,222,44.4,49,226.6,UPI,24,Delivered,3.7,Noodle Bar 30,Pune,South Indian,2.9,800
3830,34,2024-06-11 21:50:00,2,617,92.55,40,564.45,Credit Card,52,Cancelled,3.9,Biryani House 34,Bangalore,South Indian,4.8,200
5157,20,2024-06-12 08:45:00,1,335,0.0,49,384.0,Debit Card,64,Delivered,4.8,Urban Tadka 20,Hyderabad,Street Food,3.4,600
4795,15,2024-06-12 09:11:00,3,472,47.2,49,473.8,UPI,37,Cancelled,3.0,Biryani House 15,Ahmedabad,North Indian,3.2,800
3579,21,2024-06-12 12:00:00,4,604,90.6,30,543.4,UPI,55,Delivered,4.7,Biryani House 21,Pune,South Indian,4.1,600
2389,21,2024-06-12 12:46:00,2,1025,205.0,0,820.0,UPI,64,Delivered,4.3,Biryani House 21,Pune,South Indian,4.1,600
2269,9,2024-06-12 13:40:00,4,2001,200.1,0,1800.9,UPI,56,Delivered,4.0,Curry Leaf 9,Pune,Bakery,4.1,200
5166,32,2024-06-12 14:12:00,4,1228,184.2,0,1043.8,UPI,15,Cancelled,3.4,Grill Masters 32,Hyderabad,Fast Food,3.2,800
2228,23,2024-06-12 15:01:00,4,1030,0.0,20,1050.0,Cash on Delivery,23,Cancelled,3.2,Noodle Bar 23,Lucknow,Desserts,3.4,150
2282,45,2024-06-12 16:06:00,1,213,42.6,49,219.4,UPI,23,Delivered,4.9,Royal Feast 45,Ahmedabad,Fast Food,3.3,250
3238,26,2024-06-12 16:09:00,1,112,0.0,49,161.0,UPI,26,Delivered,3.9,Chaat Street 26,Hyderabad,Continental,4.4,250
2153,23,2024-06-12 16:52:00,3,1088,217.6,40,910.4,Wallet,32,Cancelled,2.6,Noodle Bar 23,Lucknow,Desserts,3.4,150
4609,30,2024-06-12 17:32:00,3,1240,0.0,20,1260.0,Cash on Delivery,27,Delivered,2.7,Noodle Bar 30,Pune,South Indian,2.9,800
1959,11,2024-06-12 17:47:00,4,404,0.0,30,434.0,Credit Card,37,Delivered,2.9,Noodle Bar 11,Hyderabad,Chinese,2.8,600
1673,4,2024-06-12 19:25:00,3,612,122.4,20,509.6,UPI,27,Delivered,3.0,Cafe Bliss 4,Lucknow,Fast Food,4.1,600
3846,37,2024-06-12 22:30:00,4,1002,100.2,40,941.8,UPI,22,Cancelled,4.9,Curry Leaf 37,Chennai,Chinese,3.4,500
2902,32,2024-06-13 08:09:00,3,1221,0.0,30,1251.0,Credit Card,23,Delivered,2.9,Grill Masters 32,Hyderabad,Fast Food,3.2,800
2424,29,2024-06-13 14:01:00,4,1816,363.2,0,1452.8,Cash on Delivery,64,Delivered,2.9,Sweet Tooth 29,Kolkata,North Indian,4.0,500
1957,29,2024-06-13 14:30:00,1,130,0.0,20,150.0,Debit Card,23,Delivered,4.3,Sweet Tooth 29,Kolkata,North Indian,4.0,500
1306,30,2024-06-13 14:44:00,2,283,56.6,20,246.4,UPI,45,Cancelled,4.2,Noodle Bar 30,Pune,South Indian,2.9,800
2152,30,2024-06-13 15:26:00,4,1818,363.6,49,1503.4,UPI,29,Cancelled,3.9,Noodle Bar 30,Pune,South Indian,2.9,800
4307,30,2024-06-13 19:33:00,4,1406,0.0,20,1426.0,Cash on Delivery,41,Delivered,4.3,Noodle Bar 30,Pune,South Indian,2.9,800
3038,1,2024-06-13 19:38:00,1,409,0.0,20,429.0,Debit Card,53,Delivered,4.6,Wok This Way 1,Pune,Italian,3.6,200
5579,29,2024-06-13 22:11:00,2,1047,0.0,20,1067.0,Wallet,60,Delivered,2.9,Sweet Tooth 29,Kolkata,North Indian,4.0,500
5202,4,2024-06-13 23:14:00,3,1505,150.5,20,1374.5,Wallet,63,Delivered,5.0,Cafe Bliss 4,Lucknow,Fast Food,4.1,600
2581,24,2024-06-14 09:49:00,4,1408,281.6,40,1166.4,UPI,29,Delivered,4.6,Cafe Bliss 24,Delhi,Street Food,3.6,600
2685,12,2024-06-14 11:45:00,2,317,0.0,20,337.0,Wallet,35,Delivered,2.5,Tandoori Nights 12,Mumbai,Continental,4.8,800
1280,15,2024-06-14 11:49:00,2,400,40.0,30,390.0,Cash on Delivery,56,Delivered,4.1,Biryani House 15,Ahmedabad,North Indian,3.2,800
3916,5,2024-06-14 12:01:00,3,576,0.0,0,576.0,Credit Card,38,Cancelled,4.7,Cafe Bliss 5,Hyderabad,Street Food,3.1,500
2255,35,2024-06-14 12:10:00,1,118,0.0,0,118.0,Cash on Delivery,26,Cancelled,4.1,Momo Magic 35,Hyderabad,Fast Food,4.8,150
4910,41,2024-06-14 12:11:00,1,479,0.0,49,528.0,Debit Card,34,Delivered,2.6,Dosa Corner 41,Hyderabad,Continental,3.1,600
2921,49,2024-06-14 13:40:00,2,407,0.0,49,456.0,Debit Card,16,Delivered,2.7,Curry Leaf 49,Pune,Chinese,3.9,350
3131,4,2024-06-14 13:45:00,4,720,144.0,40,616.0,Wallet,44,Delivered,3.3,Cafe Bliss 4,Lucknow,Fast Food,4.1,600
2991,45,2024-06-14 15:36:00,2,398,0.0,30,428.0,Wallet,35,Cancelled,3.6,Royal Feast 45,Ahmedabad,Fast Food,3.3,250
4144,32,2024-06-14 16:24:00,2,391,0.0,0,391.0,Debit Card,63,Delivered,3.1,Grill Masters 32,Hyderabad,Fast Food,3.2,800
3639,23,2024-06-14 18:52:00,3,761,114.15,30,676.85,Wallet,53,Delivered,5.0,Noodle Bar 23,Lucknow,Desserts,3.4,150
5718,40,2024-06-14 19:36:00,4,749,74.9,40,714.1,Cash on Delivery,58,Cancelled,4.8,Dosa Corner 40,Mumbai,Fast Food,3.7,250
5831,9,2024-06-14 19:36:00,4,1803,270.45,30,1562.55,Debit Card,26,Cancelled,3.8,Curry Leaf 9,Pune,Bakery,4.1,200
5584,5,2024-06-14 20:20:00,4,837,0.0,0,837.0,Wallet,59,Delivered,2.7,Cafe Bliss 5,Hyderabad,Street Food,3.1,500
3874,19,2024-06-14 20:43:00,2,224,33.6,40,230.4,Wallet,38,Delivered,2.6,Spice Junction 19,Chennai,Desserts,3.7,150
5188,44,2024-06-14 21:14:00,4,403,0.0,40,443.0,Cash on Delivery,54,Delivered,3.4,Tandoori Nights 44,Hyderabad,South Indian,4.7,150
5677,6,2024-06-14 21:32:00,1,134,26.8,40,147.2,Cash on Delivery,29,Delivered,3.8,Pizza Point 6,Mumbai,Desserts,3.1,800
5152,50,2024-06-14 21:50:00,4,834,0.0,20,854.0,Debit Card,49,Delivered,3.0,Urban Tadka 50,Delhi,Bakery,3.2,500
4208,33,2024-06-14 21:54:00,1,492,73.8,49,467.2,Debit Card,56,Delivered,3.1,Pizza Point 33,Chennai,Bakery,2.9,600
1002,39,2024-06-14 23:01:00,2,304,30.4,20,293.6,Wallet,33,Delivered,2.5,Wok This Way 39,Pune,North Indian,4.2,350
3748,21,2024-06-15 09:29:00,4,516,51.6,40,504.4,Cash on Delivery,15,Delivered,4.0,Biryani House 21,Pune,South Indian,4.1,600
4655,3,2024-06-15 10:45:00,4,1643,246.45,40,1436.55,Debit Card,37,Cancelled,3.6,Grill Masters 3,Chennai,Continental,4.3,300
4115,21,2024-06-15 10:51:00,2,280,0.0,40,320.0,Debit Card,62,Delivered,3.8,Biryani House 21,Pune,South Indian,4.1,600
1450,49,2024-06-15 10:56:00,4,1810,0.0,49,1859.0,UPI,59,Delivered,3.7,Curry Leaf 49,Pune,Chinese,3.9,350
1206,47,2024-06-15 13:31:00,2,498,0.0,20,518.0,UPI,16,Delivered,4.4,Wok This Way 47,Ahmedabad,Street Food,3.5,250
1476,19,2024-06-15 13:51:00,2,306,0.0,30,336.0,Credit Card,32,Delivered,2.9,Spice Junction 19,Chennai,Desserts,3.7,150
2006,33,2024-06-15 14:29:00,2,319,0.0,49,368.0,Credit Card,15,Delivered,3.3,Pizza Point 33,Chennai,Bakery,2.9,600
5988,29,2024-06-15 15:10:00,2,1032,0.0,0,1032.0,Debit Card,58,Delivered,2.6,Sweet Tooth 29,Kolkata,North Indian,4.0,500
5634,33,2024-06-15 15:42:00,2,1047,157.05,0,889.95,UPI,26,Delivered,2.8,Pizza Point 33,Chennai,Bakery,2.9,600
2328,40,2024-06-15 16:33:00,3,1526,228.9,49,1346.1,Wallet,61,Cancelled,4.7,Dosa Corner 40,Mumbai,Fast Food,3.7,250
2989,12,2024-06-15 19:26:00,4,1424,0.0,49,1473.0,Cash on Delivery,24,Delivered,3.3,Tandoori Nights 12,Mumbai,Continental,4.8,800
5525,8,2024-06-15 19:53:00,3,1386,0.0,40,1426.0,Wallet,26,Delivered,3.7,Urban Tadka 8,Hyderabad,Desserts,4.6,350
4401,6,2024-06-15 21:28:00,3,900,0.0,40,940.0,UPI,55,Cancelled,3.8,Pizza Point 6,Mumbai,Desserts,3.1,800
3258,44,2024-06-15 22:31:00,1,496,0.0,0,496.0,Wallet,15,Delivered,2.9,Tandoori Nights 44,Hyderabad,South Indian,4.7,150
3109,5,2024-06-15 22:56:00,1,262,39.3,49,271.7,Credit Card,49,Delivered,4.2,Cafe Bliss 5,Hyderabad,Street Food,3.1,500
3008,20,2024-06-15 23:11:00,4,1812,0.0,40,1852.0,Debit Card,37,Delivered,2.7,Urban Tadka 20,Hyderabad,Street Food,3.4,600
2872,50,2024-06-15 23:29:00,3,1053,0.0,0,1053.0,Cash on Delivery,53,Delivered,5.0,Urban Tadka 50,Delhi,Bakery,3.2,500
1922,5,2024-06-16 08:40:00,3,643,96.45,30,576.55,UPI,27,Delivered,4.7,Cafe Bliss 5,Hyderabad,Street Food,3.1,500
2062,26,2024-06-16 08:55:00,2,615,92.25,40,562.75,Wallet,17,Delivered,2.8,Chaat Street 26,Hyderabad,Continental,4.4,250
1465,49,2024-06-16 11:00:00,3,1515,151.5,0,1363.5,Credit Card,34,Cancelled,4.9,Curry Leaf 49,Pune,Chinese,3.9,350
2194,29,2024-06-16 12:05:00,4,626,0.0,0,626.0,UPI,32,Cancelled,4.9,Sweet Tooth 29,Kolkata,North Indian,4.0,500
3221,48,2024-06-16 12:49:00,4,619,0.0,40,659.0,Cash on Delivery,17,Cancelled,3.7,Burger Barn 48,Delhi,Italian,3.9,150
4079,21,2024-06-16 14:52:00,2,221,0.0,49,270.0,Credit Card,33,Cancelled,4.4,Biryani House 21,Pune,South Indian,4.1,600
5871,30,2024-06-16 17:52:00,3,424,0.0,20,444.0,Credit Card,58,Delivered,2.9,Noodle Bar 30,Pune,South Indian,2.9,800
2182,32,2024-06-16 18:28:00,2,284,0.0,40,324.0,Debit Card,30,Cancelled,3.4,Grill Masters 32,Hyderabad,Fast Food,3.2,800
4436,24,2024-06-16 18:35:00,3,1371,205.65,0,1165.35,Wallet,40,Delivered,2.9,Cafe Bliss 24,Delhi,Street Food,3.6,600
5529,50,2024-06-16 19:21:00,3,421,0.0,0,421.0,Cash on Delivery,26,Delivered,3.8,Urban Tadka 50,Delhi,Bakery,3.2,500
4583,29,2024-06-16 20:49:00,4,638,0.0,49,687.0,Credit Card,57,Delivered,3.1,Sweet Tooth 29,Kolkata,North Indian,4.0,500
3505,4,2024-06-16 21:37:00,1,425,0.0,0,425.0,Cash on Delivery,45,Delivered,2.8,Cafe Bliss 4,Lucknow,Fast Food,4.1,600
1795,22,2024-06-16 22:07:00,4,641,0.0,20,661.0,Credit Card,26,Delivered,2.9,Urban Tadka 22,Mumbai,Desserts,3.1,250
3913,9,2024-06-17 08:18:00,2,724,0.0,49,773.0,Debit Card,37,Delivered,4.0,Curry Leaf 9,Pune,Bakery,4.1,200
4177,34,2024-06-17 08:58:00,1,337,67.4,49,318.6,Credit Card,19,Delivered,3.9,Biryani House 34,Bangalore,South Indian,4.8,200
5018,36,2024-06-17 10:20:00,3,566,84.9,40,521.1,UPI,32,Delivered,3.7,Wok This Way 36,Bangalore,Desserts,4.5,500
4694,19,2024-06-17 10:23:00,4,396,0.0,49,445.0,Debit Card,61,Cancelled,4.9,Spice Junction 19,Chennai,Desserts,3.7,150
1515,2,2024-06-17 11:35:00,3,546,0.0,40,586.0,UPI,46,Delivered,3.8,Spice Junction 2,Lucknow,Continental,4.8,200
4466,26,2024-06-17 12:17:00,4,1014,152.1,0,861.9,UPI,31,Delivered,4.7,Chaat Street 26,Hyderabad,Continental,4.4,250
1523,45,2024-06-17 12:42:00,1,184,18.4,40,205.6,Cash on Delivery,20,Cancelled,3.5,Royal Feast 45,Ahmedabad,Fast Food,3.3,250
5158,41,2024-06-17 14:29:00,2,216,32.4,20,203.6,Debit Card,38,Delivered,4.4,Dosa Corner 41,Hyderabad,Continental,3.1,600
1101,16,2024-06-17 16:55:00,3,315,31.5,40,323.5,Cash on Delivery,15,Delivered,3.9,Cafe Bliss 16,Chennai,South Indian,3.2,500
4219,17,2024-06-17 17:04:00,4,645,0.0,30,675.0,Credit Card,27,Delivered,4.2,Spicy Junction 17,Delhi,Chinese,3.4,800
5194,50,2024-06-17 20:17:00,2,737,0.0,49,786.0,UPI,18,Delivered,2.5,Urban Tadka 50,Delhi,Bakery,3.2,500
1955,40,2024-06-17 22:21:00,1,338,0.0,20,358.0,Debit Card,64,Cancelled,2.9,Dosa Corner 40,Mumbai,Fast Food,3.7,250
4384,22,2024-06-17 23:29:00,1,472,0.0,0,472.0,Cash on Delivery,38,Delivered,3.4,Urban Tadka 22,Mumbai,Desserts,3.1,250
5334,40,2024-06-18 09:07:00,3,602,0.0,40,642.0,Wallet,39,Delivered,4.8,Dosa Corner 40,Mumbai,Fast Food,3.7,250
4761,32,2024-06-18 09:10:00,4,829,82.9,49,795.1,UPI,23,Delivered,4.5,Grill Masters 32,Hyderabad,Fast Food,3.2,800
1021,43,2024-06-18 10:32:00,2,340,68.0,20,292.0,UPI,25,Delivered,2.8,Grill Masters 43,Chennai,Continental,2.9,250
1851,41,2024-06-18 10:59:00,4,1403,0.0,0,1403.0,UPI,64,Delivered,4.4,Dosa Corner 41,Hyderabad,Continental,3.1,600
4558,3,2024-06-18 11:00:00,4,1002,200.4,40,841.6,Credit Card,17,Delivered,3.7,Grill Masters 3,Chennai,Continental,4.3,300
2209,35,2024-06-18 11:02:00,1,232,46.4,0,185.6,Credit Card,18,Delivered,3.6,Momo Magic 35,Hyderabad,Fast Food,4.8,150
2700,12,2024-06-18 11:30:00,3,418,41.8,20,396.2,Cash on Delivery,34,Delivered,4.1,Tandoori Nights 12,Mumbai,Continental,4.8,800
5724,16,2024-06-18 12:10:00,1,462,0.0,30,492.0,Credit Card,23,Delivered,4.5,Cafe Bliss 16,Chennai,South Indian,3.2,500
3050,24,2024-06-18 14:47:00,2,202,30.3,49,220.7,UPI,24,Cancelled,2.5,Cafe Bliss 24,Delhi,Street Food,3.6,600
2247,20,2024-06-18 14:51:00,2,739,0.0,0,739.0,Debit Card,26,Delivered,3.8,Urban Tadka 20,Hyderabad,Street Food,3.4,600
2500,48,2024-06-18 16:03:00,3,918,0.0,49,967.0,Credit Card,38,Delivered,2.9,Burger Barn 48,Delhi,Italian,3.9,150
4470,8,2024-06-18 18:15:00,2,284,0.0,40,324.0,Cash on Delivery,59,Delivered,4.6,Urban Tadka 8,Hyderabad,Desserts,4.6,350
1114,20,2024-06-18 18:42:00,2,917,0.0,20,937.0,Credit Card,50,Delivered,3.0,Urban Tadka 20,Hyderabad,Street Food,3.4,600
2404,26,2024-06-18 19:16:00,2,432,0.0,30,462.0,Wallet,19,Delivered,3.4,Chaat Street 26,Hyderabad,Continental,4.4,250
4272,8,2024-06-18 20:13:00,4,426,42.6,20,403.4,UPI,40,Delivered,3.5,Urban Tadka 8,Hyderabad,Desserts,4.6,350
4358,47,2024-06-18 20:24:00,3,919,91.9,0,827.1,Credit Card,17,Delivered,3.7,Wok This Way 47,Ahmedabad,Street Food,3.5,250
5282,49,2024-06-18 20:37:00,4,826,0.0,30,856.0,Cash on Delivery,16,Delivered,4.0,Curry Leaf 49,Pune,Chinese,3.9,350
1979,39,2024-06-18 21:06:00,2,298,44.7,40,293.3,Cash on Delivery,18,Delivered,4.0,Wok This Way 39,Pune,North Indian,4.2,350
3328,11,2024-06-18 21:22:00,4,827,0.0,0,827.0,Credit Card,35,Cancelled,4.9,Noodle Bar 11,Hyderabad,Chinese,2.8,600
2579,11,2024-06-18 22:45:00,4,407,0.0,49,456.0,UPI,62,Cancelled,4.2,Noodle Bar 11,Hyderabad,Chinese,2.8,600
2656,40,2024-06-18 23:29:00,2,309,46.35,0,262.65,Wallet,34,Delivered,3.5,Dosa Corner 40,Mumbai,Fast Food,3.7,250
3987,18,2024-06-19 08:06:00,1,367,73.4,40,333.6,Wallet,33,Delivered,3.3,Sizzle & Steam 18,Chennai,Chinese,3.9,600
5853,13,2024-06-19 09:05:00,1,501,100.2,30,430.8,UPI,34,Delivered,3.6,Spice Junction 13,Kolkata,Biryani,4.5,800
3389,47,2024-06-19 09:16:00,1,401,0.0,40,441.0,Credit Card,32,Delivered,3.5,Wok This Way 47,Ahmedabad,Street Food,3.5,250
5231,30,2024-06-19 09:28:00,2,938,187.6,40,790.4,Credit Card,37,Cancelled,4.9,Noodle Bar 30,Pune,South Indian,2.9,800
4498,12,2024-06-19 12:45:00,3,1509,0.0,49,1558.0,Debit Card,30,Delivered,2.6,Tandoori Nights 12,Mumbai,Continental,4.8,800
4614,4,2024-06-19 12:52:00,4,439,65.85,49,422.15,Wallet,31,Delivered,4.6,Cafe Bliss 4,Lucknow,Fast Food,4.1,600
1483,21,2024-06-19 13:04:00,2,633,0.0,40,673.0,Credit Card,22,Delivered,2.5,Biryani House 21,Pune,South Indian,4.1,600
2415,7,2024-06-19 13:20:00,3,1394,139.4,30,1284.6,Cash on Delivery,63,Delivered,4.3,Wok This Way 7,Bangalore,Street Food,2.9,600
1393,33,2024-06-19 15:08:00,2,405,40.5,0,364.5,UPI,39,Delivered,4.0,Pizza Point 33,Chennai,Bakery,2.9,600
3878,22,2024-06-19 15:30:00,3,931,139.65,49,840.35,Credit Card,26,Delivered,4.1,Urban Tadka 22,Mumbai,Desserts,3.1,250
4695,27,2024-06-19 16:09:00,2,443,0.0,40,483.0,Debit Card,51,Delivered,2.9,Grill Masters 27,Delhi,Fast Food,3.2,150
3191,44,2024-06-19 18:25:00,1,493,0.0,30,523.0,Debit Card,42,Delivered,2.6,Tandoori Nights 44,Hyderabad,South Indian,4.7,150
1274,8,2024-06-19 18:42:00,4,810,121.5,0,688.5,Wallet,37,Delivered,4.4,Urban Tadka 8,Hyderabad,Desserts,4.6,350
1094,24,2024-06-19 21:51:00,2,262,0.0,49,311.0,Credit Card,42,Delivered,4.5,Cafe Bliss 24,Delhi,Street Food,3.6,600
5271,45,2024-06-19 23:07:00,4,624,0.0,40,664.0,Credit Card,25,Delivered,4.3,Royal Feast 45,Ahmedabad,Fast Food,3.3,250
5256,21,2024-06-20 08:11:00,4,564,84.6,0,479.4,Debit Card,49,Delivered,3.5,Biryani House 21,Pune,South Indian,4.1,600
4961,20,2024-06-20 08:15:00,1,424,84.8,49,388.2,UPI,52,Delivered,2.7,Urban Tadka 20,Hyderabad,Street Food,3.4,600
4454,1,2024-06-20 08:38:00,4,1432,0.0,30,1462.0,Cash on Delivery,61,Cancelled,4.0,Wok This Way 1,Pune,Italian,3.6,200
5425,32,2024-06-20 09:08:00,3,930,93.0,20,857.0,Cash on Delivery,29,Delivered,3.0,Grill Masters 32,Hyderabad,Fast Food,3.2,800
3529,19,2024-06-20 09:32:00,3,761,0.0,20,781.0,Debit Card,16,Delivered,3.0,Spice Junction 19,Chennai,Desserts,3.7,150
2401,26,2024-06-20 10:14:00,1,181,27.15,49,202.85,Credit Card,49,Delivered,2.9,Chaat Street 26,Hyderabad,Continental,4.4,250
4215,11,2024-06-20 10:56:00,2,729,0.0,40,769.0,UPI,39,Delivered,4.9,Noodle Bar 11,Hyderabad,Chinese,2.8,600
5062,27,2024-06-20 11:59:00,2,746,0.0,49,795.0,Wallet,46,Delivered,3.8,Grill Masters 27,Delhi,Fast Food,3.2,150
3493,16,2024-06-20 12:02:00,2,723,72.3,40,690.7,Debit Card,23,Delivered,3.6,Cafe Bliss 16,Chennai,South Indian,3.2,500
3536,31,2024-06-20 15:34:00,1,182,0.0,40,222.0,Cash on Delivery,36,Delivered,4.2,Momo Magic 31,Jaipur,Continental,4.1,500
2839,13,2024-06-20 16:23:00,3,472,94.4,20,397.6,Wallet,50,Delivered,4.9,Spice Junction 13,Kolkata,Biryani,4.5,800
1763,22,2024-06-20 17:29:00,3,1242,124.2,40,1157.8,UPI,52,Delivered,3.9,Urban Tadka 22,Mumbai,Desserts,3.1,250
3427,36,2024-06-21 09:25:00,4,741,148.2,20,612.8,Debit Card,30,Delivered,3.8,Wok This Way 36,Bangalore,Desserts,4.5,500
3024,28,2024-06-21 10:30:00,4,410,0.0,30,440.0,Wallet,20,Cancelled,4.5,Spice Junction 28,Ahmedabad,Continental,3.9,350
5836,22,2024-06-21 11:11:00,2,538,0.0,30,568.0,Cash on Delivery,51,Delivered,4.6,Urban Tadka 22,Mumbai,Desserts,3.1,250
5570,29,2024-06-21 11:46:00,1,538,107.6,0,430.4,Wallet,52,Delivered,4.5,Sweet Tooth 29,Kolkata,North Indian,4.0,500
1532,6,2024-06-21 12:38:00,1,255,0.0,30,285.0,UPI,24,Delivered,2.6,Pizza Point 6,Mumbai,Desserts,3.1,800
3369,22,2024-06-21 13:20:00,3,628,0.0,40,668.0,Cash on Delivery,61,Delivered,4.9,Urban Tadka 22,Mumbai,Desserts,3.1,250
2986,5,2024-06-21 13:34:00,2,1039,0.0,49,1088.0,Credit Card,21,Delivered,3.0,Cafe Bliss 5,Hyderabad,Street Food,3.1,500
3766,18,2024-06-21 16:04:00,3,1524,0.0,40,1564.0,Debit Card,42,Delivered,3.9,Sizzle & Steam 18,Chennai,Chinese,3.9,600
1769,12,2024-06-21 17:36:00,3,1198,0.0,30,1228.0,Cash on Delivery,64,Delivered,4.3,Tandoori Nights 12,Mumbai,Continental,4.8,800
1172,2,2024-06-21 20:17:00,1,238,35.7,0,202.3,Credit Card,24,Delivered,2.7,Spice Junction 2,Lucknow,Continental,4.8,200
1164,48,2024-06-21 20:46:00,3,1223,122.3,20,1120.7,UPI,31,Delivered,2.5,Burger Barn 48,Delhi,Italian,3.9,150
4553,30,2024-06-21 21:21:00,3,1091,163.65,20,947.35,Debit Card,40,Cancelled,4.1,Noodle Bar 30,Pune,South Indian,2.9,800
4790,1,2024-06-21 21:30:00,1,402,40.2,30,391.8,Debit Card,37,Delivered,2.8,Wok This Way 1,Pune,Italian,3.6,200
1711,15,2024-06-21 23:45:00,3,1222,0.0,20,1242.0,UPI,58,Delivered,4.9,Biryani House 15,Ahmedabad,North Indian,3.2,800
1016,37,2024-06-22 08:37:00,4,1200,0.0,40,1240.0,Debit Card,36,Delivered,4.8,Curry Leaf 37,Chennai,Chinese,3.4,500
2752,35,2024-06-22 09:10:00,4,604,0.0,49,653.0,UPI,35,Delivered,3.9,Momo Magic 35,Hyderabad,Fast Food,4.8,150
4877,24,2024-06-22 10:12:00,4,811,0.0,0,811.0,Debit Card,41,Cancelled,4.3,Cafe Bliss 24,Delhi,Street Food,3.6,600
2492,45,2024-06-22 11:27:00,3,782,156.4,30,655.6,UPI,46,Delivered,3.8,Royal Feast 45,Ahmedabad,Fast Food,3.3,250
1363,33,2024-06-22 11:29:00,2,369,55.35,49,362.65,UPI,24,Cancelled,4.4,Pizza Point 33,Chennai,Bakery,2.9,600
2528,10,2024-06-22 11:48:00,4,1034,155.1,30,908.9,Wallet,52,Delivered,4.3,Chaat Street 10,Mumbai,Italian,4.3,350
1584,16,2024-06-22 13:53:00,3,1358,0.0,40,1398.0,Credit Card,25,Delivered,4.0,Cafe Bliss 16,Chennai,South Indian,3.2,500
4074,4,2024-06-22 15:51:00,4,1000,150.0,40,890.0,Credit Card,31,Delivered,3.5,Cafe Bliss 4,Lucknow,Fast Food,4.1,600
4736,47,2024-06-22 15:53:00,4,827,0.0,49,876.0,Credit Card,43,Delivered,3.0,Wok This Way 47,Ahmedabad,Street Food,3.5,250
4050,5,2024-06-22 18:25:00,1,154,30.8,40,163.2,UPI,27,Delivered,2.8,Cafe Bliss 5,Hyderabad,Street Food,3.1,500
1702,11,2024-06-22 19:48:00,2,233,0.0,30,263.0,Wallet,60,Cancelled,4.3,Noodle Bar 11,Hyderabad,Chinese,2.8,600
3885,36,2024-06-22 22:08:00,3,1545,231.75,30,1343.25,Debit Card,63,Cancelled,4.8,Wok This Way 36,Bangalore,Desserts,4.5,500
1422,7,2024-06-22 22:25:00,4,2020,404.0,0,1616.0,Wallet,29,Cancelled,4.8,Wok This Way 7,Bangalore,Street Food,2.9,600
2784,7,2024-06-22 22:43:00,3,604,60.4,49,592.6,UPI,25,Delivered,3.8,Wok This Way 7,Bangalore,Street Food,2.9,600
3194,43,2024-06-22 23:58:00,4,1630,0.0,40,1670.0,Credit Card,39,Delivered,4.6,Grill Masters 43,Chennai,Continental,2.9,250
5877,10,2024-06-23 08:39:00,4,1635,327.0,40,1348.0,Cash on Delivery,52,Cancelled,4.3,Chaat Street 10,Mumbai,Italian,4.3,350
4066,10,2024-06-23 13:01:00,3,1347,0.0,30,1377.0,Credit Card,15,Cancelled,3.2,Chaat Street 10,Mumbai,Italian,4.3,350
5951,44,2024-06-23 18:22:00,1,218,0.0,49,267.0,Wallet,54,Cancelled,4.5,Tandoori Nights 44,Hyderabad,South Indian,4.7,150
2519,34,2024-06-23 19:53:00,1,494,98.8,20,415.2,Credit Card,31,Delivered,3.3,Biryani House 34,Bangalore,South Indian,4.8,200
3077,38,2024-06-23 20:42:00,1,253,0.0,0,253.0,Debit Card,34,Delivered,4.8,Burger Barn 38,Kolkata,Biryani,3.0,600
5800,47,2024-06-23 22:36:00,1,506,75.9,0,430.1,Debit Card,63,Delivered,4.7,Wok This Way 47,Ahmedabad,Street Food,3.5,250
1528,25,2024-06-23 23:12:00,1,375,0.0,20,395.0,Debit Card,50,Delivered,3.1,Royal Feast 25,Jaipur,Biryani,3.8,250
3219,14,2024-06-23 23:46:00,4,722,0.0,0,722.0,UPI,17,Delivered,5.0,Curry Leaf 14,Pune,South Indian,3.2,150
4545,21,2024-06-24 08:37:00,2,347,34.7,20,332.3,Wallet,27,Cancelled,2.6,Biryani House 21,Pune,South Indian,4.1,600
3721,18,2024-06-24 08:48:00,3,923,0.0,20,943.0,Credit Card,27,Delivered,2.6,Sizzle & Steam 18,Chennai,Chinese,3.9,600
2793,2,2024-06-24 10:35:00,3,548,54.8,0,493.2,Debit Card,61,Delivered,4.6,Spice Junction 2,Lucknow,Continental,4.8,200
3048,20,2024-06-24 11:19:00,3,1225,122.5,20,1122.5,Cash on Delivery,21,Delivered,3.0,Urban Tadka 20,Hyderabad,Street Food,3.4,600
1994,40,2024-06-24 11:43:00,1,297,0.0,40,337.0,Credit Card,22,Delivered,4.3,Dosa Corner 40,Mumbai,Fast Food,3.7,250
2475,29,2024-06-24 13:07:00,1,404,0.0,40,444.0,Wallet,48,Delivered,4.6,Sweet Tooth 29,Kolkata,North Indian,4.0,500
1074,49,2024-06-24 14:43:00,1,177,0.0,40,217.0,Debit Card,37,Cancelled,3.9,Curry Leaf 49,Pune,Chinese,3.9,350
2852,15,2024-06-24 15:20:00,2,519,77.85,40,481.15,Credit Card,59,Delivered,5.0,Biryani House 15,Ahmedabad,North Indian,3.2,800
5825,42,2024-06-24 16:05:00,3,1211,0.0,40,1251.0,Debit Card,22,Delivered,3.8,Sizzle & Steam 42,Lucknow,Chinese,3.8,400
4256,39,2024-06-24 17:23:00,3,787,0.0,0,787.0,Wallet,27,Cancelled,3.7,Wok This Way 39,Pune,North Indian,4.2,350
2821,12,2024-06-24 19:11:00,4,1607,160.7,49,1495.3,Wallet,15,Cancelled,3.0,Tandoori Nights 12,Mumbai,Continental,4.8,800
5124,26,2024-06-24 19:30:00,4,1010,151.5,49,907.5,Wallet,48,Delivered,4.5,Chaat Street 26,Hyderabad,Continental,4.4,250
4406,42,2024-06-24 20:54:00,2,907,181.4,0,725.6,Credit Card,39,Delivered,3.0,Sizzle & Steam 42,Lucknow,Chinese,3.8,400
4590,31,2024-06-24 20:58:00,3,584,58.4,0,525.6,Wallet,32,Delivered,3.9,Momo Magic 31,Jaipur,Continental,4.1,500
2412,26,2024-06-24 21:36:00,1,415,0.0,30,445.0,Credit Card,52,Delivered,4.1,Chaat Street 26,Hyderabad,Continental,4.4,250
1988,25,2024-06-24 22:50:00,4,1225,0.0,49,1274.0,UPI,31,Delivered,3.4,Royal Feast 25,Jaipur,Biryani,3.8,250
5019,21,2024-06-24 23:13:00,4,747,0.0,30,777.0,Credit Card,40,Delivered,3.2,Biryani House 21,Pune,South Indian,4.1,600
4769,21,2024-06-25 08:49:00,1,544,0.0,49,593.0,Wallet,64,Delivered,4.9,Biryani House 21,Pune,South Indian,4.1,600
1806,7,2024-06-25 10:34:00,4,412,41.2,20,390.8,Credit Card,33,Cancelled,4.0,Wok This Way 7,Bangalore,Street Food,2.9,600
2547,50,2024-06-25 12:45:00,4,2034,0.0,40,2074.0,Credit Card,21,Delivered,3.7,Urban Tadka 50,Delhi,Bakery,3.2,500
4259,13,2024-06-25 14:12:00,3,327,49.05,30,307.95,Cash on Delivery,51,Delivered,3.8,Spice Junction 13,Kolkata,Biryani,4.5,800
2427,30,2024-06-25 17:08:00,2,729,145.8,20,603.2,UPI,15,Delivered,3.6,Noodle Bar 30,Pune,South Indian,2.9,800
4061,12,2024-06-25 20:49:00,3,919,0.0,0,919.0,Debit Card,53,Delivered,3.1,Tandoori Nights 12,Mumbai,Continental,4.8,800
3542,35,2024-06-25 22:31:00,3,777,0.0,30,807.0,Debit Card,62,Delivered,3.9,Momo Magic 35,Hyderabad,Fast Food,4.8,150
2692,18,2024-06-25 23:50:00,4,560,56.0,20,524.0,Debit Card,21,Delivered,4.6,Sizzle & Steam 18,Chennai,Chinese,3.9,600
1918,33,2024-06-26 09:06:00,3,1509,0.0,30,1539.0,Debit Card,23,Cancelled,3.4,Pizza Point 33,Chennai,Bakery,2.9,600
1631,1,2024-06-26 10:35:00,2,831,0.0,40,871.0,UPI,60,Delivered,2.7,Wok This Way 1,Pune,Italian,3.6,200
2136,21,2024-06-26 16:10:00,3,1384,276.8,0,1107.2,Debit Card,62,Delivered,4.3,Biryani House 21,Pune,South Indian,4.1,600
5588,18,2024-06-26 17:10:00,3,485,97.0,30,418.0,Cash on Delivery,48,Delivered,4.8,Sizzle & Steam 18,Chennai,Chinese,3.9,600
2494,30,2024-06-26 20:09:00,4,1811,0.0,40,1851.0,Debit Card,29,Delivered,4.9,Noodle Bar 30,Pune,South Indian,2.9,800
4338,21,2024-06-26 20:25:00,1,230,46.0,40,224.0,Debit Card,42,Cancelled,3.9,Biryani House 21,Pune,South Indian,4.1,600
2812,33,2024-06-26 20:55:00,2,286,0.0,20,306.0,Debit Card,57,Delivered,4.6,Pizza Point 33,Chennai,Bakery,2.9,600
3554,40,2024-06-26 21:28:00,2,745,74.5,0,670.5,Credit Card,42,Delivered,4.6,Dosa Corner 40,Mumbai,Fast Food,3.7,250
5466,20,2024-06-26 21:45:00,2,520,0.0,49,569.0,Cash on Delivery,43,Delivered,4.8,Urban Tadka 20,Hyderabad,Street Food,3.4,600
5855,46,2024-06-26 22:25:00,4,728,109.2,40,658.8,Debit Card,25,Delivered,2.8,Urban Tadka 46,Kolkata,Continental,4.2,350
2879,16,2024-06-26 23:34:00,3,558,83.7,49,523.3,Cash on Delivery,21,Cancelled,4.7,Cafe Bliss 16,Chennai,South Indian,3.2,500
1552,1,2024-06-27 08:26:00,4,716,143.2,30,602.8,Debit Card,26,Delivered,3.0,Wok This Way 1,Pune,Italian,3.6,200
2041,27,2024-06-27 10:28:00,3,563,0.0,30,593.0,Debit Card,49,Delivered,4.7,Grill Masters 27,Delhi,Fast Food,3.2,150
1064,49,2024-06-27 10:56:00,1,476,0.0,20,496.0,UPI,22,Delivered,3.6,Curry Leaf 49,Pune,Chinese,3.9,350
1814,18,2024-06-27 11:11:00,2,629,0.0,30,659.0,Debit Card,47,Delivered,3.0,Sizzle & Steam 18,Chennai,Chinese,3.9,600
3262,13,2024-06-27 12:32:00,1,298,29.8,20,288.2,Credit Card,57,Cancelled,3.2,Spice Junction 13,Kolkata,Biryani,4.5,800
2588,18,2024-06-27 15:56:00,2,1034,155.1,30,908.9,Credit Card,41,Delivered,4.2,Sizzle & Steam 18,Chennai,Chinese,3.9,600
3651,8,2024-06-27 17:44:00,2,845,169.0,49,725.0,UPI,49,Delivered,3.6,Urban Tadka 8,Hyderabad,Desserts,4.6,350
2947,12,2024-06-27 18:46:00,1,472,0.0,20,492.0,Credit Card,55,Delivered,2.8,Tandoori Nights 12,Mumbai,Continental,4.8,800
3671,28,2024-06-27 19:10:00,3,575,0.0,30,605.0,Wallet,20,Delivered,3.4,Spice Junction 28,Ahmedabad,Continental,3.9,350
1486,16,2024-06-27 19:46:00,4,1827,0.0,0,1827.0,Credit Card,51,Cancelled,3.6,Cafe Bliss 16,Chennai,South Indian,3.2,500
4926,18,2024-06-27 19:54:00,1,179,0.0,30,209.0,Credit Card,17,Delivered,2.6,Sizzle & Steam 18,Chennai,Chinese,3.9,600
5038,10,2024-06-27 21:30:00,4,1205,241.0,0,964.0,Credit Card,39,Delivered,4.5,Chaat Street 10,Mumbai,Italian,4.3,350
5626,34,2024-06-27 23:33:00,2,344,34.4,40,349.6,UPI,35,Cancelled,4.7,Biryani House 34,Bangalore,South Indian,4.8,200
4508,13,2024-06-27 23:40:00,2,500,0.0,49,549.0,Cash on Delivery,40,Delivered,4.1,Spice Junction 13,Kolkata,Biryani,4.5,800
3669,19,2024-06-28 08:05:00,4,524,52.4,40,511.6,Wallet,51,Delivered,3.0,Spice Junction 19,Chennai,Desserts,3.7,150
4746,17,2024-06-28 13:25:00,1,374,56.1,30,347.9,Credit Card,22,Delivered,4.4,Spicy Junction 17,Delhi,Chinese,3.4,800
2842,13,2024-06-28 14:36:00,1,262,0.0,0,262.0,Debit Card,60,Delivered,3.0,Spice Junction 13,Kolkata,Biryani,4.5,800
2097,36,2024-06-28 14:40:00,1,352,0.0,30,382.0,Wallet,37,Cancelled,2.6,Wok This Way 36,Bangalore,Desserts,4.5,500
5454,1,2024-06-28 15:18:00,4,597,89.55,0,507.45,Credit Card,52,Delivered,2.6,Wok This Way 1,Pune,Italian,3.6,200
5733,13,2024-06-28 15:22:00,3,298,0.0,49,347.0,Cash on Delivery,44,Delivered,4.3,Spice Junction 13,Kolkata,Biryani,4.5,800
1519,38,2024-06-28 17:41:00,3,309,0.0,30,339.0,Cash on Delivery,20,Cancelled,3.9,Burger Barn 38,Kolkata,Biryani,3.0,600
4794,1,2024-06-28 21:15:00,3,453,0.0,40,493.0,Credit Card,60,Delivered,4.8,Wok This Way 1,Pune,Italian,3.6,200
5657,45,2024-06-29 10:41:00,2,935,93.5,49,890.5,Debit Card,16,Delivered,5.0,Royal Feast 45,Ahmedabad,Fast Food,3.3,250
5549,33,2024-06-29 10:58:00,4,539,0.0,30,569.0,Cash on Delivery,54,Delivered,2.6,Pizza Point 33,Chennai,Bakery,2.9,600
1351,49,2024-06-29 15:40:00,4,558,0.0,40,598.0,Cash on Delivery,45,Delivered,2.9,Curry Leaf 49,Pune,Chinese,3.9,350
4889,34,2024-06-29 17:14:00,3,1508,0.0,0,1508.0,UPI,38,Cancelled,3.2,Biryani House 34,Bangalore,South Indian,4.8,200
5270,13,2024-06-29 17:45:00,1,343,34.3,20,328.7,Debit Card,37,Delivered,4.0,Spice Junction 13,Kolkata,Biryani,4.5,800
2988,40,2024-06-29 18:35:00,2,367,73.4,49,342.6,Debit Card,16,Delivered,3.3,Dosa Corner 40,Mumbai,Fast Food,3.7,250
5406,37,2024-06-29 19:39:00,2,339,50.85,20,308.15,Wallet,48,Cancelled,4.6,Curry Leaf 37,Chennai,Chinese,3.4,500
1609,9,2024-06-29 21:17:00,3,1209,120.9,40,1128.1,Credit Card,27,Cancelled,3.2,Curry Leaf 9,Pune,Bakery,4.1,200
5962,3,2024-06-29 21:26:00,4,826,123.9,49,751.1,Wallet,17,Delivered,4.7,Grill Masters 3,Chennai,Continental,4.3,300
5259,40,2024-06-29 23:37:00,2,701,105.15,30,625.85,Wallet,53,Delivered,2.9,Dosa Corner 40,Mumbai,Fast Food,3.7,250
4747,49,2024-06-30 08:06:00,4,1215,0.0,49,1264.0,Cash on Delivery,35,Delivered,4.2,Curry Leaf 49,Pune,Chinese,3.9,350
3879,24,2024-06-30 09:00:00,3,345,69.0,40,316.0,Credit Card,35,Delivered,4.5,Cafe Bliss 24,Delhi,Street Food,3.6,600
4021,25,2024-06-30 09:49:00,4,754,0.0,30,784.0,Wallet,32,Delivered,3.4,Royal Feast 25,Jaipur,Biryani,3.8,250
3204,23,2024-06-30 10:09:00,4,717,0.0,20,737.0,Cash on Delivery,32,Delivered,3.1,Noodle Bar 23,Lucknow,Desserts,3.4,150
4745,17,2024-06-30 11:00:00,2,1027,0.0,40,1067.0,Debit Card,23,Delivered,4.5,Spicy Junction 17,Delhi,Chinese,3.4,800
5365,40,2024-06-30 12:29:00,1,108,0.0,40,148.0,Wallet,47,Cancelled,3.3,Dosa Corner 40,Mumbai,Fast Food,3.7,250
2795,8,2024-06-30 14:57:00,3,942,94.2,30,877.8,Cash on Delivery,55,Delivered,2.6,Urban Tadka 8,Hyderabad,Desserts,4.6,350
2214,46,2024-06-30 14:58:00,3,1092,0.0,30,1122.0,Cash on Delivery,24,Delivered,3.9,Urban Tadka 46,Kolkata,Continental,4.2,350
3312,11,2024-06-30 15:11:00,2,525,0.0,0,525.0,Credit Card,51,Delivered,3.3,Noodle Bar 11,Hyderabad,Chinese,2.8,600
2402,41,2024-06-30 15:47:00,3,1239,0.0,40,1279.0,Debit Card,43,Cancelled,3.9,Dosa Corner 41,Hyderabad,Continental,3.1,600
5305,26,2024-06-30 15:51:00,4,2035,0.0,49,2084.0,Debit Card,54,Cancelled,4.8,Chaat Street 26,Hyderabad,Continental,4.4,250
1732,6,2024-06-30 16:39:00,2,899,134.85,30,794.15,Credit Card,44,Delivered,4.7,Pizza Point 6,Mumbai,Desserts,3.1,800
1896,44,2024-06-30 16:50:00,1,185,0.0,30,215.0,Debit Card,42,Delivered,4.9,Tandoori Nights 44,Hyderabad,South Indian,4.7,150
3681,32,2024-06-30 20:27:00,2,206,0.0,30,236.0,UPI,34,Cancelled,3.8,Grill Masters 32,Hyderabad,Fast Food,3.2,800
5320,29,2024-06-30 21:29:00,1,415,0.0,30,445.0,Debit Card,20,Delivered,4.2,Sweet Tooth 29,Kolkata,North Indian,4.0,500
4714,26,2024-06-30 22:32:00,3,754,150.8,20,623.2,Credit Card,30,Delivered,4.3,Chaat Street 26,Hyderabad,Continental,4.4,250
5572,29,2024-06-30 22:58:00,2,702,70.2,0,631.8,Debit Card,39,Delivered,4.7,Sweet Tooth 29,Kolkata,North Indian,4.0,500
4743,8,2024-07-01 08:39:00,1,282,28.2,40,293.8,Wallet,48,Cancelled,4.9,Urban Tadka 8,Hyderabad,Desserts,4.6,350
3635,8,2024-07-01 09:18:00,3,1095,0.0,49,1144.0,Cash on Delivery,27,Delivered,2.9,Urban Tadka 8,Hyderabad,Desserts,4.6,350
1594,24,2024-07-01 09:55:00,3,491,98.2,40,432.8,UPI,32,Cancelled,3.1,Cafe Bliss 24,Delhi,Street Food,3.6,600
2644,13,2024-07-01 12:42:00,3,1536,0.0,0,1536.0,Credit Card,38,Delivered,4.6,Spice Junction 13,Kolkata,Biryani,4.5,800
2936,41,2024-07-01 12:44:00,4,1599,0.0,40,1639.0,Debit Card,48,Delivered,2.8,Dosa Corner 41,Hyderabad,Continental,3.1,600
4850,39,2024-07-01 15:46:00,2,1002,0.0,40,1042.0,Cash on Delivery,60,Delivered,4.4,Wok This Way 39,Pune,North Indian,4.2,350
3248,31,2024-07-01 17:21:00,3,490,0.0,20,510.0,UPI,28,Cancelled,2.8,Momo Magic 31,Jaipur,Continental,4.1,500
5912,48,2024-07-01 21:01:00,2,302,60.4,49,290.6,Wallet,47,Delivered,2.8,Burger Barn 48,Delhi,Italian,3.9,150
3742,12,2024-07-01 21:22:00,2,720,72.0,40,688.0,Wallet,18,Delivered,2.6,Tandoori Nights 12,Mumbai,Continental,4.8,800
5631,27,2024-07-01 23:18:00,4,439,43.9,49,444.1,Cash on Delivery,61,Delivered,2.8,Grill Masters 27,Delhi,Fast Food,3.2,150
5834,35,2024-07-02 08:10:00,4,626,0.0,30,656.0,Credit Card,44,Delivered,4.7,Momo Magic 35,Hyderabad,Fast Food,4.8,150
2024,38,2024-07-02 08:31:00,1,172,0.0,0,172.0,Wallet,17,Delivered,2.6,Burger Barn 38,Kolkata,Biryani,3.0,600
2485,39,2024-07-02 08:55:00,2,526,105.2,49,469.8,Credit Card,59,Delivered,3.8,Wok This Way 39,Pune,North Indian,4.2,350
5416,22,2024-07-02 10:55:00,4,2000,300.0,49,1749.0,Credit Card,27,Delivered,3.3,Urban Tadka 22,Mumbai,Desserts,3.1,250
4420,38,2024-07-02 13:13:00,3,389,0.0,0,389.0,Debit Card,36,Delivered,3.9,Burger Barn 38,Kolkata,Biryani,3.0,600
1088,6,2024-07-02 14:43:00,2,233,0.0,40,273.0,Debit Card,26,Delivered,2.8,Pizza Point 6,Mumbai,Desserts,3.1,800
4679,35,2024-07-02 16:08:00,3,918,0.0,0,918.0,Wallet,61,Delivered,3.9,Momo Magic 35,Hyderabad,Fast Food,4.8,150
3492,46,2024-07-02 16:12:00,4,1597,239.55,30,1387.45,Wallet,58,Delivered,4.4,Urban Tadka 46,Kolkata,Continental,4.2,350
5837,41,2024-07-02 17:10:00,2,408,40.8,30,397.2,UPI,26,Delivered,3.3,Dosa Corner 41,Hyderabad,Continental,3.1,600
3515,31,2024-07-02 17:15:00,4,835,0.0,40,875.0,UPI,16,Delivered,3.1,Momo Magic 31,Jaipur,Continental,4.1,500
2473,39,2024-07-02 22:39:00,2,933,186.6,20,766.4,Credit Card,52,Delivered,3.1,Wok This Way 39,Pune,North Indian,4.2,350
5506,6,2024-07-02 23:40:00,2,629,125.8,30,533.2,UPI,20,Delivered,4.3,Pizza Point 6,Mumbai,Desserts,3.1,800
2924,31,2024-07-03 09:55:00,4,1422,213.3,40,1248.7,Debit Card,27,Delivered,4.8,Momo Magic 31,Jaipur,Continental,4.1,500
1575,18,2024-07-03 10:33:00,2,258,38.7,20,239.3,Credit Card,36,Delivered,4.4,Sizzle & Steam 18,Chennai,Chinese,3.9,600
4895,49,2024-07-03 10:57:00,3,569,0.0,0,569.0,UPI,16,Cancelled,3.4,Curry Leaf 49,Pune,Chinese,3.9,350
2655,17,2024-07-03 12:43:00,3,634,0.0,20,654.0,Debit Card,32,Delivered,3.1,Spicy Junction 17,Delhi,Chinese,3.4,800
1227,46,2024-07-03 13:19:00,3,763,152.6,49,659.4,Credit Card,22,Delivered,2.6,Urban Tadka 46,Kolkata,Continental,4.2,350
5769,22,2024-07-03 14:00:00,3,301,60.2,20,260.8,Cash on Delivery,16,Cancelled,3.0,Urban Tadka 22,Mumbai,Desserts,3.1,250
2358,1,2024-07-03 14:17:00,2,911,0.0,30,941.0,Wallet,30,Delivered,4.1,Wok This Way 1,Pune,Italian,3.6,200
2078,8,2024-07-03 16:05:00,3,392,39.2,40,392.8,Debit Card,34,Delivered,4.8,Urban Tadka 8,Hyderabad,Desserts,4.6,350
2840,30,2024-07-03 16:22:00,3,306,45.9,40,300.1,Credit Card,37,Delivered,3.0,Noodle Bar 30,Pune,South Indian,2.9,800
2590,37,2024-07-03 17:13:00,3,473,70.95,49,451.05,UPI,37,Delivered,4.6,Curry Leaf 37,Chennai,Chinese,3.4,500
3686,8,2024-07-03 17:35:00,3,754,0.0,40,794.0,Wallet,39,Cancelled,4.6,Urban Tadka 8,Hyderabad,Desserts,4.6,350
4804,35,2024-07-03 19:47:00,1,437,0.0,20,457.0,Credit Card,31,Delivered,4.9,Momo Magic 35,Hyderabad,Fast Food,4.8,150
4986,13,2024-07-03 21:02:00,4,729,0.0,0,729.0,Wallet,17,Cancelled,3.8,Spice Junction 13,Kolkata,Biryani,4.5,800
3634,22,2024-07-03 21:40:00,3,300,45.0,49,304.0,Wallet,35,Delivered,2.6,Urban Tadka 22,Mumbai,Desserts,3.1,250
4080,15,2024-07-03 22:06:00,1,172,0.0,30,202.0,Credit Card,45,Delivered,3.3,Biryani House 15,Ahmedabad,North Indian,3.2,800
1526,17,2024-07-04 08:23:00,2,1005,0.0,20,1025.0,UPI,58,Delivered,3.3,Spicy Junction 17,Delhi,Chinese,3.4,800
4513,39,2024-07-04 08:44:00,2,528,0.0,20,548.0,UPI,32,Cancelled,4.6,Wok This Way 39,Pune,North Indian,4.2,350
4194,9,2024-07-04 09:17:00,2,442,0.0,49,491.0,Wallet,23,Cancelled,3.1,Curry Leaf 9,Pune,Bakery,4.1,200
4211,34,2024-07-04 09:56:00,1,204,0.0,20,224.0,UPI,50,Delivered,3.4,Biryani House 34,Bangalore,South Indian,4.8,200
3134,6,2024-07-04 10:33:00,3,406,0.0,40,446.0,Debit Card,24,Delivered,4.4,Pizza Point 6,Mumbai,Desserts,3.1,800
2739,21,2024-07-04 11:09:00,2,366,0.0,30,396.0,Credit Card,63,Delivered,4.4,Biryani House 21,Pune,South Indian,4.1,600
5973,6,2024-07-04 11:42:00,4,737,0.0,30,767.0,UPI,29,Delivered,5.0,Pizza Point 6,Mumbai,Desserts,3.1,800
2698,36,2024-07-04 11:42:00,3,1518,303.6,20,1234.4,UPI,16,Delivered,3.2,Wok This Way 36,Bangalore,Desserts,4.5,500
1387,20,2024-07-04 11:43:00,3,1091,163.65,20,947.35,Credit Card,35,Delivered,4.1,Urban Tadka 20,Hyderabad,Street Food,3.4,600
3652,23,2024-07-04 12:52:00,3,1361,204.15,49,1205.85,Debit Card,18,Delivered,3.3,Noodle Bar 23,Lucknow,Desserts,3.4,150
4030,22,2024-07-04 13:46:00,2,521,78.15,49,491.85,Debit Card,50,Delivered,4.3,Urban Tadka 22,Mumbai,Desserts,3.1,250
1635,49,2024-07-04 15:07:00,1,296,0.0,0,296.0,Credit Card,30,Delivered,3.0,Curry Leaf 49,Pune,Chinese,3.9,350
3467,3,2024-07-04 15:29:00,3,1380,0.0,30,1410.0,Credit Card,53,Delivered,3.1,Grill Masters 3,Chennai,Continental,4.3,300
5545,5,2024-07-04 15:29:00,1,170,0.0,0,170.0,Credit Card,24,Delivered,3.5,Cafe Bliss 5,Hyderabad,Street Food,3.1,500
2818,24,2024-07-04 16:11:00,4,1013,0.0,40,1053.0,UPI,59,Delivered,3.6,Cafe Bliss 24,Delhi,Street Food,3.6,600
5026,47,2024-07-04 21:30:00,3,628,0.0,40,668.0,Cash on Delivery,54,Delivered,2.8,Wok This Way 47,Ahmedabad,Street Food,3.5,250
5550,50,2024-07-04 23:38:00,2,946,0.0,20,966.0,Wallet,62,Delivered,3.7,Urban Tadka 50,Delhi,Bakery,3.2,500
1284,32,2024-07-04 23:40:00,3,1205,180.75,0,1024.25,Cash on Delivery,37,Delivered,3.8,Grill Masters 32,Hyderabad,Fast Food,3.2,800
5057,47,2024-07-05 08:19:00,3,751,0.0,30,781.0,Wallet,33,Delivered,4.6,Wok This Way 47,Ahmedabad,Street Food,3.5,250
2673,30,2024-07-05 08:42:00,3,563,112.6,20,470.4,UPI,29,Cancelled,3.6,Noodle Bar 30,Pune,South Indian,2.9,800
2513,6,2024-07-05 09:52:00,1,186,0.0,30,216.0,Debit Card,32,Cancelled,4.9,Pizza Point 6,Mumbai,Desserts,3.1,800
1087,32,2024-07-05 09:57:00,2,516,0.0,40,556.0,Cash on Delivery,18,Cancelled,4.6,Grill Masters 32,Hyderabad,Fast Food,3.2,800
5130,10,2024-07-05 11:57:00,1,499,49.9,0,449.1,Debit Card,52,Delivered,4.7,Chaat Street 10,Mumbai,Italian,4.3,350
1356,16,2024-07-05 12:05:00,1,155,0.0,40,195.0,Credit Card,56,Cancelled,3.2,Cafe Bliss 16,Chennai,South Indian,3.2,500
4601,38,2024-07-05 12:33:00,4,1408,0.0,49,1457.0,Wallet,27,Delivered,4.2,Burger Barn 38,Kolkata,Biryani,3.0,600
2955,35,2024-07-05 15:20:00,2,904,90.4,40,853.6,UPI,17,Delivered,5.0,Momo Magic 35,Hyderabad,Fast Food,4.8,150
1536,39,2024-07-05 15:28:00,2,523,78.45,30,474.55,Cash on Delivery,26,Delivered,3.9,Wok This Way 39,Pune,North Indian,4.2,350
3473,21,2024-07-05 17:13:00,1,156,0.0,20,176.0,Wallet,19,Delivered,3.6,Biryani House 21,Pune,South Indian,4.1,600
4801,9,2024-07-05 18:19:00,1,311,46.65,40,304.35,Debit Card,23,Delivered,4.5,Curry Leaf 9,Pune,Bakery,4.1,200
4034,34,2024-07-05 18:52:00,4,1812,0.0,20,1832.0,Wallet,21,Delivered,2.7,Biryani House 34,Bangalore,South Indian,4.8,200
4995,22,2024-07-05 19:05:00,2,360,0.0,0,360.0,UPI,34,Delivered,4.2,Urban Tadka 22,Mumbai,Desserts,3.1,250
3256,7,2024-07-05 20:11:00,2,1028,102.8,40,965.2,Debit Card,30,Delivered,3.9,Wok This Way 7,Bangalore,Street Food,2.9,600
5216,6,2024-07-05 20:28:00,2,371,74.2,0,296.8,Debit Card,43,Delivered,4.6,Pizza Point 6,Mumbai,Desserts,3.1,800
5269,44,2024-07-05 22:00:00,3,1079,0.0,0,1079.0,Cash on Delivery,46,Delivered,3.6,Tandoori Nights 44,Hyderabad,South Indian,4.7,150
2439,45,2024-07-06 09:24:00,2,1037,155.55,30,911.45,UPI,45,Delivered,3.8,Royal Feast 45,Ahmedabad,Fast Food,3.3,250
3004,30,2024-07-06 15:14:00,2,302,60.4,20,261.6,Credit Card,62,Delivered,4.4,Noodle Bar 30,Pune,South Indian,2.9,800
2967,37,2024-07-06 15:38:00,4,732,73.2,30,688.8,Wallet,35,Delivered,4.8,Curry Leaf 37,Chennai,Chinese,3.4,500
2742,37,2024-07-06 16:43:00,4,417,0.0,40,457.0,Debit Card,33,Delivered,3.1,Curry Leaf 37,Chennai,Chinese,3.4,500
5003,9,2024-07-06 18:23:00,3,1096,0.0,40,1136.0,Credit Card,34,Delivered,4.2,Curry Leaf 9,Pune,Bakery,4.1,200
3037,29,2024-07-06 19:12:00,2,208,31.2,0,176.8,Credit Card,28,Delivered,3.1,Sweet Tooth 29,Kolkata,North Indian,4.0,500
3738,32,2024-07-06 19:51:00,2,605,121.0,49,533.0,UPI,39,Delivered,4.0,Grill Masters 32,Hyderabad,Fast Food,3.2,800
1620,18,2024-07-06 20:20:00,1,191,0.0,20,211.0,Wallet,59,Delivered,4.5,Sizzle & Steam 18,Chennai,Chinese,3.9,600
2952,21,2024-07-06 22:00:00,4,1996,299.4,0,1696.6,Cash on Delivery,63,Cancelled,3.7,Biryani House 21,Pune,South Indian,4.1,600
3532,25,2024-07-06 22:39:00,4,1019,152.85,40,906.15,Cash on Delivery,45,Delivered,4.3,Royal Feast 25,Jaipur,Biryani,3.8,250
4819,3,2024-07-06 22:40:00,3,764,0.0,49,813.0,Credit Card,59,Delivered,3.2,Grill Masters 3,Chennai,Continental,4.3,300
5190,17,2024-07-07 08:59:00,4,1604,0.0,0,1604.0,UPI,62,Delivered,4.5,Spicy Junction 17,Delhi,Chinese,3.4,800
5532,18,2024-07-07 09:18:00,3,1395,279.0,20,1136.0,Wallet,35,Cancelled,3.1,Sizzle & Steam 18,Chennai,Chinese,3.9,600
2973,14,2024-07-07 09:52:00,4,2037,0.0,49,2086.0,Debit Card,63,Cancelled,3.7,Curry Leaf 14,Pune,South Indian,3.2,150
3318,2,2024-07-07 11:37:00,1,132,0.0,20,152.0,Debit Card,40,Cancelled,4.0,Spice Junction 2,Lucknow,Continental,4.8,200
3694,49,2024-07-07 13:00:00,1,148,29.6,30,148.4,Debit Card,19,Cancelled,3.1,Curry Leaf 49,Pune,Chinese,3.9,350
3858,17,2024-07-07 13:36:00,3,616,61.6,0,554.4,Cash on Delivery,38,Delivered,4.0,Spicy Junction 17,Delhi,Chinese,3.4,800
1183,20,2024-07-07 13:38:00,3,1206,0.0,30,1236.0,UPI,35,Delivered,3.0,Urban Tadka 20,Hyderabad,Street Food,3.4,600
2160,29,2024-07-07 14:18:00,1,277,27.7,40,289.3,Debit Card,49,Delivered,2.8,Sweet Tooth 29,Kolkata,North Indian,4.0,500
3935,37,2024-07-07 14:31:00,3,1373,0.0,40,1413.0,UPI,32,Delivered,4.2,Curry Leaf 37,Chennai,Chinese,3.4,500
1369,36,2024-07-07 16:37:00,3,614,0.0,0,614.0,Debit Card,35,Delivered,3.0,Wok This Way 36,Bangalore,Desserts,4.5,500
3818,41,2024-07-07 17:01:00,1,505,101.0,49,453.0,Wallet,21,Cancelled,4.9,Dosa Corner 41,Hyderabad,Continental,3.1,600
2092,46,2024-07-07 17:08:00,2,341,51.15,49,338.85,Wallet,38,Delivered,4.2,Urban Tadka 46,Kolkata,Continental,4.2,350
1388,24,2024-07-07 19:03:00,1,527,105.4,0,421.6,Debit Card,37,Delivered,3.5,Cafe Bliss 24,Delhi,Street Food,3.6,600
2061,12,2024-07-07 22:31:00,4,1834,0.0,49,1883.0,Cash on Delivery,19,Cancelled,3.9,Tandoori Nights 12,Mumbai,Continental,4.8,800
2359,25,2024-07-07 22:32:00,2,628,0.0,30,658.0,Debit Card,46,Cancelled,2.7,Royal Feast 25,Jaipur,Biryani,3.8,250
2163,40,2024-07-07 23:49:00,4,1044,0.0,30,1074.0,UPI,29,Delivered,3.6,Dosa Corner 40,Mumbai,Fast Food,3.7,250
5781,3,2024-07-08 08:39:00,3,1541,231.15,30,1339.85,UPI,51,Delivered,4.6,Grill Masters 3,Chennai,Continental,4.3,300
3293,33,2024-07-08 09:00:00,4,1844,0.0,20,1864.0,Credit Card,23,Cancelled,2.6,Pizza Point 33,Chennai,Bakery,2.9,600
1194,30,2024-07-08 10:32:00,4,1400,280.0,40,1160.0,Credit Card,56,Delivered,3.3,Noodle Bar 30,Pune,South Indian,2.9,800
2757,18,2024-07-08 10:38:00,4,1027,0.0,20,1047.0,UPI,50,Delivered,3.0,Sizzle & Steam 18,Chennai,Chinese,3.9,600
4097,35,2024-07-08 11:38:00,2,271,0.0,20,291.0,Cash on Delivery,16,Delivered,2.9,Momo Magic 35,Hyderabad,Fast Food,4.8,150
3450,22,2024-07-08 13:28:00,1,130,0.0,0,130.0,UPI,37,Delivered,2.7,Urban Tadka 22,Mumbai,Desserts,3.1,250
4099,39,2024-07-08 17:02:00,3,916,91.6,20,844.4,Debit Card,50,Delivered,4.5,Wok This Way 39,Pune,North Indian,4.2,350
4554,44,2024-07-08 18:20:00,3,1528,0.0,40,1568.0,UPI,62,Delivered,3.3,Tandoori Nights 44,Hyderabad,South Indian,4.7,150
2304,27,2024-07-08 20:23:00,1,147,0.0,20,167.0,Credit Card,51,Delivered,3.6,Grill Masters 27,Delhi,Fast Food,3.2,150
3522,29,2024-07-08 22:45:00,1,297,44.55,49,301.45,UPI,18,Delivered,4.8,Sweet Tooth 29,Kolkata,North Indian,4.0,500
2745,19,2024-07-08 23:16:00,3,332,0.0,0,332.0,UPI,31,Cancelled,4.3,Spice Junction 19,Chennai,Desserts,3.7,150
2343,20,2024-07-09 08:21:00,1,201,20.1,40,220.9,Debit Card,28,Delivered,3.4,Urban Tadka 20,Hyderabad,Street Food,3.4,600
5471,48,2024-07-09 12:02:00,4,1628,325.6,49,1351.4,UPI,48,Delivered,3.8,Burger Barn 48,Delhi,Italian,3.9,150
1429,25,2024-07-09 12:35:00,2,309,0.0,20,329.0,Cash on Delivery,25,Delivered,4.9,Royal Feast 25,Jaipur,Biryani,3.8,250
2137,49,2024-07-09 12:47:00,3,343,0.0,0,343.0,Debit Card,40,Delivered,4.8,Curry Leaf 49,Pune,Chinese,3.9,350
2079,42,2024-07-09 13:03:00,3,776,77.6,49,747.4,UPI,62,Delivered,3.8,Sizzle & Steam 42,Lucknow,Chinese,3.8,400
4688,8,2024-07-09 13:26:00,4,2034,406.8,40,1667.2,UPI,21,Delivered,4.5,Urban Tadka 8,Hyderabad,Desserts,4.6,350
4289,46,2024-07-09 13:33:00,4,2026,202.6,49,1872.4,Debit Card,50,Delivered,3.3,Urban Tadka 46,Kolkata,Continental,4.2,350
4070,7,2024-07-09 16:40:00,2,317,0.0,20,337.0,Cash on Delivery,15,Delivered,3.1,Wok This Way 7,Bangalore,Street Food,2.9,600
4101,25,2024-07-09 17:23:00,1,112,0.0,20,132.0,Credit Card,34,Cancelled,4.5,Royal Feast 25,Jaipur,Biryani,3.8,250
1511,42,2024-07-09 17:24:00,4,529,52.9,0,476.1,Credit Card,17,Delivered,3.3,Sizzle & Steam 42,Lucknow,Chinese,3.8,400
3564,35,2024-07-09 17:49:00,3,1370,0.0,40,1410.0,Wallet,38,Cancelled,3.4,Momo Magic 35,Hyderabad,Fast Food,4.8,150
5155,50,2024-07-09 19:09:00,3,331,0.0,40,371.0,UPI,38,Delivered,4.1,Urban Tadka 50,Delhi,Bakery,3.2,500
4958,30,2024-07-09 21:12:00,2,362,36.2,49,374.8,Wallet,52,Delivered,4.5,Noodle Bar 30,Pune,South Indian,2.9,800
3575,27,2024-07-09 22:34:00,3,317,31.7,49,334.3,UPI,53,Delivered,5.0,Grill Masters 27,Delhi,Fast Food,3.2,150
2175,38,2024-07-09 22:47:00,2,263,52.6,20,230.4,Credit Card,49,Delivered,4.1,Burger Barn 38,Kolkata,Biryani,3.0,600
1618,35,2024-07-09 22:48:00,3,1068,0.0,0,1068.0,Cash on Delivery,50,Delivered,3.1,Momo Magic 35,Hyderabad,Fast Food,4.8,150
5391,3,2024-07-10 08:59:00,2,833,0.0,30,863.0,Cash on Delivery,30,Delivered,4.0,Grill Masters 3,Chennai,Continental,4.3,300
3215,13,2024-07-10 09:49:00,2,446,0.0,30,476.0,Wallet,46,Delivered,2.6,Spice Junction 13,Kolkata,Biryani,4.5,800
5185,44,2024-07-10 11:01:00,4,2000,400.0,49,1649.0,Cash on Delivery,51,Cancelled,4.2,Tandoori Nights 44,Hyderabad,South Indian,4.7,150
3915,16,2024-07-10 11:53:00,3,546,109.2,49,485.8,Credit Card,39,Cancelled,3.7,Cafe Bliss 16,Chennai,South Indian,3.2,500
3044,49,2024-07-10 12:48:00,4,615,0.0,40,655.0,Cash on Delivery,28,Delivered,3.2,Curry Leaf 49,Pune,Chinese,3.9,350
5064,47,2024-07-10 13:35:00,3,579,57.9,0,521.1,Debit Card,49,Delivered,3.5,Wok This Way 47,Ahmedabad,Street Food,3.5,250
4534,15,2024-07-10 13:45:00,2,276,0.0,20,296.0,UPI,49,Delivered,4.6,Biryani House 15,Ahmedabad,North Indian,3.2,800
5767,18,2024-07-10 13:59:00,3,1537,0.0,40,1577.0,Cash on Delivery,26,Delivered,4.8,Sizzle & Steam 18,Chennai,Chinese,3.9,600
1554,13,2024-07-10 15:24:00,1,500,0.0,20,520.0,Credit Card,33,Delivered,3.7,Spice Junction 13,Kolkata,Biryani,4.5,800
5079,43,2024-07-10 15:32:00,1,260,0.0,20,280.0,Credit Card,37,Delivered,3.3,Grill Masters 43,Chennai,Continental,2.9,250
4316,30,2024-07-10 16:35:00,1,488,73.2,30,444.8,Debit Card,25,Delivered,4.7,Noodle Bar 30,Pune,South Indian,2.9,800
5085,9,2024-07-10 18:21:00,4,755,151.0,30,634.0,Cash on Delivery,62,Cancelled,5.0,Curry Leaf 9,Pune,Bakery,4.1,200
5844,16,2024-07-10 18:30:00,4,1843,0.0,20,1863.0,Credit Card,51,Cancelled,4.8,Cafe Bliss 16,Chennai,South Indian,3.2,500
1982,32,2024-07-10 20:29:00,2,1031,154.65,0,876.35,Debit Card,53,Delivered,3.3,Grill Masters 32,Hyderabad,Fast Food,3.2,800
4503,29,2024-07-10 20:31:00,2,834,166.8,0,667.2,Debit Card,42,Delivered,4.3,Sweet Tooth 29,Kolkata,North Indian,4.0,500
2253,34,2024-07-10 20:37:00,4,1012,0.0,30,1042.0,Cash on Delivery,59,Delivered,4.1,Biryani House 34,Bangalore,South Indian,4.8,200
1330,48,2024-07-10 21:09:00,4,827,0.0,20,847.0,Cash on Delivery,52,Cancelled,4.8,Burger Barn 48,Delhi,Italian,3.9,150
4644,22,2024-07-11 10:49:00,2,286,28.6,30,287.4,UPI,36,Delivered,2.9,Urban Tadka 22,Mumbai,Desserts,3.1,250
2278,46,2024-07-11 11:53:00,2,425,0.0,0,425.0,Credit Card,64,Delivered,3.2,Urban Tadka 46,Kolkata,Continental,4.2,350
1533,31,2024-07-11 12:10:00,3,398,0.0,30,428.0,Cash on Delivery,53,Cancelled,4.2,Momo Magic 31,Jaipur,Continental,4.1,500
3206,16,2024-07-11 13:36:00,1,543,0.0,0,543.0,Wallet,60,Cancelled,5.0,Cafe Bliss 16,Chennai,South Indian,3.2,500
2284,23,2024-07-11 13:46:00,2,908,0.0,49,957.0,Debit Card,28,Delivered,4.4,Noodle Bar 23,Lucknow,Desserts,3.4,150
4463,48,2024-07-11 14:41:00,3,575,0.0,20,595.0,Cash on Delivery,29,Cancelled,4.8,Burger Barn 48,Delhi,Italian,3.9,150
4186,6,2024-07-11 19:24:00,2,936,0.0,49,985.0,Debit Card,16,Delivered,3.6,Pizza Point 6,Mumbai,Desserts,3.1,800
2376,37,2024-07-11 19:29:00,1,182,36.4,40,185.6,Credit Card,34,Delivered,4.6,Curry Leaf 37,Chennai,Chinese,3.4,500
1925,44,2024-07-11 21:11:00,2,734,0.0,20,754.0,Debit Card,56,Delivered,2.6,Tandoori Nights 44,Hyderabad,South Indian,4.7,150
5867,18,2024-07-11 22:45:00,2,645,64.5,30,610.5,Credit Card,43,Cancelled,3.2,Sizzle & Steam 18,Chennai,Chinese,3.9,600
5832,6,2024-07-12 09:20:00,4,2014,201.4,30,1842.6,Cash on Delivery,33,Cancelled,3.3,Pizza Point 6,Mumbai,Desserts,3.1,800
5536,49,2024-07-12 09:42:00,3,412,41.2,30,400.8,Debit Card,41,Delivered,4.0,Curry Leaf 49,Pune,Chinese,3.9,350
5278,32,2024-07-12 11:17:00,4,1404,0.0,20,1424.0,Credit Card,57,Delivered,4.0,Grill Masters 32,Hyderabad,Fast Food,3.2,800
4698,45,2024-07-12 11:50:00,3,1521,0.0,49,1570.0,UPI,58,Delivered,3.1,Royal Feast 45,Ahmedabad,Fast Food,3.3,250
5442,1,2024-07-12 12:27:00,3,1501,225.15,40,1315.85,Debit Card,58,Cancelled,4.5,Wok This Way 1,Pune,Italian,3.6,200
4315,14,2024-07-12 13:59:00,2,944,188.8,40,795.2,Wallet,41,Delivered,4.1,Curry Leaf 14,Pune,South Indian,3.2,150
5054,20,2024-07-12 14:22:00,1,270,54.0,40,256.0,Credit Card,62,Cancelled,3.7,Urban Tadka 20,Hyderabad,Street Food,3.4,600
4427,33,2024-07-12 14:59:00,2,414,0.0,49,463.0,Credit Card,37,Cancelled,2.6,Pizza Point 33,Chennai,Bakery,2.9,600
4078,40,2024-07-12 15:06:00,4,1612,241.8,30,1400.2,UPI,46,Cancelled,3.6,Dosa Corner 40,Mumbai,Fast Food,3.7,250
2893,13,2024-07-12 15:16:00,1,525,52.5,30,502.5,UPI,25,Cancelled,4.0,Spice Junction 13,Kolkata,Biryani,4.5,800
5107,44,2024-07-12 16:42:00,4,414,82.8,30,361.2,Wallet,15,Delivered,2.7,Tandoori Nights 44,Hyderabad,South Indian,4.7,150
4294,28,2024-07-12 19:20:00,2,271,0.0,40,311.0,Credit Card,17,Delivered,3.8,Spice Junction 28,Ahmedabad,Continental,3.9,350
2277,43,2024-07-12 19:34:00,1,176,17.6,30,188.4,Wallet,58,Delivered,4.4,Grill Masters 43,Chennai,Continental,2.9,250
1812,47,2024-07-12 20:05:00,4,2035,0.0,30,2065.0,UPI,34,Delivered,3.8,Wok This Way 47,Ahmedabad,Street Food,3.5,250
2719,13,2024-07-12 20:08:00,4,439,43.9,49,444.1,Wallet,32,Delivered,3.6,Spice Junction 13,Kolkata,Biryani,4.5,800
5671,9,2024-07-12 20:08:00,3,623,0.0,30,653.0,Wallet,18,Delivered,2.8,Curry Leaf 9,Pune,Bakery,4.1,200
4111,28,2024-07-12 23:53:00,2,606,0.0,40,646.0,UPI,39,Delivered,3.6,Spice Junction 28,Ahmedabad,Continental,3.9,350
1041,25,2024-07-13 08:24:00,1,385,0.0,30,415.0,Cash on Delivery,30,Delivered,4.9,Royal Feast 25,Jaipur,Biryani,3.8,250
5025,44,2024-07-13 09:59:00,1,167,33.4,40,173.6,Credit Card,47,Delivered,2.8,Tandoori Nights 44,Hyderabad,South Indian,4.7,150
3166,35,2024-07-13 10:48:00,4,423,0.0,40,463.0,Wallet,63,Delivered,3.8,Momo Magic 35,Hyderabad,Fast Food,4.8,150
2445,26,2024-07-13 11:35:00,3,435,43.5,40,431.5,Credit Card,56,Cancelled,4.5,Chaat Street 26,Hyderabad,Continental,4.4,250
3063,38,2024-07-13 11:57:00,2,429,0.0,49,478.0,Wallet,40,Delivered,2.8,Burger Barn 38,Kolkata,Biryani,3.0,600
4957,25,2024-07-13 13:03:00,1,351,0.0,30,381.0,Debit Card,26,Delivered,2.9,Royal Feast 25,Jaipur,Biryani,3.8,250
1944,5,2024-07-13 13:08:00,4,1210,181.5,0,1028.5,UPI,60,Delivered,2.7,Cafe Bliss 5,Hyderabad,Street Food,3.1,500
1819,37,2024-07-13 15:15:00,3,550,55.0,20,515.0,Credit Card,26,Delivered,4.5,Curry Leaf 37,Chennai,Chinese,3.4,500
5625,30,2024-07-13 15:40:00,2,322,64.4,49,306.6,Wallet,27,Delivered,2.8,Noodle Bar 30,Pune,South Indian,2.9,800
5811,23,2024-07-13 17:11:00,2,384,57.6,0,326.4,UPI,58,Delivered,2.7,Noodle Bar 23,Lucknow,Desserts,3.4,150
2915,35,2024-07-14 08:07:00,2,843,0.0,20,863.0,Wallet,57,Delivered,3.0,Momo Magic 35,Hyderabad,Fast Food,4.8,150
4325,22,2024-07-14 08:11:00,2,902,180.4,0,721.6,Cash on Delivery,28,Cancelled,4.7,Urban Tadka 22,Mumbai,Desserts,3.1,250
5102,34,2024-07-14 08:47:00,1,166,0.0,0,166.0,Wallet,45,Cancelled,3.3,Biryani House 34,Bangalore,South Indian,4.8,200
5075,7,2024-07-14 11:12:00,1,187,0.0,40,227.0,Cash on Delivery,49,Delivered,3.0,Wok This Way 7,Bangalore,Street Food,2.9,600
2093,37,2024-07-14 12:41:00,4,412,0.0,49,461.0,Debit Card,22,Cancelled,3.2,Curry Leaf 37,Chennai,Chinese,3.4,500
4682,22,2024-07-14 13:25:00,4,625,93.75,30,561.25,Wallet,25,Delivered,4.3,Urban Tadka 22,Mumbai,Desserts,3.1,250
2829,33,2024-07-14 14:09:00,3,643,0.0,30,673.0,Debit Card,62,Delivered,3.2,Pizza Point 33,Chennai,Bakery,2.9,600
3079,47,2024-07-14 15:26:00,3,1221,183.15,20,1057.85,UPI,56,Delivered,4.6,Wok This Way 47,Ahmedabad,Street Food,3.5,250
1334,1,2024-07-14 15:31:00,1,199,0.0,40,239.0,Cash on Delivery,42,Delivered,4.6,Wok This Way 1,Pune,Italian,3.6,200
2787,20,2024-07-14 15:43:00,3,406,0.0,49,455.0,Credit Card,49,Delivered,3.3,Urban Tadka 20,Hyderabad,Street Food,3.4,600
4474,23,2024-07-14 18:11:00,4,2030,0.0,20,2050.0,Credit Card,32,Delivered,4.0,Noodle Bar 23,Lucknow,Desserts,3.4,150
1370,34,2024-07-14 19:06:00,4,2017,403.4,40,1653.6,Wallet,49,Delivered,3.0,Biryani House 34,Bangalore,South Indian,4.8,200
1345,22,2024-07-14 19:36:00,4,1416,0.0,49,1465.0,Debit Card,45,Cancelled,3.9,Urban Tadka 22,Mumbai,Desserts,3.1,250
4237,6,2024-07-14 20:06:00,2,801,0.0,0,801.0,Cash on Delivery,30,Delivered,4.4,Pizza Point 6,Mumbai,Desserts,3.1,800
2566,28,2024-07-14 20:26:00,2,424,84.8,49,388.2,Debit Card,33,Delivered,3.4,Spice Junction 28,Ahmedabad,Continental,3.9,350
2213,32,2024-07-14 21:11:00,2,719,0.0,0,719.0,Debit Card,62,Delivered,4.3,Grill Masters 32,Hyderabad,Fast Food,3.2,800
3298,35,2024-07-14 21:34:00,4,750,0.0,30,780.0,Wallet,29,Cancelled,4.0,Momo Magic 35,Hyderabad,Fast Food,4.8,150
4591,27,2024-07-14 21:51:00,4,1414,0.0,0,1414.0,Cash on Delivery,44,Delivered,3.8,Grill Masters 27,Delhi,Fast Food,3.2,150
4491,19,2024-07-14 21:54:00,1,533,0.0,49,582.0,Wallet,59,Delivered,3.2,Spice Junction 19,Chennai,Desserts,3.7,150
5493,4,2024-07-14 22:47:00,1,310,31.0,0,279.0,Credit Card,58,Delivered,3.1,Cafe Bliss 4,Lucknow,Fast Food,4.1,600
1811,43,2024-07-14 22:55:00,3,1383,0.0,30,1413.0,UPI,46,Delivered,4.5,Grill Masters 43,Chennai,Continental,2.9,250
4978,35,2024-07-14 23:37:00,1,157,31.4,40,165.6,Credit Card,33,Delivered,4.3,Momo Magic 35,Hyderabad,Fast Food,4.8,150
4872,50,2024-07-15 08:07:00,4,2017,302.55,0,1714.45,UPI,23,Delivered,3.3,Urban Tadka 50,Delhi,Bakery,3.2,500
3245,10,2024-07-15 09:05:00,2,1007,100.7,0,906.3,UPI,27,Delivered,3.1,Chaat Street 10,Mumbai,Italian,4.3,350
1616,13,2024-07-15 09:38:00,3,934,93.4,40,880.6,Cash on Delivery,59,Delivered,2.7,Spice Junction 13,Kolkata,Biryani,4.5,800
5901,40,2024-07-15 10:09:00,1,242,48.4,30,223.6,Wallet,42,Delivered,3.7,Dosa Corner 40,Mumbai,Fast Food,3.7,250
4392,8,2024-07-15 13:44:00,3,1096,0.0,40,1136.0,Debit Card,64,Cancelled,4.8,Urban Tadka 8,Hyderabad,Desserts,4.6,350
1776,45,2024-07-15 15:28:00,2,231,0.0,30,261.0,Debit Card,30,Delivered,4.5,Royal Feast 45,Ahmedabad,Fast Food,3.3,250
5171,38,2024-07-15 15:36:00,3,791,158.2,30,662.8,Wallet,30,Delivered,4.4,Burger Barn 38,Kolkata,Biryani,3.0,600
3301,33,2024-07-15 19:53:00,4,606,121.2,30,514.8,Cash on Delivery,17,Cancelled,3.2,Pizza Point 33,Chennai,Bakery,2.9,600
2019,2,2024-07-15 21:11:00,3,937,0.0,0,937.0,Wallet,18,Cancelled,3.7,Spice Junction 2,Lucknow,Continental,4.8,200
2539,23,2024-07-15 21:38:00,1,243,0.0,49,292.0,Debit Card,57,Delivered,4.7,Noodle Bar 23,Lucknow,Desserts,3.4,150
4240,1,2024-07-15 22:50:00,1,147,0.0,30,177.0,UPI,18,Cancelled,2.9,Wok This Way 1,Pune,Italian,3.6,200
3408,20,2024-07-15 23:07:00,3,319,47.85,40,311.15,UPI,48,Delivered,3.3,Urban Tadka 20,Hyderabad,Street Food,3.4,600
2026,31,2024-07-15 23:26:00,2,303,30.3,20,292.7,Cash on Delivery,53,Delivered,4.5,Momo Magic 31,Jaipur,Continental,4.1,500
1940,35,2024-07-16 08:18:00,4,1211,181.65,40,1069.35,Credit Card,45,Delivered,4.6,Momo Magic 35,Hyderabad,Fast Food,4.8,150
2112,11,2024-07-16 11:15:00,1,396,59.4,20,356.6,Wallet,15,Delivered,3.1,Noodle Bar 11,Hyderabad,Chinese,2.8,600
5210,18,2024-07-16 14:31:00,3,946,141.9,49,853.1,Credit Card,37,Delivered,4.9,Sizzle & Steam 18,Chennai,Chinese,3.9,600
4367,26,2024-07-16 17:13:00,2,705,0.0,0,705.0,Cash on Delivery,41,Delivered,2.7,Chaat Street 26,Hyderabad,Continental,4.4,250
4573,28,2024-07-16 17:38:00,2,365,54.75,30,340.25,Debit Card,30,Delivered,3.2,Spice Junction 28,Ahmedabad,Continental,3.9,350
1598,36,2024-07-16 18:11:00,2,630,0.0,40,670.0,Cash on Delivery,54,Cancelled,3.4,Wok This Way 36,Bangalore,Desserts,4.5,500
3599,11,2024-07-16 19:00:00,3,306,30.6,20,295.4,Cash on Delivery,54,Delivered,3.9,Noodle Bar 11,Hyderabad,Chinese,2.8,600
4911,6,2024-07-16 19:20:00,1,173,17.3,20,175.7,UPI,28,Delivered,2.9,Pizza Point 6,Mumbai,Desserts,3.1,800
1698,37,2024-07-16 22:48:00,1,179,17.9,0,161.1,Credit Card,58,Delivered,3.3,Curry Leaf 37,Chennai,Chinese,3.4,500
5755,18,2024-07-16 23:22:00,2,616,0.0,49,665.0,Credit Card,45,Delivered,4.0,Sizzle & Steam 18,Chennai,Chinese,3.9,600
3075,29,2024-07-17 08:35:00,1,351,0.0,40,391.0,UPI,32,Delivered,4.5,Sweet Tooth 29,Kolkata,North Indian,4.0,500
2392,37,2024-07-17 09:37:00,2,935,0.0,40,975.0,Wallet,39,Delivered,3.3,Curry Leaf 37,Chennai,Chinese,3.4,500
1624,2,2024-07-17 11:16:00,3,1507,0.0,40,1547.0,Cash on Delivery,30,Delivered,4.5,Spice Junction 2,Lucknow,Continental,4.8,200
3059,43,2024-07-17 16:42:00,2,306,61.2,40,284.8,Debit Card,37,Delivered,2.9,Grill Masters 43,Chennai,Continental,2.9,250
3490,14,2024-07-17 19:08:00,1,242,0.0,20,262.0,UPI,60,Delivered,3.7,Curry Leaf 14,Pune,South Indian,3.2,150
1578,49,2024-07-17 19:16:00,4,1245,0.0,30,1275.0,Credit Card,59,Delivered,2.6,Curry Leaf 49,Pune,Chinese,3.9,350
2235,18,2024-07-17 19:59:00,1,526,78.9,20,467.1,Wallet,51,Delivered,2.6,Sizzle & Steam 18,Chennai,Chinese,3.9,600
3929,42,2024-07-17 20:18:00,1,435,87.0,0,348.0,Credit Card,53,Cancelled,2.5,Sizzle & Steam 42,Lucknow,Chinese,3.8,400
2009,27,2024-07-17 20:37:00,1,511,51.1,20,479.9,Credit Card,50,Delivered,4.8,Grill Masters 27,Delhi,Fast Food,3.2,150
4600,12,2024-07-17 21:20:00,1,421,84.2,20,356.8,UPI,25,Delivered,4.8,Tandoori Nights 12,Mumbai,Continental,4.8,800
5885,14,2024-07-17 23:02:00,4,438,0.0,49,487.0,Cash on Delivery,40,Delivered,3.0,Curry Leaf 14,Pune,South Indian,3.2,150
3102,33,2024-07-17 23:30:00,3,771,115.65,20,675.35,UPI,36,Delivered,4.0,Pizza Point 33,Chennai,Bakery,2.9,600
2753,49,2024-07-18 08:51:00,1,349,0.0,49,398.0,UPI,29,Delivered,2.8,Curry Leaf 49,Pune,Chinese,3.9,350
3423,12,2024-07-18 10:50:00,3,747,0.0,0,747.0,Cash on Delivery,56,Delivered,3.7,Tandoori Nights 12,Mumbai,Continental,4.8,800
4142,8,2024-07-18 11:20:00,3,1350,202.5,0,1147.5,Debit Card,62,Delivered,2.7,Urban Tadka 8,Hyderabad,Desserts,4.6,350
3417,18,2024-07-18 11:40:00,3,311,0.0,30,341.0,Wallet,54,Delivered,4.2,Sizzle & Steam 18,Chennai,Chinese,3.9,600
4705,5,2024-07-18 13:22:00,3,611,0.0,20,631.0,Cash on Delivery,15,Delivered,4.2,Cafe Bliss 5,Hyderabad,Street Food,3.1,500
4443,39,2024-07-18 14:29:00,1,468,0.0,49,517.0,Wallet,43,Delivered,4.8,Wok This Way 39,Pune,North Indian,4.2,350
5955,29,2024-07-18 16:25:00,4,1428,0.0,30,1458.0,Credit Card,28,Delivered,3.0,Sweet Tooth 29,Kolkata,North Indian,4.0,500
2920,12,2024-07-18 17:59:00,2,337,33.7,0,303.3,Debit Card,58,Delivered,3.2,Tandoori Nights 12,Mumbai,Continental,4.8,800
1931,1,2024-07-18 18:23:00,3,422,84.4,40,377.6,Cash on Delivery,40,Cancelled,4.6,Wok This Way 1,Pune,Italian,3.6,200
1916,43,2024-07-18 18:24:00,2,519,103.8,49,464.2,Debit Card,33,Delivered,3.7,Grill Masters 43,Chennai,Continental,2.9,250
4830,40,2024-07-18 20:38:00,2,1001,0.0,0,1001.0,Debit Card,17,Delivered,2.5,Dosa Corner 40,Mumbai,Fast Food,3.7,250
1160,38,2024-07-18 21:34:00,4,736,147.2,49,637.8,Credit Card,37,Delivered,2.9,Burger Barn 38,Kolkata,Biryani,3.0,600
3729,30,2024-07-18 23:48:00,2,360,0.0,0,360.0,Cash on Delivery,38,Cancelled,4.8,Noodle Bar 30,Pune,South Indian,2.9,800
5949,16,2024-07-18 23:59:00,2,275,55.0,30,250.0,Credit Card,25,Delivered,4.1,Cafe Bliss 16,Chennai,South Indian,3.2,500
3404,23,2024-07-19 08:32:00,4,1408,0.0,40,1448.0,UPI,47,Cancelled,4.2,Noodle Bar 23,Lucknow,Desserts,3.4,150
4417,20,2024-07-19 13:04:00,3,484,0.0,30,514.0,Debit Card,42,Delivered,3.3,Urban Tadka 20,Hyderabad,Street Food,3.4,600
3548,16,2024-07-19 13:18:00,3,547,54.7,30,522.3,Credit Card,31,Delivered,2.7,Cafe Bliss 16,Chennai,South Indian,3.2,500
2627,7,2024-07-19 17:40:00,4,401,60.15,40,380.85,Credit Card,57,Delivered,2.7,Wok This Way 7,Bangalore,Street Food,2.9,600
2110,25,2024-07-19 17:41:00,4,1045,0.0,40,1085.0,Wallet,55,Delivered,4.7,Royal Feast 25,Jaipur,Biryani,3.8,250
4974,47,2024-07-19 19:08:00,3,401,0.0,30,431.0,Wallet,27,Delivered,2.7,Wok This Way 47,Ahmedabad,Street Food,3.5,250
4621,50,2024-07-19 20:04:00,4,1614,322.8,30,1321.2,Wallet,28,Delivered,3.9,Urban Tadka 50,Delhi,Bakery,3.2,500
5645,26,2024-07-19 22:27:00,2,238,0.0,30,268.0,Wallet,16,Delivered,3.0,Chaat Street 26,Hyderabad,Continental,4.4,250
1167,25,2024-07-20 08:05:00,2,221,33.15,40,227.85,Wallet,26,Delivered,4.8,Royal Feast 25,Jaipur,Biryani,3.8,250
4052,22,2024-07-20 09:42:00,3,1225,0.0,49,1274.0,Cash on Delivery,28,Delivered,3.0,Urban Tadka 22,Mumbai,Desserts,3.1,250
5873,43,2024-07-20 10:22:00,3,632,94.8,30,567.2,UPI,19,Delivered,4.7,Grill Masters 43,Chennai,Continental,2.9,250
4182,29,2024-07-20 10:50:00,4,1633,0.0,0,1633.0,UPI,29,Delivered,3.2,Sweet Tooth 29,Kolkata,North Indian,4.0,500
5375,49,2024-07-20 10:58:00,2,306,61.2,40,284.8,Wallet,23,Delivered,3.3,Curry Leaf 49,Pune,Chinese,3.9,350
5244,29,2024-07-20 11:14:00,1,117,17.55,49,148.45,UPI,16,Delivered,3.2,Sweet Tooth 29,Kolkata,North Indian,4.0,500
3023,44,2024-07-20 12:08:00,1,504,0.0,30,534.0,Credit Card,43,Delivered,2.9,Tandoori Nights 44,Hyderabad,South Indian,4.7,150
5327,26,2024-07-20 12:25:00,4,411,0.0,40,451.0,Wallet,42,Delivered,3.2,Chaat Street 26,Hyderabad,Continental,4.4,250
4866,10,2024-07-20 14:04:00,1,289,28.9,20,280.1,Debit Card,37,Delivered,2.8,Chaat Street 10,Mumbai,Italian,4.3,350
3595,36,2024-07-20 14:31:00,3,472,0.0,20,492.0,Cash on Delivery,15,Delivered,4.8,Wok This Way 36,Bangalore,Desserts,4.5,500
1710,30,2024-07-20 17:37:00,4,610,61.0,30,579.0,Cash on Delivery,20,Cancelled,4.4,Noodle Bar 30,Pune,South Indian,2.9,800
5686,21,2024-07-20 19:48:00,2,382,0.0,30,412.0,Cash on Delivery,55,Delivered,4.7,Biryani House 21,Pune,South Indian,4.1,600
3851,21,2024-07-20 20:53:00,3,310,0.0,49,359.0,Cash on Delivery,58,Delivered,2.9,Biryani House 21,Pune,South Indian,4.1,600
1367,10,2024-07-21 08:16:00,1,472,94.4,0,377.6,Wallet,57,Delivered,3.2,Chaat Street 10,Mumbai,Italian,4.3,350
4603,31,2024-07-21 08:34:00,4,644,96.6,0,547.4,UPI,52,Delivered,4.8,Momo Magic 31,Jaipur,Continental,4.1,500
2196,1,2024-07-21 09:43:00,3,616,61.6,40,594.4,UPI,47,Delivered,4.8,Wok This Way 1,Pune,Italian,3.6,200
3967,22,2024-07-21 11:00:00,1,540,0.0,20,560.0,UPI,63,Delivered,2.7,Urban Tadka 22,Mumbai,Desserts,3.1,250
1058,24,2024-07-21 12:42:00,1,511,0.0,49,560.0,Debit Card,19,Delivered,2.5,Cafe Bliss 24,Delhi,Street Food,3.6,600
5967,18,2024-07-21 14:13:00,2,943,0.0,30,973.0,Cash on Delivery,33,Delivered,3.6,Sizzle & Steam 18,Chennai,Chinese,3.9,600
2080,49,2024-07-21 17:46:00,3,1361,136.1,49,1273.9,Debit Card,34,Delivered,4.4,Curry Leaf 49,Pune,Chinese,3.9,350
2340,33,2024-07-21 18:44:00,1,404,0.0,40,444.0,Debit Card,45,Cancelled,3.2,Pizza Point 33,Chennai,Bakery,2.9,600
3881,12,2024-07-21 19:08:00,2,724,108.6,0,615.4,Debit Card,41,Delivered,3.2,Tandoori Nights 12,Mumbai,Continental,4.8,800
1740,23,2024-07-21 19:49:00,1,376,75.2,0,300.8,Credit Card,57,Delivered,4.7,Noodle Bar 23,Lucknow,Desserts,3.4,150
2769,27,2024-07-21 20:37:00,2,606,90.9,40,555.1,Debit Card,58,Cancelled,2.7,Grill Masters 27,Delhi,Fast Food,3.2,150
4946,21,2024-07-21 21:43:00,3,1353,270.6,30,1112.4,Credit Card,64,Cancelled,2.8,Biryani House 21,Pune,South Indian,4.1,600
2212,14,2024-07-21 23:01:00,4,1225,245.0,30,1010.0,Wallet,49,Delivered,3.5,Curry Leaf 14,Pune,South Indian,3.2,150
1470,12,2024-07-22 09:27:00,3,910,182.0,30,758.0,Credit Card,37,Delivered,4.0,Tandoori Nights 12,Mumbai,Continental,4.8,800
2864,39,2024-07-22 10:06:00,4,1435,143.5,49,1340.5,Credit Card,64,Delivered,4.3,Wok This Way 39,Pune,North Indian,4.2,350
1897,5,2024-07-22 10:23:00,2,1017,152.55,30,894.45,Cash on Delivery,24,Delivered,4.3,Cafe Bliss 5,Hyderabad,Street Food,3.1,500
2360,43,2024-07-22 11:43:00,3,388,0.0,49,437.0,Credit Card,22,Cancelled,2.8,Grill Masters 43,Chennai,Continental,2.9,250
5638,41,2024-07-22 12:49:00,2,309,0.0,20,329.0,Cash on Delivery,52,Delivered,4.9,Dosa Corner 41,Hyderabad,Continental,3.1,600
2743,20,2024-07-22 14:26:00,3,564,84.6,30,509.4,UPI,16,Delivered,3.7,Urban Tadka 20,Hyderabad,Street Food,3.4,600
4341,20,2024-07-22 15:14:00,2,281,28.1,49,301.9,Credit Card,56,Cancelled,4.4,Urban Tadka 20,Hyderabad,Street Food,3.4,600
1389,12,2024-07-22 16:12:00,4,725,72.5,20,672.5,Debit Card,25,Delivered,2.6,Tandoori Nights 12,Mumbai,Continental,4.8,800
2541,9,2024-07-22 18:18:00,1,191,0.0,20,211.0,Cash on Delivery,30,Cancelled,3.9,Curry Leaf 9,Pune,Bakery,4.1,200
4487,33,2024-07-22 20:10:00,2,730,0.0,49,779.0,Cash on Delivery,15,Delivered,4.2,Pizza Point 33,Chennai,Bakery,2.9,600
5230,8,2024-07-22 21:32:00,3,794,119.1,49,723.9,Credit Card,36,Cancelled,4.6,Urban Tadka 8,Hyderabad,Desserts,4.6,350
5666,36,2024-07-22 23:02:00,1,398,0.0,49,447.0,Wallet,41,Cancelled,4.6,Wok This Way 36,Bangalore,Desserts,4.5,500
1760,18,2024-07-22 23:11:00,1,498,0.0,0,498.0,Cash on Delivery,50,Delivered,4.1,Sizzle & Steam 18,Chennai,Chinese,3.9,600
2301,42,2024-07-22 23:31:00,2,1046,104.6,40,981.4,Credit Card,33,Delivered,4.1,Sizzle & Steam 42,Lucknow,Chinese,3.8,400
1641,27,2024-07-22 23:33:00,3,425,0.0,0,425.0,Credit Card,29,Delivered,3.2,Grill Masters 27,Delhi,Fast Food,3.2,150
4827,38,2024-07-22 23:43:00,3,1084,216.8,49,916.2,UPI,18,Delivered,4.3,Burger Barn 38,Kolkata,Biryani,3.0,600
5307,20,2024-07-23 11:57:00,4,420,42.0,49,427.0,Credit Card,22,Delivered,4.0,Urban Tadka 20,Hyderabad,Street Food,3.4,600
5938,29,2024-07-23 13:43:00,2,539,107.8,0,431.2,UPI,17,Delivered,3.3,Sweet Tooth 29,Kolkata,North Indian,4.0,500
4273,35,2024-07-23 13:52:00,1,355,35.5,20,339.5,UPI,58,Delivered,4.6,Momo Magic 35,Hyderabad,Fast Food,4.8,150
5218,44,2024-07-23 14:04:00,4,561,0.0,30,591.0,UPI,46,Delivered,3.0,Tandoori Nights 44,Hyderabad,South Indian,4.7,150
5138,47,2024-07-23 14:16:00,2,219,21.9,49,246.1,UPI,53,Delivered,3.6,Wok This Way 47,Ahmedabad,Street Food,3.5,250
1134,16,2024-07-23 15:09:00,4,1831,0.0,30,1861.0,Cash on Delivery,34,Delivered,3.8,Cafe Bliss 16,Chennai,South Indian,3.2,500
4383,3,2024-07-23 15:33:00,3,792,0.0,49,841.0,Debit Card,55,Delivered,3.1,Grill Masters 3,Chennai,Continental,4.3,300
3026,15,2024-07-23 16:05:00,2,813,0.0,0,813.0,Debit Card,47,Cancelled,3.0,Biryani House 15,Ahmedabad,North Indian,3.2,800
3926,17,2024-07-23 16:11:00,3,908,90.8,30,847.2,UPI,55,Delivered,4.8,Spicy Junction 17,Delhi,Chinese,3.4,800
5646,25,2024-07-23 16:58:00,3,1072,214.4,49,906.6,Credit Card,43,Delivered,3.0,Royal Feast 25,Jaipur,Biryani,3.8,250
2768,15,2024-07-23 19:42:00,1,275,41.25,0,233.75,Cash on Delivery,19,Delivered,3.2,Biryani House 15,Ahmedabad,North Indian,3.2,800
4766,3,2024-07-23 20:08:00,3,1059,158.85,49,949.15,Credit Card,55,Delivered,2.7,Grill Masters 3,Chennai,Continental,4.3,300
4556,32,2024-07-23 20:39:00,1,199,39.8,40,199.2,Credit Card,33,Delivered,3.7,Grill Masters 32,Hyderabad,Fast Food,3.2,800
3027,6,2024-07-23 21:49:00,3,1216,121.6,20,1114.4,UPI,45,Delivered,4.2,Pizza Point 6,Mumbai,Desserts,3.1,800
1597,28,2024-07-23 22:57:00,1,185,0.0,0,185.0,Credit Card,26,Delivered,4.2,Spice Junction 28,Ahmedabad,Continental,3.9,350
5842,12,2024-07-23 23:53:00,2,283,0.0,49,332.0,Wallet,42,Delivered,3.9,Tandoori Nights 12,Mumbai,Continental,4.8,800
5849,29,2024-07-24 08:10:00,3,1078,215.6,0,862.4,Cash on Delivery,53,Delivered,3.5,Sweet Tooth 29,Kolkata,North Indian,4.0,500
5928,7,2024-07-24 08:11:00,2,267,0.0,40,307.0,Cash on Delivery,54,Delivered,3.2,Wok This Way 7,Bangalore,Street Food,2.9,600
1040,28,2024-07-24 09:10:00,4,718,0.0,30,748.0,Debit Card,30,Delivered,4.1,Spice Junction 28,Ahmedabad,Continental,3.9,350
1695,47,2024-07-24 09:36:00,2,285,0.0,49,334.0,Wallet,35,Delivered,4.3,Wok This Way 47,Ahmedabad,Street Food,3.5,250
1773,49,2024-07-24 11:11:00,4,552,82.8,20,489.2,Debit Card,15,Delivered,4.2,Curry Leaf 49,Pune,Chinese,3.9,350
3841,20,2024-07-24 14:40:00,1,201,0.0,20,221.0,Cash on Delivery,44,Delivered,4.6,Urban Tadka 20,Hyderabad,Street Food,3.4,600
5568,23,2024-07-24 15:45:00,2,909,181.8,49,776.2,Debit Card,56,Delivered,3.2,Noodle Bar 23,Lucknow,Desserts,3.4,150
2824,15,2024-07-24 16:28:00,4,1645,0.0,40,1685.0,UPI,46,Delivered,5.0,Biryani House 15,Ahmedabad,North Indian,3.2,800
2759,44,2024-07-24 17:45:00,2,840,84.0,49,805.0,Cash on Delivery,23,Delivered,3.0,Tandoori Nights 44,Hyderabad,South Indian,4.7,150
4056,34,2024-07-24 17:46:00,3,390,58.5,49,380.5,Cash on Delivery,54,Delivered,3.5,Biryani House 34,Bangalore,South Indian,4.8,200
2476,49,2024-07-24 20:29:00,3,571,0.0,40,611.0,Debit Card,51,Delivered,2.5,Curry Leaf 49,Pune,Chinese,3.9,350
1973,45,2024-07-24 21:34:00,3,909,136.35,30,802.65,Wallet,36,Delivered,2.8,Royal Feast 45,Ahmedabad,Fast Food,3.3,250
3856,45,2024-07-24 21:38:00,2,1047,0.0,0,1047.0,Debit Card,35,Delivered,2.8,Royal Feast 45,Ahmedabad,Fast Food,3.3,250
2436,24,2024-07-25 08:14:00,4,2005,0.0,30,2035.0,Debit Card,50,Cancelled,4.9,Cafe Bliss 24,Delhi,Street Food,3.6,600
2776,24,2024-07-25 08:16:00,3,782,156.4,20,645.6,UPI,18,Delivered,4.0,Cafe Bliss 24,Delhi,Street Food,3.6,600
1281,28,2024-07-25 08:42:00,2,259,38.85,30,250.15,Debit Card,58,Delivered,3.9,Spice Junction 28,Ahmedabad,Continental,3.9,350
5175,10,2024-07-25 09:57:00,2,306,61.2,30,274.8,Wallet,40,Delivered,4.6,Chaat Street 10,Mumbai,Italian,4.3,350
4640,17,2024-07-25 15:02:00,2,321,0.0,0,321.0,Credit Card,56,Delivered,2.9,Spicy Junction 17,Delhi,Chinese,3.4,800
1117,41,2024-07-25 17:35:00,4,1800,0.0,20,1820.0,Credit Card,32,Delivered,3.0,Dosa Corner 41,Hyderabad,Continental,3.1,600
1030,42,2024-07-25 18:51:00,4,1812,0.0,40,1852.0,Wallet,34,Delivered,4.0,Sizzle & Steam 42,Lucknow,Chinese,3.8,400
1694,48,2024-07-25 19:02:00,4,1411,0.0,30,1441.0,Debit Card,26,Delivered,3.9,Burger Barn 48,Delhi,Italian,3.9,150
2508,4,2024-07-25 21:02:00,3,402,60.3,30,371.7,Cash on Delivery,21,Delivered,3.1,Cafe Bliss 4,Lucknow,Fast Food,4.1,600
4059,39,2024-07-25 22:41:00,2,917,91.7,40,865.3,Wallet,53,Delivered,3.7,Wok This Way 39,Pune,North Indian,4.2,350
5976,40,2024-07-25 23:48:00,3,339,67.8,0,271.2,UPI,39,Cancelled,2.6,Dosa Corner 40,Mumbai,Fast Food,3.7,250
5031,38,2024-07-26 10:19:00,3,1392,278.4,49,1162.6,UPI,27,Delivered,4.6,Burger Barn 38,Kolkata,Biryani,3.0,600
3279,27,2024-07-26 10:38:00,3,302,60.4,49,290.6,Cash on Delivery,50,Delivered,3.5,Grill Masters 27,Delhi,Fast Food,3.2,150
1902,20,2024-07-26 20:24:00,1,146,21.9,49,173.1,Cash on Delivery,59,Delivered,4.6,Urban Tadka 20,Hyderabad,Street Food,3.4,600
4502,2,2024-07-26 21:25:00,2,1026,0.0,40,1066.0,Wallet,61,Delivered,3.6,Spice Junction 2,Lucknow,Continental,4.8,200
1898,6,2024-07-26 22:36:00,1,272,40.8,30,261.2,Cash on Delivery,39,Delivered,4.3,Pizza Point 6,Mumbai,Desserts,3.1,800
5348,48,2024-07-26 23:11:00,1,226,0.0,30,256.0,Credit Card,53,Delivered,3.8,Burger Barn 48,Delhi,Italian,3.9,150
5403,23,2024-07-27 10:21:00,3,396,0.0,30,426.0,Credit Card,61,Delivered,3.6,Noodle Bar 23,Lucknow,Desserts,3.4,150
4976,18,2024-07-27 11:32:00,2,915,183.0,40,772.0,UPI,25,Delivered,3.7,Sizzle & Steam 18,Chennai,Chinese,3.9,600
5554,22,2024-07-27 12:38:00,2,1025,0.0,49,1074.0,UPI,54,Delivered,4.0,Urban Tadka 22,Mumbai,Desserts,3.1,250
4139,33,2024-07-27 13:03:00,2,743,0.0,30,773.0,UPI,46,Delivered,2.8,Pizza Point 33,Chennai,Bakery,2.9,600
5940,32,2024-07-27 14:01:00,2,361,54.15,40,346.85,Debit Card,40,Delivered,5.0,Grill Masters 32,Hyderabad,Fast Food,3.2,800
3514,13,2024-07-27 14:08:00,4,631,0.0,40,671.0,Cash on Delivery,41,Delivered,4.8,Spice Junction 13,Kolkata,Biryani,4.5,800
1384,28,2024-07-27 16:02:00,1,109,10.9,40,138.1,Cash on Delivery,28,Delivered,2.9,Spice Junction 28,Ahmedabad,Continental,3.9,350
4209,21,2024-07-27 16:07:00,1,258,0.0,40,298.0,Cash on Delivery,55,Delivered,3.8,Biryani House 21,Pune,South Indian,4.1,600
1154,33,2024-07-27 18:34:00,4,416,41.6,30,404.4,Wallet,51,Delivered,4.1,Pizza Point 33,Chennai,Bakery,2.9,600
4718,32,2024-07-27 18:54:00,3,1078,0.0,0,1078.0,Credit Card,19,Cancelled,2.5,Grill Masters 32,Hyderabad,Fast Food,3.2,800
5530,16,2024-07-27 19:30:00,1,369,0.0,30,399.0,Wallet,36,Delivered,3.8,Cafe Bliss 16,Chennai,South Indian,3.2,500
3800,5,2024-07-27 19:42:00,3,759,0.0,30,789.0,Debit Card,24,Delivered,3.8,Cafe Bliss 5,Hyderabad,Street Food,3.1,500
2350,34,2024-07-27 23:48:00,2,533,106.6,20,446.4,Credit Card,60,Delivered,4.6,Biryani House 34,Bangalore,South Indian,4.8,200
2370,44,2024-07-28 08:55:00,3,391,78.2,40,352.8,UPI,60,Delivered,3.2,Tandoori Nights 44,Hyderabad,South Indian,4.7,150
4098,6,2024-07-28 11:07:00,3,1500,0.0,49,1549.0,UPI,35,Delivered,2.5,Pizza Point 6,Mumbai,Desserts,3.1,800
1376,5,2024-07-28 11:08:00,4,1845,0.0,49,1894.0,Debit Card,63,Delivered,3.0,Cafe Bliss 5,Hyderabad,Street Food,3.1,500
2524,20,2024-07-28 11:16:00,2,715,143.0,20,592.0,Credit Card,52,Delivered,3.8,Urban Tadka 20,Hyderabad,Street Food,3.4,600
1809,23,2024-07-28 13:49:00,4,419,0.0,49,468.0,Debit Card,58,Delivered,3.6,Noodle Bar 23,Lucknow,Desserts,3.4,150
5650,48,2024-07-28 15:36:00,1,160,16.0,49,193.0,Credit Card,48,Delivered,4.1,Burger Barn 48,Delhi,Italian,3.9,150
3811,10,2024-07-28 16:55:00,1,246,0.0,0,246.0,Cash on Delivery,23,Delivered,2.9,Chaat Street 10,Mumbai,Italian,4.3,350
1512,9,2024-07-28 18:43:00,1,273,40.95,49,281.05,Wallet,15,Delivered,3.0,Curry Leaf 9,Pune,Bakery,4.1,200
5548,5,2024-07-28 19:05:00,2,899,0.0,20,919.0,Credit Card,38,Cancelled,4.4,Cafe Bliss 5,Hyderabad,Street Food,3.1,500
5970,32,2024-07-28 19:48:00,1,210,0.0,0,210.0,Wallet,47,Delivered,4.1,Grill Masters 32,Hyderabad,Fast Food,3.2,800
4323,41,2024-07-28 19:51:00,4,622,124.4,49,546.6,Wallet,52,Delivered,4.6,Dosa Corner 41,Hyderabad,Continental,3.1,600
5557,30,2024-07-28 21:32:00,2,845,84.5,0,760.5,Debit Card,15,Delivered,4.0,Noodle Bar 30,Pune,South Indian,2.9,800
3151,7,2024-07-28 22:05:00,3,475,95.0,30,410.0,Cash on Delivery,60,Cancelled,4.4,Wok This Way 7,Bangalore,Street Food,2.9,600
4540,25,2024-07-28 22:40:00,4,1635,0.0,49,1684.0,UPI,34,Delivered,3.2,Royal Feast 25,Jaipur,Biryani,3.8,250
5573,24,2024-07-28 22:47:00,2,211,42.2,0,168.8,Debit Card,43,Delivered,2.9,Cafe Bliss 24,Delhi,Street Food,3.6,600
4046,34,2024-07-28 22:54:00,3,917,183.4,20,753.6,Cash on Delivery,40,Delivered,4.3,Biryani House 34,Bangalore,South Indian,4.8,200
1968,19,2024-07-28 23:08:00,4,1612,0.0,40,1652.0,Debit Card,19,Delivered,4.3,Spice Junction 19,Chennai,Desserts,3.7,150
2703,11,2024-07-29 08:15:00,1,192,0.0,0,192.0,Wallet,20,Delivered,2.9,Noodle Bar 11,Hyderabad,Chinese,2.8,600
2052,40,2024-07-29 09:17:00,2,385,77.0,20,328.0,Wallet,37,Delivered,4.4,Dosa Corner 40,Mumbai,Fast Food,3.7,250
1308,35,2024-07-29 09:20:00,2,278,27.8,0,250.2,Credit Card,37,Cancelled,3.5,Momo Magic 35,Hyderabad,Fast Food,4.8,150
4082,28,2024-07-29 10:05:00,3,1091,218.2,49,921.8,Debit Card,34,Delivered,3.1,Spice Junction 28,Ahmedabad,Continental,3.9,350
3372,23,2024-07-29 11:33:00,2,512,51.2,0,460.8,Debit Card,56,Delivered,2.6,Noodle Bar 23,Lucknow,Desserts,3.4,150
5984,13,2024-07-29 14:40:00,1,385,77.0,0,308.0,Debit Card,41,Delivered,3.7,Spice Junction 13,Kolkata,Biryani,4.5,800
5640,2,2024-07-29 15:01:00,4,1418,0.0,0,1418.0,Credit Card,42,Cancelled,4.9,Spice Junction 2,Lucknow,Continental,4.8,200
5273,36,2024-07-29 15:42:00,4,823,0.0,40,863.0,UPI,32,Delivered,3.1,Wok This Way 36,Bangalore,Desserts,4.5,500
2335,34,2024-07-29 16:24:00,2,241,48.2,0,192.8,Cash on Delivery,30,Cancelled,4.5,Biryani House 34,Bangalore,South Indian,4.8,200
4941,25,2024-07-29 18:28:00,1,309,61.8,30,277.2,UPI,42,Cancelled,4.1,Royal Feast 25,Jaipur,Biryani,3.8,250
5060,28,2024-07-29 19:22:00,2,432,43.2,30,418.8,Cash on Delivery,20,Delivered,3.3,Spice Junction 28,Ahmedabad,Continental,3.9,350
4372,38,2024-07-29 20:10:00,2,698,0.0,20,718.0,Credit Card,35,Delivered,3.2,Burger Barn 38,Kolkata,Biryani,3.0,600
2890,12,2024-07-29 21:25:00,2,939,187.8,0,751.2,Cash on Delivery,18,Delivered,2.9,Tandoori Nights 12,Mumbai,Continental,4.8,800
1642,49,2024-07-29 21:52:00,1,446,66.9,20,399.1,UPI,16,Delivered,2.5,Curry Leaf 49,Pune,Chinese,3.9,350
2488,1,2024-07-29 22:02:00,4,2045,409.0,30,1666.0,Cash on Delivery,37,Cancelled,3.6,Wok This Way 1,Pune,Italian,3.6,200
1028,28,2024-07-29 22:55:00,4,1841,0.0,30,1871.0,Debit Card,41,Delivered,4.0,Spice Junction 28,Ahmedabad,Continental,3.9,350
1276,16,2024-07-29 23:18:00,1,424,63.6,0,360.4,Debit Card,35,Delivered,3.3,Cafe Bliss 16,Chennai,South Indian,3.2,500
3501,34,2024-07-29 23:55:00,4,1004,0.0,40,1044.0,Credit Card,46,Delivered,2.6,Biryani House 34,Bangalore,South Indian,4.8,200
1093,38,2024-07-30 08:11:00,2,275,0.0,49,324.0,Debit Card,42,Cancelled,4.5,Burger Barn 38,Kolkata,Biryani,3.0,600
1870,24,2024-07-30 09:36:00,3,751,75.1,49,724.9,Cash on Delivery,16,Delivered,4.7,Cafe Bliss 24,Delhi,Street Food,3.6,600
5449,40,2024-07-30 09:51:00,4,413,0.0,0,413.0,Wallet,60,Delivered,2.8,Dosa Corner 40,Mumbai,Fast Food,3.7,250
3199,50,2024-07-30 09:53:00,1,333,0.0,30,363.0,Debit Card,19,Delivered,2.5,Urban Tadka 50,Delhi,Bakery,3.2,500
2635,32,2024-07-30 12:10:00,3,421,0.0,49,470.0,Cash on Delivery,31,Delivered,3.8,Grill Masters 32,Hyderabad,Fast Food,3.2,800
4564,40,2024-07-30 14:00:00,3,752,150.4,0,601.6,UPI,28,Delivered,3.9,Dosa Corner 40,Mumbai,Fast Food,3.7,250
3485,2,2024-07-30 14:24:00,4,1022,0.0,49,1071.0,Cash on Delivery,43,Delivered,3.8,Spice Junction 2,Lucknow,Continental,4.8,200
5663,7,2024-07-30 14:35:00,3,1382,138.2,20,1263.8,Cash on Delivery,29,Delivered,4.9,Wok This Way 7,Bangalore,Street Food,2.9,600
3785,23,2024-07-30 16:52:00,1,249,24.9,49,273.1,Wallet,56,Delivered,3.4,Noodle Bar 23,Lucknow,Desserts,3.4,150
2543,20,2024-07-30 17:53:00,2,371,37.1,0,333.9,Credit Card,29,Delivered,2.8,Urban Tadka 20,Hyderabad,Street Food,3.4,600
3127,4,2024-07-30 18:28:00,4,1235,123.5,30,1141.5,Wallet,55,Delivered,4.5,Cafe Bliss 4,Lucknow,Fast Food,4.1,600
1750,3,2024-07-30 18:45:00,2,1046,156.9,20,909.1,Credit Card,38,Delivered,3.4,Grill Masters 3,Chennai,Continental,4.3,300
3833,16,2024-07-30 18:45:00,3,1511,0.0,0,1511.0,Debit Card,51,Cancelled,4.8,Cafe Bliss 16,Chennai,South Indian,3.2,500
3348,8,2024-07-30 20:15:00,3,542,0.0,30,572.0,Cash on Delivery,18,Delivered,3.0,Urban Tadka 8,Hyderabad,Desserts,4.6,350
1941,30,2024-07-30 20:49:00,3,321,48.15,49,321.85,Debit Card,53,Delivered,2.9,Noodle Bar 30,Pune,South Indian,2.9,800
3091,26,2024-07-30 21:19:00,1,468,0.0,40,508.0,Wallet,23,Delivered,3.8,Chaat Street 26,Hyderabad,Continental,4.4,250
1848,44,2024-07-30 21:35:00,1,406,0.0,30,436.0,Cash on Delivery,48,Delivered,3.3,Tandoori Nights 44,Hyderabad,South Indian,4.7,150
2276,22,2024-07-30 23:56:00,1,115,0.0,20,135.0,Wallet,64,Delivered,3.3,Urban Tadka 22,Mumbai,Desserts,3.1,250
5083,36,2024-07-31 09:00:00,1,357,71.4,49,334.6,UPI,21,Delivered,5.0,Wok This Way 36,Bangalore,Desserts,4.5,500
2529,43,2024-07-31 09:59:00,2,222,22.2,0,199.8,Cash on Delivery,63,Delivered,4.4,Grill Masters 43,Chennai,Continental,2.9,250
1423,4,2024-07-31 11:20:00,4,731,0.0,30,761.0,UPI,30,Delivered,4.3,Cafe Bliss 4,Lucknow,Fast Food,4.1,600
4886,12,2024-07-31 12:00:00,4,427,64.05,49,411.95,Wallet,22,Delivered,4.3,Tandoori Nights 12,Mumbai,Continental,4.8,800
2331,49,2024-07-31 12:09:00,4,1225,0.0,49,1274.0,Wallet,52,Delivered,2.8,Curry Leaf 49,Pune,Chinese,3.9,350
5941,26,2024-07-31 12:17:00,4,1003,0.0,30,1033.0,UPI,61,Delivered,4.2,Chaat Street 26,Hyderabad,Continental,4.4,250
1358,26,2024-07-31 13:12:00,4,1022,102.2,0,919.8,Wallet,37,Delivered,3.0,Chaat Street 26,Hyderabad,Continental,4.4,250
3449,15,2024-07-31 13:44:00,4,2010,201.0,49,1858.0,Credit Card,30,Delivered,2.9,Biryani House 15,Ahmedabad,North Indian,3.2,800
1132,35,2024-07-31 14:45:00,2,423,0.0,0,423.0,Debit Card,57,Delivered,3.7,Momo Magic 35,Hyderabad,Fast Food,4.8,150
5082,7,2024-07-31 15:00:00,3,576,0.0,49,625.0,Wallet,25,Delivered,4.4,Wok This Way 7,Bangalore,Street Food,2.9,600
5179,30,2024-07-31 17:17:00,3,398,0.0,30,428.0,Debit Card,55,Cancelled,4.3,Noodle Bar 30,Pune,South Indian,2.9,800
4468,28,2024-07-31 17:48:00,2,420,0.0,49,469.0,Wallet,15,Delivered,3.8,Spice Junction 28,Ahmedabad,Continental,3.9,350
1299,44,2024-07-31 18:59:00,4,744,74.4,30,699.6,Cash on Delivery,26,Delivered,3.0,Tandoori Nights 44,Hyderabad,South Indian,4.7,150
3850,39,2024-07-31 19:11:00,3,1350,0.0,30,1380.0,Credit Card,60,Delivered,3.9,Wok This Way 39,Pune,North Indian,4.2,350
4041,17,2024-07-31 19:40:00,2,332,49.8,30,312.2,Debit Card,63,Delivered,3.5,Spicy Junction 17,Delhi,Chinese,3.4,800
3772,50,2024-07-31 20:16:00,2,924,138.6,40,825.4,UPI,48,Delivered,3.1,Urban Tadka 50,Delhi,Bakery,3.2,500
2058,26,2024-07-31 20:28:00,3,605,60.5,30,574.5,Debit Card,44,Delivered,3.7,Chaat Street 26,Hyderabad,Continental,4.4,250
3308,35,2024-07-31 22:57:00,4,1423,213.45,40,1249.55,Credit Card,35,Delivered,4.7,Momo Magic 35,Hyderabad,Fast Food,4.8,150
4011,21,2024-07-31 23:19:00,3,1235,247.0,30,1018.0,UPI,27,Delivered,2.8,Biryani House 21,Pune,South Indian,4.1,600
1670,1,2024-07-31 23:29:00,3,478,71.7,0,406.3,Credit Card,38,Cancelled,3.8,Wok This Way 1,Pune,Italian,3.6,200
2348,45,2024-08-01 10:12:00,4,836,0.0,30,866.0,Cash on Delivery,17,Delivered,2.6,Royal Feast 45,Ahmedabad,Fast Food,3.3,250
3302,21,2024-08-01 12:18:00,4,1226,245.2,20,1000.8,Wallet,45,Cancelled,2.5,Biryani House 21,Pune,South Indian,4.1,600
3553,39,2024-08-01 12:30:00,1,331,0.0,0,331.0,Wallet,62,Cancelled,3.3,Wok This Way 39,Pune,North Indian,4.2,350
3160,49,2024-08-01 13:10:00,4,549,0.0,49,598.0,Cash on Delivery,23,Delivered,4.2,Curry Leaf 49,Pune,Chinese,3.9,350
5313,5,2024-08-01 14:19:00,3,1221,183.15,0,1037.85,Credit Card,33,Delivered,3.4,Cafe Bliss 5,Hyderabad,Street Food,3.1,500
1240,3,2024-08-01 15:49:00,3,899,179.8,40,759.2,Cash on Delivery,17,Delivered,3.3,Grill Masters 3,Chennai,Continental,4.3,300
5283,3,2024-08-01 16:19:00,2,364,36.4,20,347.6,Debit Card,35,Cancelled,4.4,Grill Masters 3,Chennai,Continental,4.3,300
4532,1,2024-08-01 17:46:00,1,361,36.1,0,324.9,UPI,60,Delivered,2.7,Wok This Way 1,Pune,Italian,3.6,200
5360,1,2024-08-01 21:09:00,4,430,64.5,20,385.5,Credit Card,64,Delivered,3.8,Wok This Way 1,Pune,Italian,3.6,200
1842,22,2024-08-01 21:09:00,3,557,111.4,40,485.6,UPI,47,Delivered,4.7,Urban Tadka 22,Mumbai,Desserts,3.1,250
3464,30,2024-08-02 08:35:00,1,171,25.65,0,145.35,Cash on Delivery,61,Delivered,2.6,Noodle Bar 30,Pune,South Indian,2.9,800
5784,50,2024-08-02 11:03:00,4,1015,0.0,0,1015.0,Wallet,25,Cancelled,4.5,Urban Tadka 50,Delhi,Bakery,3.2,500
1724,10,2024-08-02 12:26:00,4,419,0.0,30,449.0,Cash on Delivery,64,Delivered,3.6,Chaat Street 10,Mumbai,Italian,4.3,350
5033,2,2024-08-02 14:42:00,2,400,40.0,0,360.0,Credit Card,27,Delivered,3.7,Spice Junction 2,Lucknow,Continental,4.8,200
5552,41,2024-08-02 15:36:00,3,297,59.4,49,286.6,Credit Card,48,Cancelled,3.7,Dosa Corner 41,Hyderabad,Continental,3.1,600
2823,32,2024-08-02 19:23:00,3,921,0.0,49,970.0,Wallet,42,Delivered,3.6,Grill Masters 32,Hyderabad,Fast Food,3.2,800
5119,32,2024-08-02 20:56:00,4,1213,181.95,0,1031.05,Credit Card,30,Delivered,4.7,Grill Masters 32,Hyderabad,Fast Food,3.2,800
1567,16,2024-08-02 22:04:00,4,436,65.4,40,410.6,Credit Card,34,Delivered,3.5,Cafe Bliss 16,Chennai,South Indian,3.2,500
1448,37,2024-08-02 22:21:00,4,527,52.7,0,474.3,Cash on Delivery,33,Delivered,3.5,Curry Leaf 37,Chennai,Chinese,3.4,500
4916,11,2024-08-02 23:34:00,2,299,0.0,30,329.0,Credit Card,41,Delivered,3.2,Noodle Bar 11,Hyderabad,Chinese,2.8,600
4374,29,2024-08-02 23:47:00,1,486,48.6,49,486.4,UPI,15,Delivered,4.2,Sweet Tooth 29,Kolkata,North Indian,4.0,500
5388,38,2024-08-03 10:03:00,4,1797,0.0,40,1837.0,UPI,49,Delivered,4.5,Burger Barn 38,Kolkata,Biryani,3.0,600
5323,11,2024-08-03 10:48:00,1,534,0.0,30,564.0,Debit Card,17,Delivered,2.5,Noodle Bar 11,Hyderabad,Chinese,2.8,600
2449,15,2024-08-03 11:42:00,2,815,163.0,20,672.0,Credit Card,33,Delivered,4.2,Biryani House 15,Ahmedabad,North Indian,3.2,800
5424,10,2024-08-03 16:12:00,1,292,0.0,0,292.0,UPI,25,Delivered,4.7,Chaat Street 10,Mumbai,Italian,4.3,350
1173,35,2024-08-03 16:53:00,2,703,0.0,40,743.0,Wallet,29,Delivered,2.9,Momo Magic 35,Hyderabad,Fast Food,4.8,150
1948,11,2024-08-03 17:30:00,1,184,0.0,40,224.0,Cash on Delivery,48,Delivered,4.5,Noodle Bar 11,Hyderabad,Chinese,2.8,600
5948,22,2024-08-03 18:34:00,4,1845,0.0,30,1875.0,Wallet,25,Cancelled,2.8,Urban Tadka 22,Mumbai,Desserts,3.1,250
2728,47,2024-08-03 19:55:00,3,490,0.0,0,490.0,UPI,54,Delivered,2.8,Wok This Way 47,Ahmedabad,Street Food,3.5,250
5321,4,2024-08-03 21:29:00,1,350,0.0,30,380.0,Cash on Delivery,21,Delivered,3.5,Cafe Bliss 4,Lucknow,Fast Food,4.1,600
4213,47,2024-08-03 22:20:00,3,791,0.0,30,821.0,Debit Card,31,Cancelled,3.1,Wok This Way 47,Ahmedabad,Street Food,3.5,250
1196,38,2024-08-03 23:06:00,1,198,39.6,30,188.4,Wallet,54,Delivered,4.5,Burger Barn 38,Kolkata,Biryani,3.0,600
5835,39,2024-08-03 23:21:00,1,427,0.0,0,427.0,Credit Card,59,Delivered,4.2,Wok This Way 39,Pune,North Indian,4.2,350
4764,22,2024-08-03 23:35:00,3,640,128.0,40,552.0,Credit Card,54,Delivered,3.3,Urban Tadka 22,Mumbai,Desserts,3.1,250
4248,15,2024-08-03 23:46:00,3,551,0.0,49,600.0,Debit Card,37,Delivered,3.1,Biryani House 15,Ahmedabad,North Indian,3.2,800
2553,35,2024-08-04 08:33:00,3,1228,0.0,20,1248.0,UPI,19,Delivered,3.7,Momo Magic 35,Hyderabad,Fast Food,4.8,150
3834,31,2024-08-04 11:52:00,1,320,0.0,20,340.0,UPI,43,Delivered,4.8,Momo Magic 31,Jaipur,Continental,4.1,500
1033,28,2024-08-04 13:17:00,1,166,33.2,30,162.8,UPI,45,Delivered,3.9,Spice Junction 28,Ahmedabad,Continental,3.9,350
5234,47,2024-08-04 14:18:00,3,1240,124.0,30,1146.0,Wallet,46,Cancelled,2.8,Wok This Way 47,Ahmedabad,Street Food,3.5,250
1078,23,2024-08-04 16:02:00,2,930,0.0,49,979.0,Debit Card,54,Delivered,2.5,Noodle Bar 23,Lucknow,Desserts,3.4,150
3876,46,2024-08-04 16:04:00,1,189,0.0,0,189.0,Credit Card,34,Delivered,4.9,Urban Tadka 46,Kolkata,Continental,4.2,350
5567,14,2024-08-04 19:08:00,2,304,30.4,40,313.6,Wallet,58,Cancelled,4.5,Curry Leaf 14,Pune,South Indian,3.2,150
3938,21,2024-08-04 19:39:00,2,272,27.2,40,284.8,Cash on Delivery,41,Delivered,2.7,Biryani House 21,Pune,South Indian,4.1,600
1971,4,2024-08-04 20:04:00,2,931,0.0,30,961.0,Credit Card,39,Delivered,2.5,Cafe Bliss 4,Lucknow,Fast Food,4.1,600
4159,1,2024-08-04 22:02:00,1,460,0.0,40,500.0,Credit Card,58,Delivered,4.9,Wok This Way 1,Pune,Italian,3.6,200
4089,49,2024-08-04 22:44:00,1,207,31.05,49,224.95,UPI,58,Delivered,5.0,Curry Leaf 49,Pune,Chinese,3.9,350
1043,33,2024-08-04 23:09:00,4,1026,205.2,30,850.8,Credit Card,61,Delivered,3.1,Pizza Point 33,Chennai,Bakery,2.9,600
4620,42,2024-08-04 23:22:00,1,312,62.4,49,298.6,Cash on Delivery,43,Delivered,4.3,Sizzle & Steam 42,Lucknow,Chinese,3.8,400
4734,28,2024-08-04 23:24:00,4,1808,0.0,20,1828.0,Cash on Delivery,32,Delivered,4.3,Spice Junction 28,Ahmedabad,Continental,3.9,350
3815,27,2024-08-04 23:43:00,4,1410,211.5,0,1198.5,UPI,32,Cancelled,4.3,Grill Masters 27,Delhi,Fast Food,3.2,150
3313,10,2024-08-05 08:36:00,1,299,0.0,20,319.0,Wallet,38,Delivered,3.8,Chaat Street 10,Mumbai,Italian,4.3,350
3659,17,2024-08-05 11:04:00,3,488,0.0,40,528.0,Wallet,43,Delivered,5.0,Spicy Junction 17,Delhi,Chinese,3.4,800
5635,32,2024-08-05 11:11:00,2,503,50.3,49,501.7,Cash on Delivery,60,Delivered,3.6,Grill Masters 32,Hyderabad,Fast Food,3.2,800
5765,15,2024-08-05 14:39:00,3,1093,163.95,20,949.05,Credit Card,40,Delivered,3.6,Biryani House 15,Ahmedabad,North Indian,3.2,800
4511,18,2024-08-05 15:15:00,3,554,110.8,20,463.2,Credit Card,30,Delivered,3.9,Sizzle & Steam 18,Chennai,Chinese,3.9,600
5909,1,2024-08-05 18:43:00,4,404,0.0,30,434.0,UPI,24,Delivered,4.9,Wok This Way 1,Pune,Italian,3.6,200
3605,18,2024-08-05 21:08:00,4,425,0.0,30,455.0,Wallet,50,Delivered,4.3,Sizzle & Steam 18,Chennai,Chinese,3.9,600
3311,32,2024-08-05 22:24:00,3,1065,106.5,20,978.5,Cash on Delivery,31,Cancelled,3.3,Grill Masters 32,Hyderabad,Fast Food,3.2,800
5712,33,2024-08-05 23:10:00,2,732,73.2,20,678.8,UPI,33,Delivered,3.7,Pizza Point 33,Chennai,Bakery,2.9,600
5488,40,2024-08-06 09:51:00,3,329,0.0,20,349.0,Cash on Delivery,15,Delivered,3.4,Dosa Corner 40,Mumbai,Fast Food,3.7,250
4207,26,2024-08-06 09:54:00,2,314,47.1,40,306.9,Wallet,29,Cancelled,4.6,Chaat Street 26,Hyderabad,Continental,4.4,250
3940,5,2024-08-06 10:02:00,1,179,26.85,20,172.15,Debit Card,31,Delivered,4.8,Cafe Bliss 5,Hyderabad,Street Food,3.1,500
2296,37,2024-08-06 10:18:00,3,562,0.0,40,602.0,UPI,42,Delivered,3.9,Curry Leaf 37,Chennai,Chinese,3.4,500
3167,8,2024-08-06 10:18:00,4,2013,301.95,49,1760.05,Wallet,35,Delivered,2.6,Urban Tadka 8,Hyderabad,Desserts,4.6,350
2740,47,2024-08-06 16:16:00,4,801,0.0,30,831.0,Wallet,57,Delivered,3.9,Wok This Way 47,Ahmedabad,Street Food,3.5,250
5848,9,2024-08-06 16:36:00,3,1049,209.8,0,839.2,Credit Card,64,Delivered,2.8,Curry Leaf 9,Pune,Bakery,4.1,200
4522,3,2024-08-06 16:44:00,4,536,0.0,49,585.0,Cash on Delivery,27,Cancelled,3.9,Grill Masters 3,Chennai,Continental,4.3,300
5736,10,2024-08-06 17:23:00,4,1642,164.2,30,1507.8,Wallet,54,Delivered,4.7,Chaat Street 10,Mumbai,Italian,4.3,350
1772,34,2024-08-06 18:05:00,3,427,0.0,20,447.0,Credit Card,33,Delivered,2.5,Biryani House 34,Bangalore,South Indian,4.8,200
1424,50,2024-08-06 18:42:00,3,428,64.2,49,412.8,Wallet,36,Delivered,2.8,Urban Tadka 50,Delhi,Bakery,3.2,500
4888,14,2024-08-06 20:09:00,4,797,119.55,30,707.45,Credit Card,40,Cancelled,2.8,Curry Leaf 14,Pune,South Indian,3.2,150
3246,39,2024-08-06 20:11:00,3,303,0.0,49,352.0,Cash on Delivery,48,Cancelled,4.2,Wok This Way 39,Pune,North Indian,4.2,350
5600,25,2024-08-06 22:33:00,2,431,0.0,20,451.0,Wallet,22,Delivered,2.9,Royal Feast 25,Jaipur,Biryani,3.8,250
1440,36,2024-08-07 08:38:00,4,414,41.4,30,402.6,Wallet,50,Delivered,3.9,Wok This Way 36,Bangalore,Desserts,4.5,500
4241,8,2024-08-07 11:21:00,2,636,63.6,30,602.4,Cash on Delivery,34,Delivered,3.4,Urban Tadka 8,Hyderabad,Desserts,4.6,350
4779,35,2024-08-07 14:30:00,2,524,104.8,49,468.2,Credit Card,49,Delivered,4.8,Momo Magic 35,Hyderabad,Fast Food,4.8,150
2066,25,2024-08-07 14:31:00,2,719,0.0,40,759.0,Cash on Delivery,36,Cancelled,4.0,Royal Feast 25,Jaipur,Biryani,3.8,250
3692,50,2024-08-07 14:54:00,3,1207,181.05,0,1025.95,Wallet,60,Delivered,2.6,Urban Tadka 50,Delhi,Bakery,3.2,500
3504,34,2024-08-07 15:15:00,4,1608,241.2,20,1386.8,Credit Card,63,Delivered,3.0,Biryani House 34,Bangalore,South Indian,4.8,200
4775,35,2024-08-07 15:39:00,4,799,0.0,0,799.0,Credit Card,47,Delivered,3.5,Momo Magic 35,Hyderabad,Fast Food,4.8,150
2140,20,2024-08-07 16:33:00,3,748,0.0,49,797.0,Debit Card,40,Delivered,3.6,Urban Tadka 20,Hyderabad,Street Food,3.4,600
4897,31,2024-08-07 18:38:00,3,917,0.0,20,937.0,Credit Card,64,Delivered,3.1,Momo Magic 31,Jaipur,Continental,4.1,500
5036,36,2024-08-07 18:48:00,4,1643,0.0,49,1692.0,UPI,38,Delivered,4.1,Wok This Way 36,Bangalore,Desserts,4.5,500
2103,47,2024-08-07 18:50:00,1,539,0.0,30,569.0,UPI,24,Cancelled,4.7,Wok This Way 47,Ahmedabad,Street Food,3.5,250
1473,28,2024-08-07 20:45:00,4,1812,0.0,20,1832.0,Wallet,61,Delivered,4.8,Spice Junction 28,Ahmedabad,Continental,3.9,350
4045,6,2024-08-07 21:58:00,2,712,0.0,20,732.0,Cash on Delivery,59,Delivered,4.4,Pizza Point 6,Mumbai,Desserts,3.1,800
2421,8,2024-08-07 23:24:00,1,163,16.3,49,195.7,Credit Card,40,Delivered,4.7,Urban Tadka 8,Hyderabad,Desserts,4.6,350
4571,39,2024-08-07 23:42:00,1,543,0.0,49,592.0,Credit Card,40,Delivered,2.9,Wok This Way 39,Pune,North Indian,4.2,350
3661,20,2024-08-08 09:12:00,1,379,75.8,40,343.2,Debit Card,58,Delivered,3.2,Urban Tadka 20,Hyderabad,Street Food,3.4,600
1113,19,2024-08-08 10:42:00,2,739,147.8,49,640.2,Cash on Delivery,40,Delivered,2.7,Spice Junction 19,Chennai,Desserts,3.7,150
1458,49,2024-08-08 11:18:00,4,1234,0.0,40,1274.0,Debit Card,58,Delivered,3.9,Curry Leaf 49,Pune,Chinese,3.9,350
3728,22,2024-08-08 12:19:00,3,327,32.7,30,324.3,Cash on Delivery,37,Delivered,3.9,Urban Tadka 22,Mumbai,Desserts,3.1,250
1956,22,2024-08-08 12:19:00,1,487,0.0,0,487.0,Cash on Delivery,63,Delivered,4.1,Urban Tadka 22,Mumbai,Desserts,3.1,250
4533,45,2024-08-08 13:11:00,3,473,0.0,0,473.0,Credit Card,23,Delivered,4.4,Royal Feast 45,Ahmedabad,Fast Food,3.3,250
1602,28,2024-08-08 13:34:00,2,296,59.2,20,256.8,Wallet,47,Delivered,2.9,Spice Junction 28,Ahmedabad,Continental,3.9,350
5229,42,2024-08-08 14:09:00,4,1434,286.8,30,1177.2,Cash on Delivery,57,Delivered,3.5,Sizzle & Steam 42,Lucknow,Chinese,3.8,400
3865,37,2024-08-08 14:38:00,3,767,0.0,49,816.0,Wallet,28,Delivered,4.0,Curry Leaf 37,Chennai,Chinese,3.4,500
3891,49,2024-08-08 17:57:00,2,631,126.2,0,504.8,Wallet,52,Delivered,3.3,Curry Leaf 49,Pune,Chinese,3.9,350
3034,37,2024-08-08 18:43:00,1,377,0.0,49,426.0,Debit Card,30,Delivered,4.7,Curry Leaf 37,Chennai,Chinese,3.4,500
1027,22,2024-08-08 19:27:00,3,1544,0.0,20,1564.0,UPI,26,Delivered,4.4,Urban Tadka 22,Mumbai,Desserts,3.1,250
5297,29,2024-08-08 19:42:00,1,404,0.0,20,424.0,Cash on Delivery,42,Delivered,4.3,Sweet Tooth 29,Kolkata,North Indian,4.0,500
4748,33,2024-08-08 23:12:00,2,373,55.95,40,357.05,Wallet,60,Delivered,2.5,Pizza Point 33,Chennai,Bakery,2.9,600
5238,39,2024-08-09 11:43:00,3,1500,0.0,49,1549.0,Debit Card,59,Delivered,3.2,Wok This Way 39,Pune,North Indian,4.2,350
1428,36,2024-08-09 11:47:00,1,405,81.0,49,373.0,UPI,15,Delivered,3.5,Wok This Way 36,Bangalore,Desserts,4.5,500
5930,39,2024-08-09 11:50:00,1,153,0.0,0,153.0,Credit Card,39,Delivered,2.5,Wok This Way 39,Pune,North Indian,4.2,350
5017,1,2024-08-09 14:25:00,1,401,40.1,30,390.9,UPI,41,Delivered,3.6,Wok This Way 1,Pune,Italian,3.6,200
4171,25,2024-08-09 14:39:00,1,345,34.5,30,340.5,UPI,43,Delivered,3.9,Royal Feast 25,Jaipur,Biryani,3.8,250
3363,38,2024-08-09 16:21:00,2,205,20.5,20,204.5,UPI,48,Cancelled,2.7,Burger Barn 38,Kolkata,Biryani,3.0,600
3022,49,2024-08-09 17:50:00,2,945,0.0,20,965.0,Wallet,43,Delivered,3.4,Curry Leaf 49,Pune,Chinese,3.9,350
3932,26,2024-08-09 17:57:00,1,147,14.7,20,152.3,Wallet,25,Delivered,3.9,Chaat Street 26,Hyderabad,Continental,4.4,250
1265,50,2024-08-09 18:38:00,4,1624,0.0,49,1673.0,Credit Card,26,Delivered,4.4,Urban Tadka 50,Delhi,Bakery,3.2,500
1197,45,2024-08-09 19:40:00,1,452,0.0,0,452.0,Wallet,52,Delivered,3.7,Royal Feast 45,Ahmedabad,Fast Food,3.3,250
3296,47,2024-08-09 20:40:00,2,1008,0.0,40,1048.0,Debit Card,52,Delivered,3.3,Wok This Way 47,Ahmedabad,Street Food,3.5,250
5603,2,2024-08-09 23:16:00,3,1245,124.5,40,1160.5,Credit Card,51,Delivered,2.7,Spice Junction 2,Lucknow,Continental,4.8,200
2534,3,2024-08-09 23:59:00,2,443,0.0,0,443.0,Credit Card,43,Delivered,4.7,Grill Masters 3,Chennai,Continental,4.3,300
4582,19,2024-08-10 08:10:00,2,814,0.0,20,834.0,Credit Card,53,Delivered,3.2,Spice Junction 19,Chennai,Desserts,3.7,150
3359,27,2024-08-10 08:18:00,1,353,52.95,20,320.05,Credit Card,36,Delivered,2.6,Grill Masters 27,Delhi,Fast Food,3.2,150
4757,46,2024-08-10 08:22:00,4,716,143.2,40,612.8,Debit Card,49,Delivered,4.9,Urban Tadka 46,Kolkata,Continental,4.2,350
5621,20,2024-08-10 10:31:00,4,845,169.0,49,725.0,Credit Card,62,Delivered,4.9,Urban Tadka 20,Hyderabad,Street Food,3.4,600
4639,47,2024-08-10 12:40:00,4,2041,408.2,30,1662.8,Cash on Delivery,63,Delivered,3.3,Wok This Way 47,Ahmedabad,Street Food,3.5,250
3474,35,2024-08-10 16:21:00,2,435,87.0,0,348.0,Credit Card,47,Cancelled,2.7,Momo Magic 35,Hyderabad,Fast Food,4.8,150
5716,48,2024-08-10 17:46:00,4,1415,141.5,49,1322.5,Wallet,57,Delivered,4.0,Burger Barn 48,Delhi,Italian,3.9,150
3272,24,2024-08-10 18:34:00,4,403,0.0,49,452.0,Credit Card,49,Delivered,2.9,Cafe Bliss 24,Delhi,Street Food,3.6,600
1906,12,2024-08-10 18:36:00,2,362,72.4,0,289.6,Wallet,18,Delivered,3.6,Tandoori Nights 12,Mumbai,Continental,4.8,800
5165,15,2024-08-10 18:52:00,3,1204,180.6,30,1053.4,Credit Card,59,Cancelled,3.1,Biryani House 15,Ahmedabad,North Indian,3.2,800
3289,18,2024-08-10 19:05:00,2,208,31.2,20,196.8,Wallet,48,Delivered,3.5,Sizzle & Steam 18,Chennai,Chinese,3.9,600
4859,19,2024-08-10 19:09:00,2,619,123.8,30,525.2,Wallet,43,Cancelled,3.0,Spice Junction 19,Chennai,Desserts,3.7,150
5762,50,2024-08-10 19:11:00,1,429,85.8,49,392.2,Wallet,55,Cancelled,2.9,Urban Tadka 50,Delhi,Bakery,3.2,500
5823,42,2024-08-10 19:41:00,2,402,0.0,20,422.0,Credit Card,48,Delivered,3.6,Sizzle & Steam 42,Lucknow,Chinese,3.8,400
4690,5,2024-08-10 20:01:00,2,223,0.0,30,253.0,UPI,17,Delivered,3.2,Cafe Bliss 5,Hyderabad,Street Food,3.1,500
3783,3,2024-08-10 21:20:00,1,208,41.6,49,215.4,Credit Card,53,Cancelled,3.3,Grill Masters 3,Chennai,Continental,4.3,300
2420,48,2024-08-10 21:25:00,3,761,0.0,30,791.0,Credit Card,58,Cancelled,4.1,Burger Barn 48,Delhi,Italian,3.9,150
3013,20,2024-08-10 21:59:00,1,450,45.0,0,405.0,UPI,55,Cancelled,4.1,Urban Tadka 20,Hyderabad,Street Food,3.4,600
1550,41,2024-08-11 10:58:00,4,1839,367.8,0,1471.2,UPI,46,Cancelled,2.9,Dosa Corner 41,Hyderabad,Continental,3.1,600
5317,34,2024-08-11 11:08:00,4,1409,0.0,20,1429.0,UPI,42,Delivered,3.8,Biryani House 34,Bangalore,South Indian,4.8,200
1479,5,2024-08-11 11:15:00,2,425,0.0,0,425.0,UPI,20,Delivered,3.8,Cafe Bliss 5,Hyderabad,Street Food,3.1,500
3488,36,2024-08-11 12:13:00,3,557,55.7,40,541.3,Debit Card,38,Delivered,3.1,Wok This Way 36,Bangalore,Desserts,4.5,500
3759,22,2024-08-11 14:31:00,1,383,0.0,0,383.0,Cash on Delivery,20,Delivered,3.6,Urban Tadka 22,Mumbai,Desserts,3.1,250
1919,6,2024-08-11 15:53:00,4,1615,242.25,20,1392.75,Credit Card,49,Delivered,3.9,Pizza Point 6,Mumbai,Desserts,3.1,800
1201,34,2024-08-11 16:20:00,3,491,0.0,30,521.0,Debit Card,59,Cancelled,4.4,Biryani House 34,Bangalore,South Indian,4.8,200
5935,25,2024-08-11 16:47:00,2,1038,0.0,40,1078.0,Debit Card,33,Delivered,3.1,Royal Feast 25,Jaipur,Biryani,3.8,250
4507,11,2024-08-11 16:49:00,4,743,0.0,40,783.0,UPI,44,Delivered,4.3,Noodle Bar 11,Hyderabad,Chinese,2.8,600
5574,18,2024-08-11 17:48:00,3,630,94.5,40,575.5,Wallet,33,Delivered,4.6,Sizzle & Steam 18,Chennai,Chinese,3.9,600
5310,11,2024-08-11 18:51:00,2,526,0.0,30,556.0,Debit Card,52,Cancelled,4.0,Noodle Bar 11,Hyderabad,Chinese,2.8,600
5040,25,2024-08-11 19:58:00,2,837,167.4,0,669.6,Credit Card,26,Delivered,4.9,Royal Feast 25,Jaipur,Biryani,3.8,250
5066,41,2024-08-11 20:18:00,1,451,45.1,40,445.9,Debit Card,19,Delivered,4.1,Dosa Corner 41,Hyderabad,Continental,3.1,600
1480,35,2024-08-11 20:33:00,2,647,64.7,0,582.3,Debit Card,31,Cancelled,2.8,Momo Magic 35,Hyderabad,Fast Food,4.8,150
3406,40,2024-08-11 20:54:00,4,818,163.6,0,654.4,Debit Card,30,Cancelled,3.6,Dosa Corner 40,Mumbai,Fast Food,3.7,250
1272,20,2024-08-11 23:05:00,2,245,0.0,49,294.0,Credit Card,33,Delivered,3.3,Urban Tadka 20,Hyderabad,Street Food,3.4,600
2256,22,2024-08-11 23:41:00,2,222,0.0,0,222.0,UPI,55,Delivered,4.5,Urban Tadka 22,Mumbai,Desserts,3.1,250
1535,44,2024-08-12 09:26:00,4,1998,0.0,49,2047.0,UPI,53,Delivered,3.5,Tandoori Nights 44,Hyderabad,South Indian,4.7,150
5711,47,2024-08-12 11:02:00,4,797,0.0,49,846.0,Credit Card,29,Delivered,2.8,Wok This Way 47,Ahmedabad,Street Food,3.5,250
4413,14,2024-08-12 12:30:00,4,1436,215.4,20,1240.6,Credit Card,52,Cancelled,4.4,Curry Leaf 14,Pune,South Indian,3.2,150
2940,2,2024-08-12 14:01:00,2,1015,152.25,49,911.75,Debit Card,28,Delivered,3.0,Spice Junction 2,Lucknow,Continental,4.8,200
4001,24,2024-08-12 15:32:00,4,1617,0.0,49,1666.0,Debit Card,34,Delivered,3.3,Cafe Bliss 24,Delhi,Street Food,3.6,600
2944,6,2024-08-12 17:34:00,3,766,0.0,0,766.0,Credit Card,35,Delivered,4.4,Pizza Point 6,Mumbai,Desserts,3.1,800
2624,36,2024-08-12 20:25:00,4,1423,284.6,30,1168.4,Cash on Delivery,56,Cancelled,4.9,Wok This Way 36,Bangalore,Desserts,4.5,500
4829,2,2024-08-12 20:35:00,2,522,104.4,30,447.6,Credit Card,36,Cancelled,4.4,Spice Junction 2,Lucknow,Continental,4.8,200
2275,9,2024-08-12 21:10:00,3,632,94.8,40,577.2,Wallet,42,Cancelled,4.1,Curry Leaf 9,Pune,Bakery,4.1,200
4755,13,2024-08-12 22:10:00,1,471,70.65,30,430.35,UPI,36,Delivered,4.1,Spice Junction 13,Kolkata,Biryani,4.5,800
4348,4,2024-08-12 22:54:00,2,297,0.0,20,317.0,Credit Card,43,Delivered,4.2,Cafe Bliss 4,Lucknow,Fast Food,4.1,600
3108,48,2024-08-12 23:44:00,3,765,0.0,0,765.0,Credit Card,16,Delivered,3.4,Burger Barn 48,Delhi,Italian,3.9,150
1355,12,2024-08-13 09:37:00,2,230,0.0,30,260.0,Cash on Delivery,60,Delivered,3.9,Tandoori Nights 12,Mumbai,Continental,4.8,800
1495,23,2024-08-13 10:30:00,3,581,0.0,20,601.0,UPI,41,Cancelled,2.8,Noodle Bar 23,Lucknow,Desserts,3.4,150
3233,18,2024-08-13 11:17:00,3,486,48.6,30,467.4,Debit Card,18,Delivered,4.2,Sizzle & Steam 18,Chennai,Chinese,3.9,600
5510,35,2024-08-13 13:16:00,1,474,94.8,49,428.2,UPI,59,Delivered,3.0,Momo Magic 35,Hyderabad,Fast Food,4.8,150
5751,28,2024-08-13 21:42:00,4,1799,0.0,49,1848.0,Cash on Delivery,60,Delivered,4.6,Spice Junction 28,Ahmedabad,Continental,3.9,350
4475,30,2024-08-14 08:04:00,2,246,49.2,49,245.8,UPI,63,Delivered,3.4,Noodle Bar 30,Pune,South Indian,2.9,800
1285,23,2024-08-14 09:13:00,1,258,0.0,20,278.0,Debit Card,52,Delivered,4.1,Noodle Bar 23,Lucknow,Desserts,3.4,150
4233,40,2024-08-14 09:19:00,4,2020,0.0,20,2040.0,UPI,61,Delivered,4.2,Dosa Corner 40,Mumbai,Fast Food,3.7,250
4048,10,2024-08-14 12:49:00,2,1030,206.0,40,864.0,Debit Card,62,Cancelled,3.3,Chaat Street 10,Mumbai,Italian,4.3,350
2349,43,2024-08-14 14:58:00,4,745,74.5,30,700.5,Credit Card,41,Delivered,4.3,Grill Masters 43,Chennai,Continental,2.9,250
4326,41,2024-08-14 15:16:00,4,2017,201.7,30,1845.3,Wallet,32,Delivered,3.4,Dosa Corner 41,Hyderabad,Continental,3.1,600
4855,30,2024-08-14 15:20:00,4,746,111.9,40,674.1,Credit Card,53,Delivered,4.0,Noodle Bar 30,Pune,South Indian,2.9,800
2917,15,2024-08-14 15:47:00,2,432,43.2,20,408.8,Wallet,27,Cancelled,2.7,Biryani House 15,Ahmedabad,North Indian,3.2,800
2570,25,2024-08-14 15:58:00,1,455,0.0,40,495.0,Cash on Delivery,51,Delivered,3.2,Royal Feast 25,Jaipur,Biryani,3.8,250
3396,16,2024-08-14 16:06:00,1,228,0.0,49,277.0,Debit Card,33,Delivered,3.3,Cafe Bliss 16,Chennai,South Indian,3.2,500
3092,8,2024-08-14 16:09:00,2,639,63.9,40,615.1,UPI,47,Cancelled,4.1,Urban Tadka 8,Hyderabad,Desserts,4.6,350
4119,15,2024-08-14 16:41:00,2,603,0.0,20,623.0,Debit Card,57,Delivered,2.8,Biryani House 15,Ahmedabad,North Indian,3.2,800
1743,11,2024-08-14 16:47:00,1,258,51.6,20,226.4,Wallet,28,Delivered,2.5,Noodle Bar 11,Hyderabad,Chinese,2.8,600
3604,48,2024-08-14 17:10:00,2,406,60.9,30,375.1,Credit Card,39,Cancelled,4.9,Burger Barn 48,Delhi,Italian,3.9,150
1496,29,2024-08-14 17:50:00,2,706,0.0,0,706.0,Cash on Delivery,51,Delivered,4.4,Sweet Tooth 29,Kolkata,North Indian,4.0,500
1242,46,2024-08-14 17:55:00,2,300,0.0,40,340.0,Credit Card,56,Cancelled,4.9,Urban Tadka 46,Kolkata,Continental,4.2,350
3653,43,2024-08-14 18:11:00,4,530,0.0,49,579.0,Debit Card,47,Delivered,3.6,Grill Masters 43,Chennai,Continental,2.9,250
2347,17,2024-08-14 18:17:00,4,745,0.0,20,765.0,UPI,26,Delivered,4.4,Spicy Junction 17,Delhi,Chinese,3.4,800
1340,3,2024-08-14 19:37:00,2,900,90.0,0,810.0,Cash on Delivery,51,Delivered,4.7,Grill Masters 3,Chennai,Continental,4.3,300
3902,4,2024-08-14 19:45:00,2,526,105.2,0,420.8,Cash on Delivery,58,Cancelled,4.3,Cafe Bliss 4,Lucknow,Fast Food,4.1,600
2782,30,2024-08-14 20:36:00,2,936,140.4,30,825.6,Wallet,45,Cancelled,4.2,Noodle Bar 30,Pune,South Indian,2.9,800
1081,33,2024-08-14 21:35:00,4,1809,180.9,30,1658.1,Debit Card,43,Cancelled,3.9,Pizza Point 33,Chennai,Bakery,2.9,600
1141,12,2024-08-14 21:53:00,3,1198,0.0,30,1228.0,UPI,29,Delivered,4.1,Tandoori Nights 12,Mumbai,Continental,4.8,800
1124,11,2024-08-14 22:43:00,3,477,71.55,49,454.45,Debit Card,38,Delivered,3.9,Noodle Bar 11,Hyderabad,Chinese,2.8,600
5760,40,2024-08-14 23:44:00,2,1015,0.0,0,1015.0,Cash on Delivery,26,Delivered,4.8,Dosa Corner 40,Mumbai,Fast Food,3.7,250
3242,7,2024-08-15 09:08:00,4,759,113.85,20,665.15,Cash on Delivery,23,Delivered,3.3,Wok This Way 7,Bangalore,Street Food,2.9,600
5479,36,2024-08-15 09:14:00,3,1077,215.4,30,891.6,Cash on Delivery,33,Delivered,5.0,Wok This Way 36,Bangalore,Desserts,4.5,500
5795,21,2024-08-15 09:17:00,3,621,124.2,20,516.8,Credit Card,43,Delivered,4.7,Biryani House 21,Pune,South Indian,4.1,600
5785,1,2024-08-15 09:20:00,3,491,0.0,30,521.0,UPI,41,Cancelled,2.6,Wok This Way 1,Pune,Italian,3.6,200
5072,32,2024-08-15 09:42:00,2,915,0.0,0,915.0,Debit Card,38,Cancelled,4.1,Grill Masters 32,Hyderabad,Fast Food,3.2,800
5523,22,2024-08-15 11:32:00,1,139,0.0,0,139.0,Credit Card,45,Delivered,4.0,Urban Tadka 22,Mumbai,Desserts,3.1,250
3840,4,2024-08-15 12:00:00,3,404,0.0,0,404.0,Wallet,18,Delivered,2.7,Cafe Bliss 4,Lucknow,Fast Food,4.1,600
5952,41,2024-08-15 12:29:00,1,424,63.6,0,360.4,Credit Card,62,Cancelled,4.4,Dosa Corner 41,Hyderabad,Continental,3.1,600
2874,20,2024-08-15 12:44:00,1,373,0.0,30,403.0,Debit Card,60,Cancelled,3.5,Urban Tadka 20,Hyderabad,Street Food,3.4,600
3278,26,2024-08-15 13:19:00,1,269,53.8,49,264.2,Debit Card,47,Cancelled,3.1,Chaat Street 26,Hyderabad,Continental,4.4,250
4568,36,2024-08-15 15:38:00,2,302,0.0,40,342.0,Credit Card,26,Delivered,4.4,Wok This Way 36,Bangalore,Desserts,4.5,500
2855,44,2024-08-15 19:47:00,2,645,0.0,0,645.0,UPI,23,Cancelled,3.7,Tandoori Nights 44,Hyderabad,South Indian,4.7,150
3603,34,2024-08-15 21:51:00,4,1823,182.3,40,1680.7,Credit Card,18,Cancelled,4.5,Biryani House 34,Bangalore,South Indian,4.8,200
2504,9,2024-08-15 22:05:00,4,2021,0.0,20,2041.0,Credit Card,57,Delivered,5.0,Curry Leaf 9,Pune,Bakery,4.1,200
1386,27,2024-08-15 22:15:00,3,760,0.0,49,809.0,Debit Card,42,Cancelled,4.0,Grill Masters 27,Delhi,Fast Food,3.2,150
3399,20,2024-08-16 08:57:00,4,605,0.0,49,654.0,Credit Card,50,Delivered,3.3,Urban Tadka 20,Hyderabad,Street Food,3.4,600
1608,17,2024-08-16 09:46:00,3,425,63.75,40,401.25,Debit Card,51,Delivered,4.0,Spicy Junction 17,Delhi,Chinese,3.4,800
4085,41,2024-08-16 10:23:00,3,1199,239.8,20,979.2,Debit Card,46,Delivered,4.5,Dosa Corner 41,Hyderabad,Continental,3.1,600
2846,2,2024-08-16 10:24:00,4,1022,204.4,49,866.6,Debit Card,26,Delivered,4.7,Spice Junction 2,Lucknow,Continental,4.8,200
4382,45,2024-08-16 10:52:00,4,758,113.7,30,674.3,UPI,35,Cancelled,4.2,Royal Feast 45,Ahmedabad,Fast Food,3.3,250
4578,1,2024-08-16 11:30:00,1,465,93.0,30,402.0,UPI,19,Cancelled,3.5,Wok This Way 1,Pune,Italian,3.6,200
5199,6,2024-08-16 11:33:00,4,1434,0.0,40,1474.0,Debit Card,36,Delivered,5.0,Pizza Point 6,Mumbai,Desserts,3.1,800
2216,16,2024-08-16 12:02:00,1,491,73.65,0,417.35,Cash on Delivery,29,Cancelled,4.0,Cafe Bliss 16,Chennai,South Indian,3.2,500
4858,19,2024-08-16 15:46:00,3,1372,205.8,30,1196.2,Credit Card,55,Delivered,4.6,Spice Junction 19,Chennai,Desserts,3.7,150
3143,1,2024-08-16 17:40:00,4,1826,273.9,0,1552.1,Wallet,46,Delivered,2.9,Wok This Way 1,Pune,Italian,3.6,200
5913,47,2024-08-16 18:19:00,1,137,27.4,40,149.6,Cash on Delivery,31,Delivered,4.1,Wok This Way 47,Ahmedabad,Street Food,3.5,250
1791,49,2024-08-16 19:04:00,3,644,0.0,20,664.0,Credit Card,43,Cancelled,3.3,Curry Leaf 49,Pune,Chinese,3.9,350
2657,31,2024-08-16 19:49:00,4,1606,0.0,40,1646.0,Cash on Delivery,35,Delivered,3.4,Momo Magic 31,Jaipur,Continental,4.1,500
3342,40,2024-08-16 19:51:00,4,827,82.7,20,764.3,Credit Card,64,Delivered,4.4,Dosa Corner 40,Mumbai,Fast Food,3.7,250
3936,20,2024-08-16 20:30:00,3,904,0.0,0,904.0,Wallet,26,Delivered,3.3,Urban Tadka 20,Hyderabad,Street Food,3.4,600
5143,1,2024-08-16 21:38:00,2,824,82.4,20,761.6,Credit Card,58,Delivered,4.6,Wok This Way 1,Pune,Italian,3.6,200
2320,2,2024-08-17 13:10:00,3,1385,138.5,40,1286.5,Credit Card,44,Delivered,2.9,Spice Junction 2,Lucknow,Continental,4.8,200
4730,17,2024-08-17 13:43:00,1,499,0.0,20,519.0,Wallet,56,Delivered,4.7,Spicy Junction 17,Delhi,Chinese,3.4,800
1538,10,2024-08-17 15:34:00,4,1437,0.0,40,1477.0,Cash on Delivery,63,Cancelled,2.8,Chaat Street 10,Mumbai,Italian,4.3,350
1406,12,2024-08-17 19:32:00,1,435,65.25,20,389.75,UPI,22,Delivered,4.9,Tandoori Nights 12,Mumbai,Continental,4.8,800
3360,32,2024-08-17 20:43:00,1,134,13.4,20,140.6,Credit Card,64,Delivered,2.8,Grill Masters 32,Hyderabad,Fast Food,3.2,800
1936,11,2024-08-17 21:06:00,2,744,111.6,0,632.4,Debit Card,38,Delivered,2.6,Noodle Bar 11,Hyderabad,Chinese,2.8,600
1972,25,2024-08-17 23:37:00,1,206,41.2,20,184.8,Cash on Delivery,15,Delivered,3.4,Royal Feast 25,Jaipur,Biryani,3.8,250
2023,33,2024-08-18 09:55:00,2,227,0.0,20,247.0,Credit Card,39,Delivered,3.4,Pizza Point 33,Chennai,Bakery,2.9,600
1549,8,2024-08-18 12:53:00,1,266,0.0,30,296.0,Cash on Delivery,30,Delivered,3.6,Urban Tadka 8,Hyderabad,Desserts,4.6,350
5978,15,2024-08-18 13:59:00,2,326,32.6,20,313.4,UPI,47,Delivered,4.0,Biryani House 15,Ahmedabad,North Indian,3.2,800
3985,43,2024-08-18 15:12:00,1,166,0.0,40,206.0,Wallet,23,Delivered,2.8,Grill Masters 43,Chennai,Continental,2.9,250
3871,18,2024-08-18 15:23:00,1,194,19.4,30,204.6,Debit Card,15,Delivered,3.9,Sizzle & Steam 18,Chennai,Chinese,3.9,600
1203,30,2024-08-18 15:48:00,3,1374,0.0,30,1404.0,UPI,35,Delivered,3.5,Noodle Bar 30,Pune,South Indian,2.9,800
5005,8,2024-08-18 16:56:00,4,1428,0.0,40,1468.0,Credit Card,42,Delivered,3.5,Urban Tadka 8,Hyderabad,Desserts,4.6,350
2648,2,2024-08-18 18:39:00,4,643,0.0,49,692.0,Cash on Delivery,49,Delivered,4.1,Spice Junction 2,Lucknow,Continental,4.8,200
1852,37,2024-08-18 19:05:00,4,1629,325.8,30,1333.2,UPI,56,Delivered,4.1,Curry Leaf 37,Chennai,Chinese,3.4,500
5897,33,2024-08-18 19:49:00,2,518,103.6,0,414.4,Credit Card,61,Cancelled,3.3,Pizza Point 33,Chennai,Bakery,2.9,600
2615,28,2024-08-18 20:27:00,4,1428,0.0,49,1477.0,Debit Card,22,Delivered,2.5,Spice Junction 28,Ahmedabad,Continental,3.9,350
3460,35,2024-08-18 21:15:00,2,245,0.0,0,245.0,Wallet,42,Cancelled,4.3,Momo Magic 35,Hyderabad,Fast Food,4.8,150
4114,37,2024-08-18 22:09:00,1,465,69.75,49,444.25,Wallet,30,Delivered,2.8,Curry Leaf 37,Chennai,Chinese,3.4,500
4322,2,2024-08-18 22:27:00,2,933,0.0,49,982.0,Credit Card,16,Delivered,3.6,Spice Junction 2,Lucknow,Continental,4.8,200
2531,26,2024-08-18 22:42:00,1,128,19.2,30,138.8,Debit Card,49,Cancelled,3.0,Chaat Street 26,Hyderabad,Continental,4.4,250
3049,50,2024-08-18 23:01:00,3,1055,0.0,30,1085.0,Wallet,56,Cancelled,3.1,Urban Tadka 50,Delhi,Bakery,3.2,500
2280,26,2024-08-19 10:51:00,3,484,0.0,30,514.0,UPI,34,Delivered,2.6,Chaat Street 26,Hyderabad,Continental,4.4,250
2517,11,2024-08-19 11:06:00,2,924,0.0,20,944.0,Credit Card,30,Delivered,4.7,Noodle Bar 11,Hyderabad,Chinese,2.8,600
2561,37,2024-08-19 11:39:00,2,316,31.6,20,304.4,Cash on Delivery,56,Delivered,4.3,Curry Leaf 37,Chennai,Chinese,3.4,500
2542,35,2024-08-19 12:08:00,2,734,146.8,0,587.2,UPI,19,Delivered,4.1,Momo Magic 35,Hyderabad,Fast Food,4.8,150
2199,23,2024-08-19 15:06:00,3,623,0.0,20,643.0,Debit Card,20,Delivered,3.2,Noodle Bar 23,Lucknow,Desserts,3.4,150
1421,41,2024-08-19 15:26:00,2,828,82.8,49,794.2,Credit Card,17,Delivered,3.6,Dosa Corner 41,Hyderabad,Continental,3.1,600
2417,15,2024-08-19 16:13:00,2,1038,0.0,49,1087.0,Debit Card,15,Delivered,4.5,Biryani House 15,Ahmedabad,North Indian,3.2,800
2900,8,2024-08-19 16:44:00,2,625,93.75,20,551.25,Debit Card,49,Delivered,4.3,Urban Tadka 8,Hyderabad,Desserts,4.6,350
4110,24,2024-08-19 18:50:00,2,289,43.35,0,245.65,UPI,61,Delivered,4.3,Cafe Bliss 24,Delhi,Street Food,3.6,600
2994,31,2024-08-19 22:25:00,2,1023,0.0,20,1043.0,Credit Card,22,Delivered,4.5,Momo Magic 31,Jaipur,Continental,4.1,500
5560,4,2024-08-20 08:10:00,3,412,0.0,0,412.0,UPI,32,Delivered,2.8,Cafe Bliss 4,Lucknow,Fast Food,4.1,600
5893,43,2024-08-20 08:31:00,3,495,74.25,20,440.75,Credit Card,22,Delivered,4.5,Grill Masters 43,Chennai,Continental,2.9,250
2132,22,2024-08-20 09:19:00,3,770,115.5,40,694.5,Credit Card,46,Delivered,3.9,Urban Tadka 22,Mumbai,Desserts,3.1,250
2718,35,2024-08-20 10:14:00,2,290,58.0,30,262.0,Debit Card,20,Delivered,4.5,Momo Magic 35,Hyderabad,Fast Food,4.8,150
3130,46,2024-08-20 10:16:00,2,246,24.6,40,261.4,Credit Card,21,Delivered,4.6,Urban Tadka 46,Kolkata,Continental,4.2,350
1253,26,2024-08-20 10:43:00,2,437,0.0,30,467.0,UPI,19,Delivered,2.6,Chaat Street 26,Hyderabad,Continental,4.4,250
1668,9,2024-08-20 10:44:00,2,713,0.0,30,743.0,UPI,47,Delivered,2.9,Curry Leaf 9,Pune,Bakery,4.1,200
5609,43,2024-08-20 10:45:00,4,1019,0.0,30,1049.0,UPI,49,Cancelled,4.0,Grill Masters 43,Chennai,Continental,2.9,250
5473,45,2024-08-20 11:01:00,2,825,123.75,0,701.25,Debit Card,24,Delivered,4.5,Royal Feast 45,Ahmedabad,Fast Food,3.3,250
3709,13,2024-08-20 11:07:00,4,601,90.15,0,510.85,Debit Card,34,Cancelled,3.6,Spice Junction 13,Kolkata,Biryani,4.5,800
4947,43,2024-08-20 16:58:00,4,1435,215.25,20,1239.75,Credit Card,22,Delivered,3.9,Grill Masters 43,Chennai,Continental,2.9,250
5287,35,2024-08-20 19:18:00,3,606,121.2,0,484.8,Cash on Delivery,28,Delivered,3.7,Momo Magic 35,Hyderabad,Fast Food,4.8,150
1787,26,2024-08-20 19:26:00,4,823,123.45,20,719.55,Cash on Delivery,32,Delivered,4.2,Chaat Street 26,Hyderabad,Continental,4.4,250
1380,24,2024-08-20 19:42:00,3,632,126.4,20,525.6,Credit Card,41,Delivered,4.7,Cafe Bliss 24,Delhi,Street Food,3.6,600
3861,29,2024-08-20 23:07:00,2,1046,0.0,30,1076.0,Debit Card,55,Delivered,3.5,Sweet Tooth 29,Kolkata,North Indian,4.0,500
2074,48,2024-08-21 08:27:00,3,448,0.0,30,478.0,Debit Card,42,Cancelled,3.2,Burger Barn 48,Delhi,Italian,3.9,150
2357,17,2024-08-21 09:58:00,4,1803,360.6,20,1462.4,Credit Card,63,Cancelled,2.8,Spicy Junction 17,Delhi,Chinese,3.4,800
4683,24,2024-08-21 10:16:00,4,613,0.0,30,643.0,Wallet,37,Delivered,4.6,Cafe Bliss 24,Delhi,Street Food,3.6,600
5254,42,2024-08-21 12:00:00,1,297,0.0,20,317.0,Wallet,36,Delivered,4.1,Sizzle & Steam 42,Lucknow,Chinese,3.8,400
1296,33,2024-08-21 12:24:00,2,284,0.0,20,304.0,Cash on Delivery,50,Delivered,3.8,Pizza Point 33,Chennai,Bakery,2.9,600
3252,42,2024-08-21 17:43:00,3,898,89.8,20,828.2,Cash on Delivery,40,Delivered,3.3,Sizzle & Steam 42,Lucknow,Chinese,3.8,400
2143,20,2024-08-21 19:03:00,4,538,107.6,40,470.4,Credit Card,63,Delivered,3.2,Urban Tadka 20,Hyderabad,Street Food,3.4,600
4387,24,2024-08-21 19:44:00,4,1834,183.4,30,1680.6,Cash on Delivery,46,Delivered,2.9,Cafe Bliss 24,Delhi,Street Food,3.6,600
4559,28,2024-08-21 20:46:00,2,906,90.6,20,835.4,Wallet,32,Cancelled,4.4,Spice Junction 28,Ahmedabad,Continental,3.9,350
2329,11,2024-08-22 08:50:00,2,810,0.0,30,840.0,Debit Card,58,Cancelled,2.7,Noodle Bar 11,Hyderabad,Chinese,2.8,600
1588,10,2024-08-22 09:18:00,4,1010,101.0,40,949.0,Debit Card,60,Cancelled,3.3,Chaat Street 10,Mumbai,Italian,4.3,350
3547,7,2024-08-22 10:05:00,4,398,0.0,0,398.0,Credit Card,23,Delivered,4.9,Wok This Way 7,Bangalore,Street Food,2.9,600
1061,32,2024-08-22 11:04:00,2,636,95.4,40,580.6,Wallet,40,Delivered,3.1,Grill Masters 32,Hyderabad,Fast Food,3.2,800
4025,33,2024-08-22 11:06:00,3,766,114.9,0,651.1,Wallet,51,Cancelled,4.6,Pizza Point 33,Chennai,Bakery,2.9,600
2413,21,2024-08-22 12:20:00,3,781,117.15,20,683.85,UPI,19,Cancelled,4.7,Biryani House 21,Pune,South Indian,4.1,600
4093,8,2024-08-22 12:45:00,3,635,127.0,49,557.0,Wallet,45,Delivered,3.5,Urban Tadka 8,Hyderabad,Desserts,4.6,350
4713,19,2024-08-22 13:28:00,1,228,22.8,0,205.2,Wallet,49,Delivered,3.2,Spice Junction 19,Chennai,Desserts,3.7,150
2011,29,2024-08-22 13:52:00,1,142,0.0,20,162.0,Debit Card,39,Delivered,4.7,Sweet Tooth 29,Kolkata,North Indian,4.0,500
5679,38,2024-08-22 14:06:00,3,597,89.55,20,527.45,Cash on Delivery,51,Delivered,2.8,Burger Barn 38,Kolkata,Biryani,3.0,600
3491,1,2024-08-22 14:40:00,1,517,51.7,30,495.3,Debit Card,63,Cancelled,3.6,Wok This Way 1,Pune,Italian,3.6,200
2527,46,2024-08-22 14:45:00,2,342,51.3,49,339.7,Cash on Delivery,62,Delivered,3.1,Urban Tadka 46,Kolkata,Continental,4.2,350
1687,12,2024-08-22 15:13:00,3,459,91.8,40,407.2,Credit Card,46,Delivered,4.4,Tandoori Nights 12,Mumbai,Continental,4.8,800
5366,36,2024-08-22 16:00:00,2,315,0.0,49,364.0,Cash on Delivery,31,Delivered,2.7,Wok This Way 36,Bangalore,Desserts,4.5,500
2983,2,2024-08-22 21:56:00,4,1036,155.4,20,900.6,Wallet,47,Delivered,3.2,Spice Junction 2,Lucknow,Continental,4.8,200
2033,8,2024-08-22 23:35:00,2,202,0.0,20,222.0,Debit Card,27,Cancelled,2.9,Urban Tadka 8,Hyderabad,Desserts,4.6,350
3147,21,2024-08-22 23:54:00,1,403,0.0,40,443.0,Debit Card,49,Delivered,3.9,Biryani House 21,Pune,South Indian,4.1,600
2785,17,2024-08-23 08:30:00,2,621,0.0,40,661.0,UPI,22,Delivered,2.6,Spicy Junction 17,Delhi,Chinese,3.4,800
3725,14,2024-08-23 09:02:00,2,218,0.0,0,218.0,Cash on Delivery,47,Delivered,3.5,Curry Leaf 14,Pune,South Indian,3.2,150
3649,8,2024-08-23 10:07:00,4,2012,0.0,40,2052.0,UPI,33,Cancelled,3.3,Urban Tadka 8,Hyderabad,Desserts,4.6,350
5111,40,2024-08-23 11:06:00,4,1205,0.0,20,1225.0,Debit Card,22,Cancelled,3.6,Dosa Corner 40,Mumbai,Fast Food,3.7,250
1198,8,2024-08-23 12:27:00,3,1235,247.0,49,1037.0,Credit Card,44,Delivered,4.3,Urban Tadka 8,Hyderabad,Desserts,4.6,350
5224,16,2024-08-23 13:17:00,3,1371,137.1,40,1273.9,UPI,59,Delivered,4.6,Cafe Bliss 16,Chennai,South Indian,3.2,500
4997,36,2024-08-23 16:30:00,1,350,0.0,40,390.0,Wallet,53,Delivered,2.8,Wok This Way 36,Bangalore,Desserts,4.5,500
3413,21,2024-08-23 17:41:00,1,369,0.0,40,409.0,Debit Card,52,Delivered,3.8,Biryani House 21,Pune,South Indian,4.1,600
2610,6,2024-08-23 18:02:00,2,346,34.6,20,331.4,Cash on Delivery,35,Delivered,3.4,Pizza Point 6,Mumbai,Desserts,3.1,800
4604,4,2024-08-23 18:09:00,2,377,37.7,0,339.3,Debit Card,39,Delivered,4.7,Cafe Bliss 4,Lucknow,Fast Food,4.1,600
4744,45,2024-08-23 18:19:00,3,1067,0.0,20,1087.0,Debit Card,42,Delivered,3.9,Royal Feast 45,Ahmedabad,Fast Food,3.3,250
1820,28,2024-08-23 19:09:00,4,422,0.0,40,462.0,Cash on Delivery,43,Delivered,2.6,Spice Junction 28,Ahmedabad,Continental,3.9,350
5504,27,2024-08-24 08:28:00,3,405,0.0,40,445.0,Wallet,56,Delivered,3.6,Grill Masters 27,Delhi,Fast Food,3.2,150
2210,32,2024-08-24 09:10:00,4,2004,400.8,20,1623.2,Wallet,24,Delivered,4.6,Grill Masters 32,Hyderabad,Fast Food,3.2,800
4385,44,2024-08-24 09:47:00,3,1506,0.0,0,1506.0,Credit Card,53,Delivered,3.7,Tandoori Nights 44,Hyderabad,South Indian,4.7,150
4411,35,2024-08-24 10:05:00,3,417,0.0,30,447.0,Debit Card,27,Cancelled,4.3,Momo Magic 35,Hyderabad,Fast Food,4.8,150
5012,44,2024-08-24 10:22:00,1,236,0.0,49,285.0,UPI,61,Delivered,4.5,Tandoori Nights 44,Hyderabad,South Indian,4.7,150
5222,43,2024-08-24 11:47:00,2,813,0.0,20,833.0,Wallet,51,Delivered,4.4,Grill Masters 43,Chennai,Continental,2.9,250
2200,8,2024-08-24 11:51:00,3,1059,0.0,30,1089.0,Debit Card,31,Delivered,3.7,Urban Tadka 8,Hyderabad,Desserts,4.6,350
3632,34,2024-08-24 12:22:00,3,436,87.2,49,397.8,Cash on Delivery,37,Cancelled,5.0,Biryani House 34,Bangalore,South Indian,4.8,200
1169,18,2024-08-24 13:03:00,2,302,60.4,40,281.6,UPI,28,Delivered,4.1,Sizzle & Steam 18,Chennai,Chinese,3.9,600
3261,47,2024-08-24 13:18:00,1,197,0.0,40,237.0,Credit Card,63,Delivered,2.6,Wok This Way 47,Ahmedabad,Street Food,3.5,250
1966,37,2024-08-24 14:28:00,3,585,117.0,49,517.0,Wallet,39,Cancelled,4.9,Curry Leaf 37,Chennai,Chinese,3.4,500
5723,11,2024-08-24 14:59:00,1,423,84.6,40,378.4,Wallet,49,Delivered,3.8,Noodle Bar 11,Hyderabad,Chinese,2.8,600
1034,28,2024-08-24 15:55:00,3,1511,0.0,40,1551.0,UPI,49,Delivered,3.9,Spice Junction 28,Ahmedabad,Continental,3.9,350
3503,21,2024-08-24 16:00:00,2,727,72.7,49,703.3,Cash on Delivery,29,Delivered,4.3,Biryani House 21,Pune,South Indian,4.1,600
1336,39,2024-08-24 16:29:00,2,621,93.15,30,557.85,Credit Card,45,Delivered,3.2,Wok This Way 39,Pune,North Indian,4.2,350
5174,14,2024-08-24 17:08:00,1,351,70.2,40,320.8,Cash on Delivery,37,Cancelled,4.3,Curry Leaf 14,Pune,South Indian,3.2,150
1802,2,2024-08-24 17:46:00,4,1237,0.0,0,1237.0,Cash on Delivery,61,Delivered,5.0,Spice Junction 2,Lucknow,Continental,4.8,200
4344,44,2024-08-24 18:50:00,2,307,0.0,30,337.0,Credit Card,48,Delivered,4.0,Tandoori Nights 44,Hyderabad,South Indian,4.7,150
4188,44,2024-08-24 19:59:00,2,393,58.95,30,364.05,Debit Card,41,Delivered,3.6,Tandoori Nights 44,Hyderabad,South Indian,4.7,150
1499,18,2024-08-24 22:02:00,2,335,50.25,49,333.75,Credit Card,25,Delivered,4.2,Sizzle & Steam 18,Chennai,Chinese,3.9,600
5998,31,2024-08-24 22:15:00,3,1361,0.0,0,1361.0,Cash on Delivery,26,Delivered,2.6,Momo Magic 31,Jaipur,Continental,4.1,500
2910,32,2024-08-25 09:21:00,4,1802,0.0,20,1822.0,Credit Card,49,Delivered,3.8,Grill Masters 32,Hyderabad,Fast Food,3.2,800
1847,49,2024-08-25 09:35:00,2,524,78.6,20,465.4,Credit Card,21,Cancelled,3.6,Curry Leaf 49,Pune,Chinese,3.9,350
5802,19,2024-08-25 10:07:00,4,1416,0.0,20,1436.0,Credit Card,55,Delivered,4.9,Spice Junction 19,Chennai,Desserts,3.7,150
2672,15,2024-08-25 10:25:00,4,1022,102.2,20,939.8,Credit Card,19,Delivered,3.9,Biryani House 15,Ahmedabad,North Indian,3.2,800
3520,6,2024-08-25 12:55:00,4,1218,182.7,49,1084.3,Wallet,62,Cancelled,3.3,Pizza Point 6,Mumbai,Desserts,3.1,800
5981,45,2024-08-25 13:43:00,3,927,0.0,0,927.0,Wallet,32,Delivered,4.6,Royal Feast 45,Ahmedabad,Fast Food,3.3,250
2190,28,2024-08-25 16:54:00,2,233,0.0,30,263.0,Credit Card,15,Delivered,2.7,Spice Junction 28,Ahmedabad,Continental,3.9,350
4495,20,2024-08-25 17:29:00,3,330,0.0,0,330.0,Credit Card,26,Cancelled,4.3,Urban Tadka 20,Hyderabad,Street Food,3.4,600
5977,36,2024-08-25 17:52:00,2,846,0.0,30,876.0,Debit Card,42,Cancelled,3.5,Wok This Way 36,Bangalore,Desserts,4.5,500
5636,48,2024-08-25 18:42:00,2,734,73.4,40,700.6,Cash on Delivery,49,Delivered,3.4,Burger Barn 48,Delhi,Italian,3.9,150
1140,48,2024-08-25 18:48:00,1,139,27.8,30,141.2,Debit Card,19,Delivered,3.3,Burger Barn 48,Delhi,Italian,3.9,150
4645,4,2024-08-25 20:17:00,1,197,0.0,20,217.0,Wallet,32,Delivered,4.7,Cafe Bliss 4,Lucknow,Fast Food,4.1,600
1204,33,2024-08-25 20:21:00,2,300,45.0,30,285.0,Wallet,16,Delivered,2.8,Pizza Point 33,Chennai,Bakery,2.9,600
3354,13,2024-08-25 20:30:00,3,486,48.6,0,437.4,UPI,54,Delivered,2.6,Spice Junction 13,Kolkata,Biryani,4.5,800
4149,30,2024-08-25 21:04:00,3,1066,159.9,40,946.1,Wallet,15,Delivered,4.0,Noodle Bar 30,Pune,South Indian,2.9,800
1818,25,2024-08-25 21:34:00,1,176,0.0,40,216.0,Cash on Delivery,17,Delivered,3.2,Royal Feast 25,Jaipur,Biryani,3.8,250
5077,16,2024-08-25 21:58:00,3,631,0.0,49,680.0,Wallet,15,Delivered,3.1,Cafe Bliss 16,Chennai,South Indian,3.2,500
4742,9,2024-08-25 23:03:00,2,426,0.0,0,426.0,Credit Card,41,Delivered,3.8,Curry Leaf 9,Pune,Bakery,4.1,200
3058,47,2024-08-26 08:04:00,3,1201,180.15,20,1040.85,Debit Card,42,Delivered,4.4,Wok This Way 47,Ahmedabad,Street Food,3.5,250
3684,17,2024-08-26 11:33:00,3,1200,180.0,40,1060.0,Debit Card,55,Delivered,4.4,Spicy Junction 17,Delhi,Chinese,3.4,800
3250,49,2024-08-26 12:05:00,3,611,0.0,20,631.0,UPI,41,Cancelled,3.6,Curry Leaf 49,Pune,Chinese,3.9,350
3718,15,2024-08-26 14:18:00,4,1629,0.0,20,1649.0,UPI,17,Cancelled,3.1,Biryani House 15,Ahmedabad,North Indian,3.2,800
1338,22,2024-08-26 17:43:00,1,533,0.0,20,553.0,Wallet,39,Delivered,2.7,Urban Tadka 22,Mumbai,Desserts,3.1,250
2187,34,2024-08-26 18:26:00,4,1826,273.9,0,1552.1,Wallet,27,Delivered,3.0,Biryani House 34,Bangalore,South Indian,4.8,200
1645,34,2024-08-26 19:08:00,2,909,0.0,30,939.0,Debit Card,24,Delivered,4.2,Biryani House 34,Bangalore,South Indian,4.8,200
5764,37,2024-08-26 19:46:00,2,378,56.7,40,361.3,Cash on Delivery,16,Delivered,3.0,Curry Leaf 37,Chennai,Chinese,3.4,500
1155,24,2024-08-26 21:03:00,2,313,46.95,20,286.05,Wallet,24,Cancelled,2.9,Cafe Bliss 24,Delhi,Street Food,3.6,600
3496,35,2024-08-26 22:26:00,1,413,0.0,0,413.0,Credit Card,49,Delivered,2.5,Momo Magic 35,Hyderabad,Fast Food,4.8,150
5013,44,2024-08-26 22:41:00,2,345,51.75,40,333.25,Cash on Delivery,38,Delivered,2.8,Tandoori Nights 44,Hyderabad,South Indian,4.7,150
3227,35,2024-08-27 09:06:00,1,136,0.0,40,176.0,Debit Card,19,Delivered,4.1,Momo Magic 35,Hyderabad,Fast Food,4.8,150
5732,36,2024-08-27 13:04:00,3,391,78.2,30,342.8,UPI,59,Delivered,4.0,Wok This Way 36,Bangalore,Desserts,4.5,500
5838,5,2024-08-27 13:48:00,4,1440,0.0,0,1440.0,Wallet,33,Cancelled,4.3,Cafe Bliss 5,Hyderabad,Street Food,3.1,500
2948,3,2024-08-27 16:55:00,1,212,0.0,20,232.0,Wallet,26,Delivered,3.8,Grill Masters 3,Chennai,Continental,4.3,300
3777,44,2024-08-27 16:59:00,1,509,0.0,20,529.0,Wallet,31,Delivered,4.6,Tandoori Nights 44,Hyderabad,South Indian,4.7,150
4481,20,2024-08-27 17:10:00,1,528,79.2,30,478.8,Cash on Delivery,60,Delivered,4.1,Urban Tadka 20,Hyderabad,Street Food,3.4,600
3945,39,2024-08-27 21:05:00,2,339,0.0,40,379.0,Credit Card,59,Cancelled,4.9,Wok This Way 39,Pune,North Indian,4.2,350
1684,34,2024-08-27 23:56:00,2,747,112.05,30,664.95,Wallet,37,Delivered,3.6,Biryani House 34,Bangalore,South Indian,4.8,200
2885,41,2024-08-28 08:44:00,2,265,0.0,49,314.0,Credit Card,32,Delivered,4.4,Dosa Corner 41,Hyderabad,Continental,3.1,600
1577,41,2024-08-28 09:40:00,2,738,147.6,40,630.4,Credit Card,60,Cancelled,2.7,Dosa Corner 41,Hyderabad,Continental,3.1,600
5076,12,2024-08-28 11:22:00,1,457,68.55,30,418.45,UPI,54,Delivered,4.1,Tandoori Nights 12,Mumbai,Continental,4.8,800
5178,31,2024-08-28 11:53:00,3,456,68.4,30,417.6,Credit Card,61,Cancelled,3.0,Momo Magic 31,Jaipur,Continental,4.1,500
5617,41,2024-08-28 12:31:00,3,547,0.0,49,596.0,UPI,27,Delivered,3.5,Dosa Corner 41,Hyderabad,Continental,3.1,600
4499,15,2024-08-28 14:09:00,3,1229,0.0,40,1269.0,UPI,63,Cancelled,4.1,Biryani House 15,Ahmedabad,North Indian,3.2,800
1540,19,2024-08-28 14:23:00,1,143,14.3,30,158.7,Debit Card,17,Cancelled,4.6,Spice Junction 19,Chennai,Desserts,3.7,150
3899,33,2024-08-28 16:10:00,4,1030,103.0,30,957.0,Debit Card,41,Cancelled,4.3,Pizza Point 33,Chennai,Bakery,2.9,600
1317,19,2024-08-28 16:21:00,4,1445,0.0,49,1494.0,Wallet,18,Delivered,3.0,Spice Junction 19,Chennai,Desserts,3.7,150
4255,17,2024-08-28 17:38:00,3,1217,121.7,30,1125.3,Cash on Delivery,51,Delivered,4.7,Spicy Junction 17,Delhi,Chinese,3.4,800
1868,30,2024-08-28 18:58:00,4,2014,0.0,40,2054.0,Credit Card,40,Delivered,3.6,Noodle Bar 30,Pune,South Indian,2.9,800
1273,1,2024-08-28 19:26:00,3,456,91.2,20,384.8,Credit Card,33,Cancelled,4.8,Wok This Way 1,Pune,Italian,3.6,200
4752,38,2024-08-28 20:23:00,2,1037,0.0,0,1037.0,Debit Card,27,Delivered,4.0,Burger Barn 38,Kolkata,Biryani,3.0,600
2683,27,2024-08-28 22:56:00,3,1078,215.6,0,862.4,UPI,34,Cancelled,4.7,Grill Masters 27,Delhi,Fast Food,3.2,150
2497,18,2024-08-28 23:55:00,4,406,60.9,20,365.1,Cash on Delivery,44,Delivered,3.6,Sizzle & Steam 18,Chennai,Chinese,3.9,600
3984,36,2024-08-29 08:55:00,1,458,45.8,30,442.2,Debit Card,29,Delivered,4.2,Wok This Way 36,Bangalore,Desserts,4.5,500
1808,47,2024-08-29 09:18:00,2,1011,0.0,0,1011.0,Credit Card,37,Cancelled,4.5,Wok This Way 47,Ahmedabad,Street Food,3.5,250
2118,34,2024-08-29 10:01:00,4,1618,0.0,30,1648.0,Credit Card,15,Delivered,4.5,Biryani House 34,Bangalore,South Indian,4.8,200
3323,3,2024-08-29 10:43:00,4,720,0.0,30,750.0,Debit Card,56,Delivered,2.9,Grill Masters 3,Chennai,Continental,4.3,300
1751,32,2024-08-29 11:43:00,2,724,144.8,40,619.2,Debit Card,39,Delivered,4.6,Grill Masters 32,Hyderabad,Fast Food,3.2,800
3168,46,2024-08-29 12:07:00,1,116,17.4,0,98.6,Cash on Delivery,17,Delivered,3.3,Urban Tadka 46,Kolkata,Continental,4.2,350
5377,23,2024-08-29 13:36:00,4,2026,0.0,40,2066.0,Credit Card,29,Delivered,4.3,Noodle Bar 23,Lucknow,Desserts,3.4,150
4006,42,2024-08-29 13:39:00,4,1798,0.0,0,1798.0,UPI,54,Delivered,3.0,Sizzle & Steam 42,Lucknow,Chinese,3.8,400
5422,31,2024-08-29 16:41:00,2,444,88.8,40,395.2,Debit Card,16,Delivered,3.6,Momo Magic 31,Jaipur,Continental,4.1,500
5752,33,2024-08-29 18:19:00,3,419,62.85,49,405.15,Credit Card,52,Cancelled,4.3,Pizza Point 33,Chennai,Bakery,2.9,600
2149,1,2024-08-29 19:24:00,2,226,33.9,40,232.1,UPI,50,Cancelled,2.6,Wok This Way 1,Pune,Italian,3.6,200
2230,19,2024-08-29 19:49:00,2,934,0.0,49,983.0,Debit Card,31,Delivered,3.6,Spice Junction 19,Chennai,Desserts,3.7,150
5541,12,2024-08-29 22:20:00,4,1411,0.0,49,1460.0,Wallet,29,Delivered,4.2,Tandoori Nights 12,Mumbai,Continental,4.8,800
4488,36,2024-08-29 22:27:00,2,631,0.0,20,651.0,UPI,19,Delivered,3.9,Wok This Way 36,Bangalore,Desserts,4.5,500
2713,46,2024-08-29 23:10:00,3,490,0.0,20,510.0,Debit Card,32,Delivered,3.4,Urban Tadka 46,Kolkata,Continental,4.2,350
2863,9,2024-08-30 09:01:00,3,1389,138.9,40,1290.1,Cash on Delivery,16,Delivered,4.2,Curry Leaf 9,Pune,Bakery,4.1,200
3195,48,2024-08-30 09:41:00,2,235,0.0,49,284.0,Debit Card,27,Delivered,4.9,Burger Barn 48,Delhi,Italian,3.9,150
2300,23,2024-08-30 11:19:00,3,395,0.0,49,444.0,Credit Card,48,Delivered,4.3,Noodle Bar 23,Lucknow,Desserts,3.4,150
3996,15,2024-08-30 11:31:00,3,405,0.0,20,425.0,Credit Card,60,Cancelled,4.1,Biryani House 15,Ahmedabad,North Indian,3.2,800
4924,4,2024-08-30 12:58:00,4,1223,0.0,0,1223.0,Debit Card,18,Cancelled,4.5,Cafe Bliss 4,Lucknow,Fast Food,4.1,600
4637,29,2024-08-30 13:03:00,2,437,0.0,40,477.0,Credit Card,63,Cancelled,3.6,Sweet Tooth 29,Kolkata,North Indian,4.0,500
4814,31,2024-08-30 14:34:00,4,2024,404.8,30,1649.2,UPI,29,Delivered,3.1,Momo Magic 31,Jaipur,Continental,4.1,500
5934,43,2024-08-30 14:48:00,3,1217,0.0,20,1237.0,Credit Card,16,Delivered,3.3,Grill Masters 43,Chennai,Continental,2.9,250
5696,19,2024-08-30 15:03:00,1,163,0.0,0,163.0,Debit Card,15,Delivered,2.6,Spice Junction 19,Chennai,Desserts,3.7,150
4224,15,2024-08-30 15:21:00,1,374,74.8,0,299.2,Wallet,30,Delivered,4.9,Biryani House 15,Ahmedabad,North Indian,3.2,800
1717,15,2024-08-30 16:41:00,3,1244,186.6,30,1087.4,UPI,46,Delivered,4.3,Biryani House 15,Ahmedabad,North Indian,3.2,800
4038,39,2024-08-30 18:18:00,1,455,0.0,49,504.0,Credit Card,42,Cancelled,2.9,Wok This Way 39,Pune,North Indian,4.2,350
5898,19,2024-08-30 18:54:00,4,434,65.1,40,408.9,UPI,61,Delivered,3.3,Spice Junction 19,Chennai,Desserts,3.7,150
2363,25,2024-08-30 19:22:00,4,796,0.0,0,796.0,Debit Card,25,Delivered,3.7,Royal Feast 25,Jaipur,Biryani,3.8,250
1309,40,2024-08-30 20:24:00,3,1532,0.0,20,1552.0,Debit Card,24,Delivered,2.7,Dosa Corner 40,Mumbai,Fast Food,3.7,250
3981,44,2024-08-30 21:01:00,1,500,100.0,40,440.0,UPI,29,Delivered,2.9,Tandoori Nights 44,Hyderabad,South Indian,4.7,150
1025,32,2024-08-30 21:12:00,1,235,23.5,0,211.5,Debit Card,21,Delivered,3.2,Grill Masters 32,Hyderabad,Fast Food,3.2,800
1707,50,2024-08-30 22:09:00,2,915,183.0,0,732.0,Debit Card,58,Delivered,2.9,Urban Tadka 50,Delhi,Bakery,3.2,500
4126,6,2024-08-31 08:07:00,4,728,0.0,49,777.0,Debit Card,61,Delivered,3.5,Pizza Point 6,Mumbai,Desserts,3.1,800
2723,29,2024-08-31 09:56:00,2,899,89.9,20,829.1,UPI,47,Delivered,4.0,Sweet Tooth 29,Kolkata,North Indian,4.0,500
4361,12,2024-08-31 11:21:00,1,211,0.0,30,241.0,Debit Card,43,Delivered,3.2,Tandoori Nights 12,Mumbai,Continental,4.8,800
1990,33,2024-08-31 11:28:00,2,212,42.4,40,209.6,Wallet,56,Delivered,2.7,Pizza Point 33,Chennai,Bakery,2.9,600
5039,35,2024-08-31 13:44:00,1,245,0.0,49,294.0,UPI,48,Delivered,3.7,Momo Magic 35,Hyderabad,Fast Food,4.8,150
2342,47,2024-08-31 16:57:00,4,735,0.0,30,765.0,Cash on Delivery,55,Delivered,3.5,Wok This Way 47,Ahmedabad,Street Food,3.5,250
3707,40,2024-08-31 20:31:00,2,602,60.2,30,571.8,Debit Card,64,Cancelled,3.7,Dosa Corner 40,Mumbai,Fast Food,3.7,250
1213,49,2024-08-31 23:28:00,2,936,0.0,30,966.0,Debit Card,61,Cancelled,3.1,Curry Leaf 49,Pune,Chinese,3.9,350
1754,29,2024-08-31 23:41:00,1,500,0.0,40,540.0,Credit Card,50,Delivered,2.8,Sweet Tooth 29,Kolkata,North Indian,4.0,500
4512,9,2024-09-01 09:58:00,2,284,28.4,0,255.6,Cash on Delivery,63,Cancelled,3.8,Curry Leaf 9,Pune,Bakery,4.1,200
4907,24,2024-09-01 10:07:00,3,585,0.0,49,634.0,Wallet,34,Delivered,3.8,Cafe Bliss 24,Delhi,Street Food,3.6,600
2084,29,2024-09-01 10:08:00,3,1507,0.0,20,1527.0,Wallet,27,Cancelled,2.5,Sweet Tooth 29,Kolkata,North Indian,4.0,500
5690,15,2024-09-01 11:41:00,3,1214,121.4,30,1122.6,Credit Card,35,Cancelled,4.0,Biryani House 15,Ahmedabad,North Indian,3.2,800
1235,3,2024-09-01 11:52:00,1,500,50.0,30,480.0,Credit Card,42,Delivered,4.9,Grill Masters 3,Chennai,Continental,4.3,300
5575,10,2024-09-01 12:46:00,4,763,114.45,30,678.55,Credit Card,32,Delivered,4.4,Chaat Street 10,Mumbai,Italian,4.3,350
5863,2,2024-09-01 13:22:00,1,316,0.0,30,346.0,Cash on Delivery,37,Cancelled,4.1,Spice Junction 2,Lucknow,Continental,4.8,200
3946,39,2024-09-01 17:09:00,1,266,26.6,0,239.4,Cash on Delivery,49,Delivered,4.3,Wok This Way 39,Pune,North Indian,4.2,350
5436,47,2024-09-01 17:50:00,3,1518,0.0,49,1567.0,Debit Card,35,Delivered,3.2,Wok This Way 47,Ahmedabad,Street Food,3.5,250
1729,24,2024-09-01 20:20:00,1,212,31.8,30,210.2,Credit Card,55,Delivered,4.6,Cafe Bliss 24,Delhi,Street Food,3.6,600
2478,44,2024-09-01 21:41:00,4,1633,163.3,0,1469.7,Cash on Delivery,56,Cancelled,2.6,Tandoori Nights 44,Hyderabad,South Indian,4.7,150
5201,16,2024-09-01 23:17:00,2,265,0.0,0,265.0,Debit Card,29,Delivered,4.0,Cafe Bliss 16,Chennai,South Indian,3.2,500
3585,13,2024-09-02 09:08:00,3,918,137.7,40,820.3,UPI,58,Delivered,4.4,Spice Junction 13,Kolkata,Biryani,4.5,800
4860,25,2024-09-02 10:31:00,3,1058,0.0,30,1088.0,Wallet,57,Cancelled,2.6,Royal Feast 25,Jaipur,Biryani,3.8,250
4881,4,2024-09-02 12:15:00,2,200,0.0,20,220.0,Wallet,31,Cancelled,3.0,Cafe Bliss 4,Lucknow,Fast Food,4.1,600
1586,11,2024-09-02 13:51:00,2,843,84.3,49,807.7,Cash on Delivery,60,Delivered,4.1,Noodle Bar 11,Hyderabad,Chinese,2.8,600
1744,16,2024-09-02 14:12:00,1,521,0.0,30,551.0,UPI,61,Delivered,3.6,Cafe Bliss 16,Chennai,South Indian,3.2,500
2279,4,2024-09-02 15:10:00,1,320,32.0,40,328.0,Debit Card,58,Delivered,4.1,Cafe Bliss 4,Lucknow,Fast Food,4.1,600
1861,21,2024-09-02 15:44:00,4,1044,208.8,40,875.2,UPI,62,Delivered,3.4,Biryani House 21,Pune,South Indian,4.1,600
3517,20,2024-09-02 17:10:00,4,1229,122.9,49,1155.1,Credit Card,16,Delivered,4.9,Urban Tadka 20,Hyderabad,Street Food,3.4,600
4773,41,2024-09-02 17:18:00,3,569,56.9,40,552.1,UPI,20,Cancelled,4.1,Dosa Corner 41,Hyderabad,Continental,3.1,600
5355,27,2024-09-02 17:18:00,1,373,37.3,0,335.7,Debit Card,35,Delivered,4.5,Grill Masters 27,Delhi,Fast Food,3.2,150
1737,48,2024-09-02 19:35:00,3,1072,160.8,40,951.2,Debit Card,60,Cancelled,3.4,Burger Barn 48,Delhi,Italian,3.9,150
1411,35,2024-09-02 20:27:00,2,720,144.0,30,606.0,Debit Card,61,Delivered,4.2,Momo Magic 35,Hyderabad,Fast Food,4.8,150
2551,3,2024-09-02 21:43:00,4,755,0.0,20,775.0,Credit Card,42,Delivered,4.5,Grill Masters 3,Chennai,Continental,4.3,300
4221,44,2024-09-02 21:51:00,3,556,83.4,49,521.6,Cash on Delivery,45,Cancelled,3.8,Tandoori Nights 44,Hyderabad,South Indian,4.7,150
1233,23,2024-09-02 22:21:00,2,399,79.8,20,339.2,Cash on Delivery,21,Delivered,3.3,Noodle Bar 23,Lucknow,Desserts,3.4,150
2693,50,2024-09-03 08:32:00,3,637,0.0,0,637.0,Cash on Delivery,33,Delivered,3.7,Urban Tadka 50,Delhi,Bakery,3.2,500
5441,49,2024-09-03 09:24:00,2,412,0.0,20,432.0,Wallet,58,Delivered,3.4,Curry Leaf 49,Pune,Chinese,3.9,350
3319,35,2024-09-03 10:09:00,1,234,0.0,30,264.0,Credit Card,61,Delivered,3.1,Momo Magic 35,Hyderabad,Fast Food,4.8,150
4486,30,2024-09-03 10:23:00,4,1018,101.8,30,946.2,Wallet,17,Delivered,3.7,Noodle Bar 30,Pune,South Indian,2.9,800
3977,42,2024-09-03 12:41:00,4,1024,102.4,49,970.6,Credit Card,63,Cancelled,4.5,Sizzle & Steam 42,Lucknow,Chinese,3.8,400
2725,11,2024-09-03 12:57:00,3,1391,0.0,20,1411.0,UPI,44,Delivered,3.7,Noodle Bar 11,Hyderabad,Chinese,2.8,600
4163,13,2024-09-03 16:38:00,2,511,51.1,20,479.9,Cash on Delivery,15,Delivered,2.9,Spice Junction 13,Kolkata,Biryani,4.5,800
2923,21,2024-09-03 17:12:00,3,935,0.0,49,984.0,Credit Card,36,Delivered,4.8,Biryani House 21,Pune,South Indian,4.1,600
1362,36,2024-09-03 17:47:00,2,303,60.6,40,282.4,Wallet,56,Cancelled,2.7,Wok This Way 36,Bangalore,Desserts,4.5,500
2459,45,2024-09-03 18:15:00,1,168,0.0,49,217.0,UPI,42,Delivered,4.9,Royal Feast 45,Ahmedabad,Fast Food,3.3,250
1546,28,2024-09-03 19:35:00,3,643,64.3,20,598.7,Credit Card,38,Cancelled,4.3,Spice Junction 28,Ahmedabad,Continental,3.9,350
2805,47,2024-09-03 19:39:00,3,777,155.4,30,651.6,Debit Card,57,Delivered,2.8,Wok This Way 47,Ahmedabad,Street Food,3.5,250
2730,20,2024-09-03 20:22:00,3,424,0.0,0,424.0,Wallet,45,Delivered,2.5,Urban Tadka 20,Hyderabad,Street Food,3.4,600
3626,10,2024-09-03 21:55:00,2,629,94.35,40,574.65,Debit Card,51,Delivered,3.2,Chaat Street 10,Mumbai,Italian,4.3,350
4150,6,2024-09-04 08:26:00,4,2024,0.0,40,2064.0,Cash on Delivery,27,Cancelled,2.6,Pizza Point 6,Mumbai,Desserts,3.1,800
4969,48,2024-09-04 09:03:00,1,529,0.0,30,559.0,Wallet,35,Cancelled,4.4,Burger Barn 48,Delhi,Italian,3.9,150
1344,37,2024-09-04 11:15:00,3,910,0.0,49,959.0,Debit Card,51,Delivered,3.1,Curry Leaf 37,Chennai,Chinese,3.4,500
3218,34,2024-09-04 12:12:00,2,416,62.4,0,353.6,Debit Card,41,Delivered,4.3,Biryani House 34,Bangalore,South Indian,4.8,200
3053,25,2024-09-04 12:44:00,1,99,14.85,0,84.15,Cash on Delivery,52,Delivered,3.5,Royal Feast 25,Jaipur,Biryani,3.8,250
1733,2,2024-09-04 14:15:00,2,644,128.8,0,515.2,Credit Card,27,Delivered,4.8,Spice Junction 2,Lucknow,Continental,4.8,200
2783,14,2024-09-04 15:48:00,4,1221,183.15,20,1057.85,Credit Card,62,Delivered,4.8,Curry Leaf 14,Pune,South Indian,3.2,150
4630,35,2024-09-04 17:57:00,3,898,179.6,0,718.4,Wallet,36,Cancelled,4.0,Momo Magic 35,Hyderabad,Fast Food,4.8,150
2678,20,2024-09-04 19:02:00,1,394,0.0,40,434.0,Cash on Delivery,51,Delivered,3.0,Urban Tadka 20,Hyderabad,Street Food,3.4,600
1304,45,2024-09-04 19:21:00,4,1614,161.4,49,1501.6,Cash on Delivery,26,Delivered,4.0,Royal Feast 45,Ahmedabad,Fast Food,3.3,250
4653,22,2024-09-04 21:19:00,2,643,0.0,0,643.0,UPI,27,Delivered,3.5,Urban Tadka 22,Mumbai,Desserts,3.1,250
4821,13,2024-09-04 21:33:00,2,324,0.0,40,364.0,UPI,35,Delivered,3.8,Spice Junction 13,Kolkata,Biryani,4.5,800
1295,37,2024-09-04 23:15:00,2,741,74.1,49,715.9,Wallet,54,Delivered,4.1,Curry Leaf 37,Chennai,Chinese,3.4,500
5639,36,2024-09-04 23:38:00,4,999,199.8,49,848.2,Credit Card,62,Delivered,3.0,Wok This Way 36,Bangalore,Desserts,4.5,500
1163,35,2024-09-05 08:24:00,1,522,0.0,0,522.0,Credit Card,22,Delivered,4.7,Momo Magic 35,Hyderabad,Fast Food,4.8,150
3335,38,2024-09-05 10:08:00,1,315,0.0,49,364.0,UPI,51,Delivered,5.0,Burger Barn 38,Kolkata,Biryani,3.0,600
4774,24,2024-09-05 10:48:00,2,417,0.0,49,466.0,Credit Card,56,Cancelled,4.4,Cafe Bliss 24,Delhi,Street Food,3.6,600
1006,15,2024-09-05 10:48:00,4,531,0.0,0,531.0,Cash on Delivery,28,Cancelled,3.0,Biryani House 15,Ahmedabad,North Indian,3.2,800
2964,14,2024-09-05 14:06:00,4,528,0.0,49,577.0,Wallet,46,Delivered,2.9,Curry Leaf 14,Pune,South Indian,3.2,150
1023,36,2024-09-05 14:34:00,1,419,41.9,20,397.1,Cash on Delivery,21,Delivered,3.7,Wok This Way 36,Bangalore,Desserts,4.5,500
2070,43,2024-09-05 18:57:00,1,350,0.0,20,370.0,Wallet,56,Delivered,3.4,Grill Masters 43,Chennai,Continental,2.9,250
4569,33,2024-09-05 20:47:00,2,620,124.0,30,526.0,Wallet,25,Cancelled,4.0,Pizza Point 33,Chennai,Bakery,2.9,600
3645,44,2024-09-05 21:21:00,2,1037,207.4,0,829.6,UPI,18,Cancelled,3.5,Tandoori Nights 44,Hyderabad,South Indian,4.7,150
1039,11,2024-09-05 23:13:00,3,634,0.0,49,683.0,Credit Card,35,Delivered,3.1,Noodle Bar 11,Hyderabad,Chinese,2.8,600
4552,38,2024-09-05 23:48:00,1,292,0.0,40,332.0,UPI,25,Delivered,3.9,Burger Barn 38,Kolkata,Biryani,3.0,600
1888,30,2024-09-06 08:00:00,3,1381,0.0,20,1401.0,UPI,23,Delivered,2.8,Noodle Bar 30,Pune,South Indian,2.9,800
5000,45,2024-09-06 09:23:00,4,2006,0.0,30,2036.0,Credit Card,56,Delivered,4.6,Royal Feast 45,Ahmedabad,Fast Food,3.3,250
3454,47,2024-09-06 10:00:00,3,941,94.1,40,886.9,Credit Card,53,Delivered,3.4,Wok This Way 47,Ahmedabad,Street Food,3.5,250
3009,8,2024-09-06 11:38:00,4,716,143.2,40,612.8,Debit Card,61,Delivered,3.4,Urban Tadka 8,Hyderabad,Desserts,4.6,350
2487,5,2024-09-06 11:56:00,2,736,0.0,49,785.0,Credit Card,51,Delivered,3.1,Cafe Bliss 5,Hyderabad,Street Food,3.1,500
2020,10,2024-09-06 13:35:00,1,434,65.1,30,398.9,Wallet,27,Delivered,2.6,Chaat Street 10,Mumbai,Italian,4.3,350
2938,34,2024-09-06 15:20:00,4,730,146.0,20,604.0,Debit Card,62,Delivered,3.4,Biryani House 34,Bangalore,South Indian,4.8,200
5292,26,2024-09-06 17:04:00,4,1996,0.0,20,2016.0,Credit Card,40,Delivered,4.2,Chaat Street 26,Hyderabad,Continental,4.4,250
2834,33,2024-09-06 17:16:00,4,1437,0.0,20,1457.0,Cash on Delivery,41,Delivered,3.8,Pizza Point 33,Chennai,Bakery,2.9,600
5957,19,2024-09-06 19:05:00,2,515,77.25,40,477.75,Wallet,64,Delivered,3.1,Spice Junction 19,Chennai,Desserts,3.7,150
4617,46,2024-09-06 20:19:00,4,1444,0.0,30,1474.0,Wallet,40,Cancelled,3.2,Urban Tadka 46,Kolkata,Continental,4.2,350
3990,4,2024-09-06 20:31:00,1,234,0.0,0,234.0,Cash on Delivery,19,Delivered,3.9,Cafe Bliss 4,Lucknow,Fast Food,4.1,600
3306,37,2024-09-06 21:08:00,1,373,0.0,20,393.0,Wallet,26,Cancelled,4.7,Curry Leaf 37,Chennai,Chinese,3.4,500
5590,20,2024-09-06 22:14:00,1,410,0.0,20,430.0,Wallet,26,Cancelled,3.8,Urban Tadka 20,Hyderabad,Street Food,3.4,600
5874,32,2024-09-07 08:14:00,2,401,0.0,40,441.0,UPI,63,Cancelled,2.9,Grill Masters 32,Hyderabad,Fast Food,3.2,800
5598,10,2024-09-07 08:23:00,3,1094,0.0,20,1114.0,Wallet,24,Delivered,3.8,Chaat Street 10,Mumbai,Italian,4.3,350
3755,44,2024-09-07 11:44:00,2,328,0.0,20,348.0,Cash on Delivery,35,Delivered,3.9,Tandoori Nights 44,Hyderabad,South Indian,4.7,150
5694,27,2024-09-07 15:05:00,2,598,0.0,0,598.0,Debit Card,54,Delivered,4.5,Grill Masters 27,Delhi,Fast Food,3.2,150
2966,2,2024-09-07 16:03:00,1,309,0.0,0,309.0,Cash on Delivery,37,Delivered,4.9,Spice Junction 2,Lucknow,Continental,4.8,200
1076,2,2024-09-07 16:57:00,2,608,0.0,0,608.0,Credit Card,29,Delivered,3.9,Spice Junction 2,Lucknow,Continental,4.8,200
5296,45,2024-09-07 17:00:00,4,820,0.0,40,860.0,UPI,24,Delivered,4.1,Royal Feast 45,Ahmedabad,Fast Food,3.3,250
4642,32,2024-09-07 17:44:00,4,1199,0.0,30,1229.0,Debit Card,21,Delivered,2.6,Grill Masters 32,Hyderabad,Fast Food,3.2,800
2008,39,2024-09-07 18:38:00,2,1044,156.6,0,887.4,Credit Card,18,Delivered,3.0,Wok This Way 39,Pune,North Indian,4.2,350
2434,14,2024-09-07 19:48:00,2,341,51.15,0,289.85,Credit Card,35,Delivered,4.6,Curry Leaf 14,Pune,South Indian,3.2,150
3069,42,2024-09-07 20:47:00,2,531,79.65,49,500.35,Credit Card,48,Delivered,2.9,Sizzle & Steam 42,Lucknow,Chinese,3.8,400
4090,2,2024-09-07 21:52:00,1,188,37.6,49,199.4,Wallet,29,Delivered,3.4,Spice Junction 2,Lucknow,Continental,4.8,200
2362,42,2024-09-07 22:11:00,4,1199,0.0,40,1239.0,Cash on Delivery,27,Cancelled,3.4,Sizzle & Steam 42,Lucknow,Chinese,3.8,400
5907,34,2024-09-07 22:23:00,1,220,0.0,20,240.0,Wallet,20,Cancelled,4.4,Biryani House 34,Bangalore,South Indian,4.8,200
1877,24,2024-09-07 23:29:00,3,403,0.0,49,452.0,Cash on Delivery,28,Delivered,3.5,Cafe Bliss 24,Delhi,Street Food,3.6,600
4530,35,2024-09-08 08:06:00,3,475,71.25,49,452.75,Wallet,26,Delivered,4.9,Momo Magic 35,Hyderabad,Fast Food,4.8,150
5116,50,2024-09-08 08:26:00,1,280,0.0,30,310.0,Cash on Delivery,45,Delivered,4.4,Urban Tadka 50,Delhi,Bakery,3.2,500
2171,28,2024-09-08 09:09:00,2,265,0.0,0,265.0,Wallet,30,Delivered,4.3,Spice Junction 28,Ahmedabad,Continental,3.9,350
4476,45,2024-09-08 10:12:00,1,135,13.5,20,141.5,Credit Card,23,Delivered,4.6,Royal Feast 45,Ahmedabad,Fast Food,3.3,250
1231,21,2024-09-08 11:55:00,1,217,32.55,49,233.45,Wallet,36,Delivered,3.7,Biryani House 21,Pune,South Indian,4.1,600
2345,35,2024-09-08 11:55:00,1,378,37.8,20,360.2,UPI,44,Delivered,3.9,Momo Magic 35,Hyderabad,Fast Food,4.8,150
3895,28,2024-09-08 12:35:00,4,1809,271.35,0,1537.65,UPI,46,Delivered,2.9,Spice Junction 28,Ahmedabad,Continental,3.9,350
4863,17,2024-09-08 13:41:00,4,1828,274.2,20,1573.8,Debit Card,58,Cancelled,3.9,Spicy Junction 17,Delhi,Chinese,3.4,800
1627,50,2024-09-08 14:07:00,1,150,0.0,40,190.0,Debit Card,50,Cancelled,4.6,Urban Tadka 50,Delhi,Bakery,3.2,500
5964,46,2024-09-08 15:24:00,2,244,0.0,0,244.0,Wallet,34,Delivered,3.8,Urban Tadka 46,Kolkata,Continental,4.2,350
2499,25,2024-09-08 18:15:00,2,931,0.0,0,931.0,Wallet,37,Delivered,4.1,Royal Feast 25,Jaipur,Biryani,3.8,250
5267,29,2024-09-08 19:34:00,4,1003,100.3,49,951.7,Wallet,29,Delivered,3.4,Sweet Tooth 29,Kolkata,North Indian,4.0,500
2886,42,2024-09-08 23:19:00,4,1644,246.6,20,1417.4,Cash on Delivery,63,Delivered,2.7,Sizzle & Steam 42,Lucknow,Chinese,3.8,400
1637,21,2024-09-09 08:23:00,2,1013,0.0,20,1033.0,Credit Card,38,Cancelled,3.0,Biryani House 21,Pune,South Indian,4.1,600
5428,17,2024-09-09 10:51:00,2,638,0.0,0,638.0,Credit Card,50,Delivered,3.1,Spicy Junction 17,Delhi,Chinese,3.4,800
1378,4,2024-09-09 11:06:00,1,154,0.0,0,154.0,Cash on Delivery,15,Delivered,4.7,Cafe Bliss 4,Lucknow,Fast Food,4.1,600
3688,25,2024-09-09 11:24:00,2,385,0.0,0,385.0,Credit Card,32,Delivered,3.4,Royal Feast 25,Jaipur,Biryani,3.8,250
3904,48,2024-09-09 11:54:00,4,1228,184.2,20,1063.8,Cash on Delivery,23,Cancelled,4.8,Burger Barn 48,Delhi,Italian,3.9,150
1946,50,2024-09-09 12:04:00,2,211,0.0,40,251.0,Debit Card,60,Delivered,4.9,Urban Tadka 50,Delhi,Bakery,3.2,500
4195,21,2024-09-09 14:00:00,3,612,0.0,0,612.0,Credit Card,26,Delivered,4.4,Biryani House 21,Pune,South Indian,4.1,600
3149,1,2024-09-09 15:13:00,1,338,0.0,49,387.0,Debit Card,63,Delivered,3.1,Wok This Way 1,Pune,Italian,3.6,200
5697,28,2024-09-09 16:26:00,2,905,0.0,30,935.0,Credit Card,55,Delivered,3.0,Spice Junction 28,Ahmedabad,Continental,3.9,350
5582,2,2024-09-09 18:03:00,4,730,146.0,40,624.0,Wallet,48,Delivered,3.6,Spice Junction 2,Lucknow,Continental,4.8,200
5357,15,2024-09-09 19:42:00,4,1612,0.0,49,1661.0,Debit Card,43,Delivered,3.1,Biryani House 15,Ahmedabad,North Indian,3.2,800
4398,18,2024-09-09 21:48:00,1,414,62.1,20,371.9,Credit Card,29,Delivered,4.3,Sizzle & Steam 18,Chennai,Chinese,3.9,600
3281,4,2024-09-10 09:05:00,3,494,98.8,30,425.2,Debit Card,44,Delivered,3.4,Cafe Bliss 4,Lucknow,Fast Food,4.1,600
1839,47,2024-09-10 09:22:00,1,279,0.0,20,299.0,Debit Card,39,Delivered,2.7,Wok This Way 47,Ahmedabad,Street Food,3.5,250
3944,4,2024-09-10 10:18:00,2,527,0.0,40,567.0,Credit Card,45,Delivered,5.0,Cafe Bliss 4,Lucknow,Fast Food,4.1,600
5337,14,2024-09-10 12:14:00,3,537,80.55,20,476.45,Debit Card,53,Cancelled,4.1,Curry Leaf 14,Pune,South Indian,3.2,150
5512,12,2024-09-10 12:14:00,3,1357,0.0,30,1387.0,Credit Card,51,Delivered,3.1,Tandoori Nights 12,Mumbai,Continental,4.8,800
4765,43,2024-09-10 12:20:00,1,402,80.4,0,321.6,Debit Card,38,Cancelled,4.4,Grill Masters 43,Chennai,Continental,2.9,250
3512,32,2024-09-10 15:05:00,2,742,0.0,40,782.0,Cash on Delivery,51,Delivered,3.3,Grill Masters 32,Hyderabad,Fast Food,3.2,800
3989,21,2024-09-10 17:02:00,3,770,77.0,0,693.0,UPI,43,Delivered,4.4,Biryani House 21,Pune,South Indian,4.1,600
5114,32,2024-09-10 19:58:00,3,1072,107.2,20,984.8,Credit Card,16,Delivered,3.6,Grill Masters 32,Hyderabad,Fast Food,3.2,800
3864,24,2024-09-10 20:08:00,2,403,80.6,30,352.4,Cash on Delivery,20,Delivered,3.9,Cafe Bliss 24,Delhi,Street Food,3.6,600
3734,46,2024-09-10 20:39:00,3,1202,180.3,49,1070.7,Debit Card,49,Delivered,2.9,Urban Tadka 46,Kolkata,Continental,4.2,350
4912,5,2024-09-10 21:30:00,3,750,0.0,0,750.0,Cash on Delivery,41,Delivered,2.8,Cafe Bliss 5,Hyderabad,Street Food,3.1,500
5137,4,2024-09-10 21:32:00,1,205,41.0,49,213.0,UPI,60,Delivered,2.8,Cafe Bliss 4,Lucknow,Fast Food,4.1,600
4309,33,2024-09-10 23:17:00,1,140,0.0,30,170.0,Debit Card,56,Delivered,3.1,Pizza Point 33,Chennai,Bakery,2.9,600
4576,4,2024-09-11 10:19:00,3,912,91.2,20,840.8,Cash on Delivery,61,Delivered,4.6,Cafe Bliss 4,Lucknow,Fast Food,4.1,600
4725,23,2024-09-11 11:25:00,1,412,82.4,49,378.6,Credit Card,34,Delivered,4.1,Noodle Bar 23,Lucknow,Desserts,3.4,150
5071,32,2024-09-11 11:40:00,3,602,0.0,40,642.0,Cash on Delivery,53,Delivered,3.2,Grill Masters 32,Hyderabad,Fast Food,3.2,800
2267,17,2024-09-11 12:21:00,2,268,0.0,0,268.0,Cash on Delivery,64,Delivered,2.9,Spicy Junction 17,Delhi,Chinese,3.4,800
3400,3,2024-09-11 12:41:00,3,407,0.0,20,427.0,UPI,29,Cancelled,4.7,Grill Masters 3,Chennai,Continental,4.3,300
2458,16,2024-09-11 14:44:00,3,335,0.0,0,335.0,Wallet,42,Delivered,3.3,Cafe Bliss 16,Chennai,South Indian,3.2,500
3757,11,2024-09-11 18:10:00,4,417,41.7,30,405.3,Debit Card,64,Delivered,3.8,Noodle Bar 11,Hyderabad,Chinese,2.8,600
4324,46,2024-09-11 18:17:00,2,806,161.2,49,693.8,UPI,19,Delivered,3.3,Urban Tadka 46,Kolkata,Continental,4.2,350
1466,36,2024-09-11 21:11:00,4,1402,0.0,49,1451.0,Credit Card,52,Delivered,3.6,Wok This Way 36,Bangalore,Desserts,4.5,500
1867,11,2024-09-11 22:06:00,1,476,0.0,49,525.0,Cash on Delivery,30,Delivered,2.9,Noodle Bar 11,Hyderabad,Chinese,2.8,600
1599,26,2024-09-11 23:23:00,2,638,0.0,20,658.0,UPI,41,Cancelled,3.5,Chaat Street 26,Hyderabad,Continental,4.4,250
3148,15,2024-09-12 08:38:00,1,109,21.8,20,107.2,Wallet,38,Delivered,5.0,Biryani House 15,Ahmedabad,North Indian,3.2,800
5474,1,2024-09-12 09:17:00,3,1497,0.0,49,1546.0,UPI,22,Cancelled,4.2,Wok This Way 1,Pune,Italian,3.6,200
2113,38,2024-09-12 10:33:00,4,2016,201.6,30,1844.4,Cash on Delivery,51,Delivered,3.2,Burger Barn 38,Kolkata,Biryani,3.0,600
2933,50,2024-09-12 10:43:00,1,512,0.0,0,512.0,Credit Card,25,Delivered,3.9,Urban Tadka 50,Delhi,Bakery,3.2,500
3912,39,2024-09-12 11:56:00,2,428,0.0,49,477.0,Debit Card,24,Delivered,4.1,Wok This Way 39,Pune,North Indian,4.2,350
3578,15,2024-09-12 12:29:00,4,601,90.15,0,510.85,Wallet,29,Delivered,4.8,Biryani House 15,Ahmedabad,North Indian,3.2,800
2832,32,2024-09-12 12:57:00,4,1642,0.0,0,1642.0,Cash on Delivery,32,Cancelled,4.6,Grill Masters 32,Hyderabad,Fast Food,3.2,800
2144,22,2024-09-12 13:23:00,3,925,0.0,49,974.0,Debit Card,63,Delivered,2.6,Urban Tadka 22,Mumbai,Desserts,3.1,250
5880,34,2024-09-12 14:02:00,1,281,28.1,0,252.9,Credit Card,59,Delivered,2.9,Biryani House 34,Bangalore,South Indian,4.8,200
5953,7,2024-09-12 14:34:00,2,389,77.8,0,311.2,UPI,22,Delivered,4.7,Wok This Way 7,Bangalore,Street Food,2.9,600
3776,24,2024-09-12 14:42:00,2,346,69.2,20,296.8,UPI,37,Delivered,4.6,Cafe Bliss 24,Delhi,Street Food,3.6,600
3314,9,2024-09-12 15:45:00,2,262,0.0,49,311.0,Cash on Delivery,22,Delivered,3.4,Curry Leaf 9,Pune,Bakery,4.1,200
3704,36,2024-09-12 16:48:00,3,618,0.0,30,648.0,Credit Card,21,Delivered,4.3,Wok This Way 36,Bangalore,Desserts,4.5,500
5703,20,2024-09-12 18:41:00,2,415,0.0,0,415.0,Wallet,19,Delivered,4.0,Urban Tadka 20,Hyderabad,Street Food,3.4,600
4902,32,2024-09-12 19:59:00,3,494,49.4,40,484.6,Debit Card,27,Delivered,4.6,Grill Masters 32,Hyderabad,Fast Food,3.2,800
2822,46,2024-09-12 21:13:00,4,1614,242.1,49,1420.9,Debit Card,37,Delivered,4.3,Urban Tadka 46,Kolkata,Continental,4.2,350
2505,15,2024-09-12 22:20:00,4,1038,0.0,30,1068.0,Cash on Delivery,33,Delivered,3.5,Biryani House 15,Ahmedabad,North Indian,3.2,800
5059,40,2024-09-12 22:26:00,3,1348,202.2,40,1185.8,Cash on Delivery,54,Delivered,3.7,Dosa Corner 40,Mumbai,Fast Food,3.7,250
5937,15,2024-09-13 09:38:00,3,338,0.0,49,387.0,Credit Card,63,Delivered,4.6,Biryani House 15,Ahmedabad,North Indian,3.2,800
4329,49,2024-09-13 10:50:00,4,2025,303.75,30,1751.25,UPI,38,Delivered,3.9,Curry Leaf 49,Pune,Chinese,3.9,350
3125,41,2024-09-13 11:11:00,3,1354,0.0,40,1394.0,UPI,17,Cancelled,4.4,Dosa Corner 41,Hyderabad,Continental,3.1,600
5753,37,2024-09-13 11:15:00,1,295,44.25,20,270.75,UPI,58,Cancelled,4.5,Curry Leaf 37,Chennai,Chinese,3.4,500
3543,21,2024-09-13 11:30:00,1,504,100.8,0,403.2,Debit Card,58,Delivered,4.7,Biryani House 21,Pune,South Indian,4.1,600
3672,43,2024-09-13 15:32:00,3,412,0.0,0,412.0,Credit Card,15,Delivered,4.3,Grill Masters 43,Chennai,Continental,2.9,250
3315,14,2024-09-13 16:26:00,4,1405,281.0,20,1144.0,Debit Card,32,Delivered,4.1,Curry Leaf 14,Pune,South Indian,3.2,150
3073,1,2024-09-13 16:51:00,2,213,0.0,0,213.0,Credit Card,34,Delivered,3.4,Wok This Way 1,Pune,Italian,3.6,200
1360,21,2024-09-13 16:53:00,3,1068,0.0,49,1117.0,Wallet,21,Delivered,4.6,Biryani House 21,Pune,South Indian,4.1,600
4501,39,2024-09-13 19:31:00,1,282,42.3,20,259.7,Cash on Delivery,58,Delivered,2.9,Wok This Way 39,Pune,North Indian,4.2,350
1263,26,2024-09-13 23:28:00,4,1624,0.0,30,1654.0,Debit Card,62,Delivered,4.5,Chaat Street 26,Hyderabad,Continental,4.4,250
1726,10,2024-09-13 23:55:00,3,1216,0.0,0,1216.0,Wallet,40,Delivered,3.6,Chaat Street 10,Mumbai,Italian,4.3,350
3955,44,2024-09-14 08:07:00,2,635,95.25,49,588.75,Wallet,63,Delivered,2.9,Tandoori Nights 44,Hyderabad,South Indian,4.7,150
4822,45,2024-09-14 08:10:00,1,485,97.0,49,437.0,Cash on Delivery,40,Cancelled,3.6,Royal Feast 45,Ahmedabad,Fast Food,3.3,250
2155,32,2024-09-14 09:11:00,2,834,0.0,49,883.0,UPI,51,Delivered,3.6,Grill Masters 32,Hyderabad,Fast Food,3.2,800
4016,26,2024-09-14 09:51:00,4,542,81.3,0,460.7,Cash on Delivery,44,Delivered,4.1,Chaat Street 26,Hyderabad,Continental,4.4,250
2621,45,2024-09-14 11:18:00,4,823,0.0,40,863.0,UPI,23,Delivered,4.5,Royal Feast 45,Ahmedabad,Fast Food,3.3,250
4781,50,2024-09-14 13:12:00,4,539,80.85,49,507.15,Debit Card,20,Delivered,4.3,Urban Tadka 50,Delhi,Bakery,3.2,500
5368,29,2024-09-14 14:22:00,2,899,0.0,0,899.0,Cash on Delivery,47,Delivered,4.7,Sweet Tooth 29,Kolkata,North Indian,4.0,500
3019,12,2024-09-14 15:09:00,1,110,0.0,40,150.0,Credit Card,50,Delivered,3.1,Tandoori Nights 12,Mumbai,Continental,4.8,800
1408,46,2024-09-14 15:39:00,2,516,0.0,0,516.0,Debit Card,44,Cancelled,4.4,Urban Tadka 46,Kolkata,Continental,4.2,350
1783,30,2024-09-14 17:44:00,3,1500,300.0,20,1220.0,UPI,28,Delivered,4.2,Noodle Bar 30,Pune,South Indian,2.9,800
3100,46,2024-09-14 23:45:00,1,204,20.4,0,183.6,UPI,52,Delivered,4.1,Urban Tadka 46,Kolkata,Continental,4.2,350
5250,36,2024-09-14 23:47:00,3,1519,151.9,0,1367.1,Debit Card,19,Delivered,3.8,Wok This Way 36,Bangalore,Desserts,4.5,500
3884,31,2024-09-14 23:59:00,2,599,89.85,0,509.15,Credit Card,31,Delivered,3.9,Momo Magic 31,Jaipur,Continental,4.1,500
3509,45,2024-09-15 09:27:00,3,1511,0.0,49,1560.0,Credit Card,33,Delivered,3.1,Royal Feast 45,Ahmedabad,Fast Food,3.3,250
3336,42,2024-09-15 10:54:00,1,270,27.0,49,292.0,Debit Card,33,Delivered,4.5,Sizzle & Steam 42,Lucknow,Chinese,3.8,400
4039,22,2024-09-15 13:05:00,4,1604,240.6,40,1403.4,UPI,52,Delivered,4.6,Urban Tadka 22,Mumbai,Desserts,3.1,250
3720,40,2024-09-15 16:34:00,4,1240,0.0,20,1260.0,Credit Card,35,Delivered,4.0,Dosa Corner 40,Mumbai,Fast Food,3.7,250
4172,3,2024-09-15 18:56:00,4,1617,161.7,40,1495.3,Credit Card,39,Delivered,4.4,Grill Masters 3,Chennai,Continental,4.3,300
1418,10,2024-09-15 21:06:00,2,701,0.0,0,701.0,Wallet,32,Delivered,4.2,Chaat Street 10,Mumbai,Italian,4.3,350
5797,7,2024-09-15 21:11:00,4,1019,0.0,0,1019.0,Credit Card,62,Delivered,3.4,Wok This Way 7,Bangalore,Street Food,2.9,600
4489,18,2024-09-15 21:48:00,1,162,0.0,20,182.0,Wallet,46,Delivered,4.8,Sizzle & Steam 18,Chennai,Chinese,3.9,600
5346,8,2024-09-15 22:25:00,1,130,13.0,20,137.0,UPI,37,Cancelled,4.2,Urban Tadka 8,Hyderabad,Desserts,4.6,350
3678,10,2024-09-15 23:23:00,1,226,33.9,49,241.1,Wallet,16,Delivered,3.2,Chaat Street 10,Mumbai,Italian,4.3,350
3217,19,2024-09-16 08:51:00,3,464,46.4,49,466.6,UPI,28,Delivered,4.8,Spice Junction 19,Chennai,Desserts,3.7,150
2665,30,2024-09-16 08:52:00,2,1020,102.0,0,918.0,Credit Card,43,Delivered,4.3,Noodle Bar 30,Pune,South Indian,2.9,800
4403,27,2024-09-16 09:29:00,1,157,31.4,40,165.6,Debit Card,30,Cancelled,4.9,Grill Masters 27,Delhi,Fast Food,3.2,150
1498,11,2024-09-16 10:19:00,3,1216,0.0,40,1256.0,Cash on Delivery,23,Delivered,4.9,Noodle Bar 11,Hyderabad,Chinese,2.8,600
4480,47,2024-09-16 10:27:00,4,2010,0.0,20,2030.0,UPI,45,Delivered,4.7,Wok This Way 47,Ahmedabad,Street Food,3.5,250
5847,22,2024-09-16 11:26:00,3,1378,0.0,40,1418.0,UPI,64,Delivered,4.8,Urban Tadka 22,Mumbai,Desserts,3.1,250
2501,1,2024-09-16 15:35:00,2,371,0.0,0,371.0,Cash on Delivery,50,Delivered,3.2,Wok This Way 1,Pune,Italian,3.6,200
1300,5,2024-09-16 16:52:00,3,1365,136.5,30,1258.5,UPI,31,Delivered,5.0,Cafe Bliss 5,Hyderabad,Street Food,3.1,500
5608,26,2024-09-16 18:17:00,4,1620,0.0,0,1620.0,Debit Card,29,Delivered,4.8,Chaat Street 26,Hyderabad,Continental,4.4,250
3189,37,2024-09-16 18:49:00,2,371,0.0,49,420.0,Wallet,18,Delivered,4.6,Curry Leaf 37,Chennai,Chinese,3.4,500
4071,21,2024-09-16 19:07:00,3,333,33.3,0,299.7,Cash on Delivery,59,Delivered,3.8,Biryani House 21,Pune,South Indian,4.1,600
4032,17,2024-09-16 23:46:00,1,239,47.8,40,231.2,Cash on Delivery,16,Delivered,4.1,Spicy Junction 17,Delhi,Chinese,3.4,800
2147,49,2024-09-17 08:02:00,3,556,0.0,0,556.0,Credit Card,29,Delivered,2.9,Curry Leaf 49,Pune,Chinese,3.9,350
1049,39,2024-09-17 10:54:00,3,403,80.6,20,342.4,Debit Card,54,Delivered,4.0,Wok This Way 39,Pune,North Indian,4.2,350
4724,24,2024-09-17 12:30:00,2,737,147.4,49,638.6,Credit Card,51,Delivered,2.9,Cafe Bliss 24,Delhi,Street Food,3.6,600
5595,12,2024-09-17 13:01:00,1,360,36.0,49,373.0,Wallet,18,Delivered,3.8,Tandoori Nights 12,Mumbai,Continental,4.8,800
2535,6,2024-09-17 13:44:00,4,808,0.0,20,828.0,Cash on Delivery,41,Delivered,4.6,Pizza Point 6,Mumbai,Desserts,3.1,800
2511,37,2024-09-17 14:41:00,3,452,0.0,20,472.0,Cash on Delivery,51,Delivered,3.3,Curry Leaf 37,Chennai,Chinese,3.4,500
4247,38,2024-09-17 16:22:00,2,206,0.0,49,255.0,UPI,57,Cancelled,2.6,Burger Barn 38,Kolkata,Biryani,3.0,600
5580,10,2024-09-17 16:49:00,3,346,0.0,40,386.0,Credit Card,54,Cancelled,2.9,Chaat Street 10,Mumbai,Italian,4.3,350
4147,37,2024-09-17 20:07:00,3,1376,137.6,30,1268.4,Credit Card,20,Delivered,3.0,Curry Leaf 37,Chennai,Chinese,3.4,500
1704,38,2024-09-17 20:32:00,1,481,0.0,20,501.0,UPI,23,Delivered,4.1,Burger Barn 38,Kolkata,Biryani,3.0,600
4304,36,2024-09-17 20:48:00,4,1844,276.6,30,1597.4,Credit Card,17,Delivered,3.9,Wok This Way 36,Bangalore,Desserts,4.5,500
2599,45,2024-09-17 22:31:00,2,938,0.0,0,938.0,Debit Card,36,Cancelled,2.7,Royal Feast 45,Ahmedabad,Fast Food,3.3,250
1109,36,2024-09-18 11:24:00,1,350,35.0,20,335.0,Debit Card,55,Delivered,4.9,Wok This Way 36,Bangalore,Desserts,4.5,500
1484,36,2024-09-18 11:33:00,4,1622,0.0,0,1622.0,Credit Card,56,Cancelled,3.4,Wok This Way 36,Bangalore,Desserts,4.5,500
2034,5,2024-09-18 11:36:00,2,401,40.1,0,360.9,Debit Card,62,Delivered,4.9,Cafe Bliss 5,Hyderabad,Street Food,3.1,500
3136,18,2024-09-18 13:24:00,3,1053,0.0,40,1093.0,Wallet,34,Delivered,4.8,Sizzle & Steam 18,Chennai,Chinese,3.9,600
5354,46,2024-09-18 14:30:00,2,541,0.0,20,561.0,Wallet,54,Cancelled,4.5,Urban Tadka 46,Kolkata,Continental,4.2,350
2126,6,2024-09-18 14:51:00,2,738,0.0,30,768.0,Cash on Delivery,61,Delivered,3.4,Pizza Point 6,Mumbai,Desserts,3.1,800
5992,19,2024-09-18 14:54:00,4,416,83.2,30,362.8,Wallet,49,Cancelled,3.2,Spice Junction 19,Chennai,Desserts,3.7,150
1485,23,2024-09-18 14:57:00,3,604,0.0,30,634.0,Debit Card,23,Cancelled,2.8,Noodle Bar 23,Lucknow,Desserts,3.4,150
4456,44,2024-09-18 15:32:00,2,834,83.4,20,770.6,Cash on Delivery,22,Delivered,4.3,Tandoori Nights 44,Hyderabad,South Indian,4.7,150
3708,2,2024-09-18 16:09:00,3,1377,0.0,49,1426.0,Credit Card,15,Delivered,2.8,Spice Junction 2,Lucknow,Continental,4.8,200
4166,28,2024-09-18 17:02:00,4,396,0.0,20,416.0,Wallet,55,Delivered,4.0,Spice Junction 28,Ahmedabad,Continental,3.9,350
2564,41,2024-09-18 17:44:00,1,126,25.2,0,100.8,Credit Card,61,Delivered,3.7,Dosa Corner 41,Hyderabad,Continental,3.1,600
3291,36,2024-09-18 20:54:00,3,1396,279.2,30,1146.8,Wallet,47,Cancelled,4.4,Wok This Way 36,Bangalore,Desserts,4.5,500
1798,28,2024-09-18 22:51:00,1,287,0.0,30,317.0,UPI,24,Delivered,3.1,Spice Junction 28,Ahmedabad,Continental,3.9,350
5926,49,2024-09-19 10:21:00,4,1832,0.0,49,1881.0,Debit Card,63,Delivered,2.9,Curry Leaf 49,Pune,Chinese,3.9,350
1457,17,2024-09-19 11:22:00,2,517,103.4,49,462.6,Wallet,41,Cancelled,3.8,Spicy Junction 17,Delhi,Chinese,3.4,800
4094,44,2024-09-19 11:44:00,2,406,40.6,20,385.4,Wallet,40,Delivered,2.8,Tandoori Nights 44,Hyderabad,South Indian,4.7,150
4435,9,2024-09-19 11:52:00,2,637,95.55,49,590.45,Wallet,57,Cancelled,4.7,Curry Leaf 9,Pune,Bakery,4.1,200
5129,25,2024-09-19 12:13:00,3,1088,217.6,40,910.4,UPI,48,Delivered,3.8,Royal Feast 25,Jaipur,Biryani,3.8,250
1612,13,2024-09-19 13:01:00,1,221,0.0,40,261.0,UPI,17,Cancelled,3.0,Spice Junction 13,Kolkata,Biryani,4.5,800
5850,47,2024-09-19 13:59:00,1,453,90.6,20,382.4,Debit Card,56,Delivered,2.7,Wok This Way 47,Ahmedabad,Street Food,3.5,250
5826,39,2024-09-19 14:16:00,1,536,0.0,20,556.0,Credit Card,62,Cancelled,4.0,Wok This Way 39,Pune,North Indian,4.2,350
2780,15,2024-09-19 16:56:00,4,1599,319.8,30,1309.2,Credit Card,41,Delivered,4.5,Biryani House 15,Ahmedabad,North Indian,3.2,800
4321,8,2024-09-19 18:27:00,1,111,22.2,30,118.8,Debit Card,45,Delivered,3.2,Urban Tadka 8,Hyderabad,Desserts,4.6,350
3941,36,2024-09-19 18:29:00,3,935,187.0,0,748.0,Credit Card,63,Cancelled,3.7,Wok This Way 36,Bangalore,Desserts,4.5,500
1800,14,2024-09-19 21:29:00,4,1225,122.5,20,1122.5,Debit Card,37,Delivered,4.6,Curry Leaf 14,Pune,South Indian,3.2,150
4834,16,2024-09-19 22:32:00,2,939,0.0,49,988.0,UPI,43,Delivered,3.9,Cafe Bliss 16,Chennai,South Indian,3.2,500
3991,50,2024-09-19 23:14:00,3,1521,304.2,0,1216.8,Credit Card,36,Delivered,4.4,Urban Tadka 50,Delhi,Bakery,3.2,500
3327,49,2024-09-19 23:36:00,3,1226,183.9,49,1091.1,Debit Card,26,Delivered,3.8,Curry Leaf 49,Pune,Chinese,3.9,350
2602,3,2024-09-20 10:06:00,1,407,0.0,20,427.0,Wallet,54,Cancelled,3.8,Grill Masters 3,Chennai,Continental,4.3,300
2051,10,2024-09-20 11:08:00,2,405,0.0,0,405.0,UPI,53,Delivered,3.4,Chaat Street 10,Mumbai,Italian,4.3,350
2675,29,2024-09-20 12:28:00,3,422,0.0,0,422.0,Debit Card,23,Delivered,4.5,Sweet Tooth 29,Kolkata,North Indian,4.0,500
1570,37,2024-09-20 15:45:00,4,1411,0.0,49,1460.0,Wallet,55,Delivered,4.0,Curry Leaf 37,Chennai,Chinese,3.4,500
2060,43,2024-09-20 16:44:00,2,826,0.0,30,856.0,UPI,53,Cancelled,2.7,Grill Masters 43,Chennai,Continental,2.9,250
1127,50,2024-09-20 18:05:00,3,926,0.0,20,946.0,Credit Card,29,Delivered,3.5,Urban Tadka 50,Delhi,Bakery,3.2,500
3750,46,2024-09-20 21:17:00,4,624,0.0,49,673.0,Wallet,33,Cancelled,4.3,Urban Tadka 46,Kolkata,Continental,4.2,350
5904,1,2024-09-20 22:27:00,2,817,163.4,20,673.6,UPI,50,Delivered,2.8,Wok This Way 1,Pune,Italian,3.6,200
2790,38,2024-09-21 08:44:00,1,195,0.0,40,235.0,Credit Card,27,Delivered,3.3,Burger Barn 38,Kolkata,Biryani,3.0,600
3321,21,2024-09-21 10:33:00,3,1064,0.0,40,1104.0,Wallet,31,Delivered,4.5,Biryani House 21,Pune,South Indian,4.1,600
5888,19,2024-09-21 11:29:00,1,328,65.6,30,292.4,Wallet,22,Delivered,3.4,Spice Junction 19,Chennai,Desserts,3.7,150
3123,13,2024-09-21 12:29:00,1,469,93.8,40,415.2,Wallet,51,Delivered,3.4,Spice Junction 13,Kolkata,Biryani,4.5,800
5411,48,2024-09-21 17:06:00,1,475,0.0,30,505.0,Wallet,19,Delivered,3.1,Burger Barn 48,Delhi,Italian,3.9,150
4243,3,2024-09-21 18:37:00,1,307,46.05,20,280.95,Cash on Delivery,43,Delivered,3.2,Grill Masters 3,Chennai,Continental,4.3,300
4047,1,2024-09-21 19:01:00,2,507,76.05,40,470.95,Cash on Delivery,33,Cancelled,4.0,Wok This Way 1,Pune,Italian,3.6,200
2598,40,2024-09-21 19:32:00,1,182,0.0,0,182.0,Credit Card,39,Delivered,3.1,Dosa Corner 40,Mumbai,Fast Food,3.7,250
2351,9,2024-09-21 19:52:00,1,197,19.7,30,207.3,UPI,33,Delivered,4.7,Curry Leaf 9,Pune,Bakery,4.1,200
1014,4,2024-09-21 22:07:00,4,521,104.2,20,436.8,UPI,64,Delivered,3.2,Cafe Bliss 4,Lucknow,Fast Food,4.1,600
4343,3,2024-09-21 22:46:00,4,425,63.75,40,401.25,Debit Card,44,Delivered,3.3,Grill Masters 3,Chennai,Continental,4.3,300
2977,2,2024-09-22 11:06:00,4,1435,287.0,49,1197.0,Cash on Delivery,25,Delivered,3.6,Spice Junction 2,Lucknow,Continental,4.8,200
4659,45,2024-09-22 11:48:00,4,835,0.0,49,884.0,Wallet,45,Delivered,4.2,Royal Feast 45,Ahmedabad,Fast Food,3.3,250
2109,35,2024-09-22 14:47:00,2,1033,0.0,20,1053.0,UPI,59,Delivered,4.8,Momo Magic 35,Hyderabad,Fast Food,4.8,150
1600,8,2024-09-22 16:51:00,4,1201,120.1,30,1110.9,Wallet,20,Delivered,4.3,Urban Tadka 8,Hyderabad,Desserts,4.6,350
3644,32,2024-09-22 17:23:00,3,456,45.6,0,410.4,Wallet,58,Delivered,4.3,Grill Masters 32,Hyderabad,Fast Food,3.2,800
5419,8,2024-09-22 17:25:00,4,1443,216.45,30,1256.55,Cash on Delivery,37,Delivered,4.2,Urban Tadka 8,Hyderabad,Desserts,4.6,350
1652,28,2024-09-22 17:54:00,4,1011,0.0,49,1060.0,Debit Card,54,Delivered,3.0,Spice Junction 28,Ahmedabad,Continental,3.9,350
4319,4,2024-09-22 19:14:00,4,1229,184.35,30,1074.65,Cash on Delivery,39,Delivered,4.0,Cafe Bliss 4,Lucknow,Fast Food,4.1,600
4306,17,2024-09-22 22:11:00,3,900,90.0,0,810.0,Cash on Delivery,16,Cancelled,3.9,Spicy Junction 17,Delhi,Chinese,3.4,800
5329,45,2024-09-22 22:53:00,3,312,0.0,20,332.0,Credit Card,46,Cancelled,4.8,Royal Feast 45,Ahmedabad,Fast Food,3.3,250
1270,36,2024-09-22 22:58:00,2,309,0.0,20,329.0,Credit Card,63,Cancelled,4.7,Wok This Way 36,Bangalore,Desserts,4.5,500
5049,25,2024-09-23 08:28:00,1,431,86.2,40,384.8,Wallet,63,Cancelled,2.5,Royal Feast 25,Jaipur,Biryani,3.8,250
4575,7,2024-09-23 09:08:00,3,471,0.0,20,491.0,Debit Card,63,Cancelled,3.6,Wok This Way 7,Bangalore,Street Food,2.9,600
1943,49,2024-09-23 13:43:00,1,472,70.8,30,431.2,UPI,46,Delivered,2.9,Curry Leaf 49,Pune,Chinese,3.9,350
1112,3,2024-09-23 14:23:00,1,431,43.1,49,436.9,Cash on Delivery,16,Cancelled,3.2,Grill Masters 3,Chennai,Continental,4.3,300
4716,44,2024-09-23 15:19:00,4,1843,368.6,30,1504.4,Debit Card,22,Delivered,4.5,Tandoori Nights 44,Hyderabad,South Indian,4.7,150
1835,3,2024-09-23 15:26:00,4,1803,180.3,0,1622.7,Cash on Delivery,61,Delivered,4.8,Grill Masters 3,Chennai,Continental,4.3,300
2450,49,2024-09-23 16:39:00,3,469,0.0,49,518.0,UPI,23,Delivered,2.7,Curry Leaf 49,Pune,Chinese,3.9,350
2686,22,2024-09-23 16:53:00,2,837,167.4,49,718.6,UPI,36,Delivered,3.1,Urban Tadka 22,Mumbai,Desserts,3.1,250
3228,8,2024-09-23 17:01:00,1,152,0.0,40,192.0,Credit Card,16,Delivered,3.9,Urban Tadka 8,Hyderabad,Desserts,4.6,350
3200,44,2024-09-23 17:36:00,4,439,65.85,20,393.15,Cash on Delivery,28,Delivered,3.4,Tandoori Nights 44,Hyderabad,South Indian,4.7,150
2432,39,2024-09-23 18:27:00,3,617,61.7,0,555.3,Wallet,53,Delivered,2.8,Wok This Way 39,Pune,North Indian,4.2,350
5285,20,2024-09-23 18:53:00,3,1349,0.0,40,1389.0,UPI,38,Cancelled,4.8,Urban Tadka 20,Hyderabad,Street Food,3.4,600
2174,30,2024-09-23 21:44:00,1,163,0.0,30,193.0,UPI,32,Cancelled,2.7,Noodle Bar 30,Pune,South Indian,2.9,800
1146,41,2024-09-23 23:40:00,4,617,0.0,0,617.0,UPI,41,Delivered,4.9,Dosa Corner 41,Hyderabad,Continental,3.1,600
3697,14,2024-09-24 10:07:00,3,914,0.0,20,934.0,Debit Card,37,Delivered,4.6,Curry Leaf 14,Pune,South Indian,3.2,150
4100,23,2024-09-24 12:07:00,1,126,25.2,40,140.8,Debit Card,42,Delivered,3.7,Noodle Bar 23,Lucknow,Desserts,3.4,150
4125,20,2024-09-24 14:48:00,4,1610,322.0,20,1308.0,Debit Card,52,Delivered,4.0,Urban Tadka 20,Hyderabad,Street Food,3.4,600
4203,26,2024-09-24 16:12:00,4,2038,0.0,49,2087.0,Cash on Delivery,26,Delivered,3.5,Chaat Street 26,Hyderabad,Continental,4.4,250
5126,7,2024-09-24 16:59:00,3,332,49.8,0,282.2,UPI,50,Delivered,4.1,Wok This Way 7,Bangalore,Street Food,2.9,600
2521,7,2024-09-24 19:44:00,2,272,0.0,40,312.0,Credit Card,49,Delivered,4.1,Wok This Way 7,Bangalore,Street Food,2.9,600
4951,24,2024-09-24 20:08:00,4,1825,0.0,49,1874.0,UPI,49,Delivered,4.8,Cafe Bliss 24,Delhi,Street Food,3.6,600
5742,46,2024-09-24 20:21:00,4,425,0.0,0,425.0,Debit Card,60,Delivered,4.2,Urban Tadka 46,Kolkata,Continental,4.2,350
1241,40,2024-09-24 20:28:00,3,601,0.0,20,621.0,Cash on Delivery,55,Cancelled,4.5,Dosa Corner 40,Mumbai,Fast Food,3.7,250
2314,45,2024-09-24 21:34:00,4,844,0.0,49,893.0,Debit Card,35,Delivered,2.9,Royal Feast 45,Ahmedabad,Fast Food,3.3,250
2721,39,2024-09-24 21:52:00,1,106,21.2,40,124.8,UPI,17,Delivered,4.6,Wok This Way 39,Pune,North Indian,4.2,350
2354,9,2024-09-25 08:11:00,1,472,0.0,40,512.0,Credit Card,59,Delivered,4.6,Curry Leaf 9,Pune,Bakery,4.1,200
4369,22,2024-09-25 10:29:00,4,1611,322.2,40,1328.8,Wallet,26,Delivered,2.7,Urban Tadka 22,Mumbai,Desserts,3.1,250
1510,40,2024-09-25 13:23:00,4,2045,409.0,20,1656.0,UPI,20,Delivered,4.2,Dosa Corner 40,Mumbai,Fast Food,3.7,250
4731,14,2024-09-25 15:11:00,4,1620,162.0,40,1498.0,Debit Card,20,Delivered,2.6,Curry Leaf 14,Pune,South Indian,3.2,150
4788,7,2024-09-25 17:44:00,1,141,28.2,49,161.8,Cash on Delivery,49,Delivered,4.2,Wok This Way 7,Bangalore,Street Food,2.9,600
3220,4,2024-09-25 17:49:00,2,216,0.0,40,256.0,Debit Card,63,Delivered,4.8,Cafe Bliss 4,Lucknow,Fast Food,4.1,600
3608,41,2024-09-25 18:04:00,3,628,0.0,0,628.0,Cash on Delivery,54,Cancelled,3.1,Dosa Corner 41,Hyderabad,Continental,3.1,600
1841,47,2024-09-25 18:44:00,2,1035,0.0,30,1065.0,Wallet,59,Delivered,5.0,Wok This Way 47,Ahmedabad,Street Food,3.5,250
1720,17,2024-09-25 20:09:00,1,165,0.0,49,214.0,Debit Card,47,Delivered,3.6,Spicy Junction 17,Delhi,Chinese,3.4,800
5922,7,2024-09-25 22:02:00,2,817,163.4,30,683.6,Cash on Delivery,48,Delivered,4.4,Wok This Way 7,Bangalore,Street Food,2.9,600
5725,18,2024-09-25 23:00:00,4,1642,328.4,20,1333.6,UPI,54,Delivered,3.9,Sizzle & Steam 18,Chennai,Chinese,3.9,600
2957,8,2024-09-25 23:49:00,3,1512,0.0,49,1561.0,Wallet,27,Delivered,3.0,Urban Tadka 8,Hyderabad,Desserts,4.6,350
4870,20,2024-09-26 12:46:00,3,490,49.0,20,461.0,Debit Card,51,Delivered,4.1,Urban Tadka 20,Hyderabad,Street Food,3.4,600
5280,29,2024-09-26 13:16:00,3,928,139.2,20,808.8,Wallet,46,Delivered,4.1,Sweet Tooth 29,Kolkata,North Indian,4.0,500
3591,18,2024-09-26 15:50:00,2,703,140.6,20,582.4,Credit Card,18,Delivered,4.1,Sizzle & Steam 18,Chennai,Chinese,3.9,600
3320,7,2024-09-26 16:29:00,2,199,0.0,40,239.0,Cash on Delivery,20,Delivered,4.5,Wok This Way 7,Bangalore,Street Food,2.9,600
3176,26,2024-09-26 19:59:00,2,514,0.0,0,514.0,Credit Card,37,Delivered,3.1,Chaat Street 26,Hyderabad,Continental,4.4,250
2810,45,2024-09-26 21:30:00,3,387,77.4,49,358.6,UPI,32,Delivered,4.4,Royal Feast 45,Ahmedabad,Fast Food,3.3,250
3170,10,2024-09-26 21:33:00,2,429,85.8,30,373.2,Credit Card,20,Delivered,2.8,Chaat Street 10,Mumbai,Italian,4.3,350
3860,4,2024-09-26 21:49:00,4,1637,0.0,40,1677.0,Wallet,64,Delivered,4.0,Cafe Bliss 4,Lucknow,Fast Food,4.1,600
1314,30,2024-09-26 22:00:00,2,524,0.0,0,524.0,Cash on Delivery,25,Cancelled,4.4,Noodle Bar 30,Pune,South Indian,2.9,800
5318,45,2024-09-26 22:44:00,1,544,54.4,0,489.6,Cash on Delivery,58,Cancelled,4.1,Royal Feast 45,Ahmedabad,Fast Food,3.3,250
2246,12,2024-09-26 23:00:00,3,345,0.0,20,365.0,Debit Card,64,Delivered,4.2,Tandoori Nights 12,Mumbai,Continental,4.8,800
5398,36,2024-09-27 14:05:00,1,478,0.0,40,518.0,Wallet,25,Delivered,3.4,Wok This Way 36,Bangalore,Desserts,4.5,500
5200,41,2024-09-27 15:36:00,1,205,0.0,0,205.0,UPI,53,Cancelled,4.4,Dosa Corner 41,Hyderabad,Continental,3.1,600
4622,6,2024-09-27 17:18:00,2,704,0.0,30,734.0,Wallet,51,Cancelled,4.3,Pizza Point 6,Mumbai,Desserts,3.1,800
4134,27,2024-09-27 18:24:00,4,1012,202.4,40,849.6,Wallet,34,Delivered,4.3,Grill Masters 27,Delhi,Fast Food,3.2,150
4701,21,2024-09-27 19:44:00,4,1805,0.0,49,1854.0,UPI,17,Delivered,4.2,Biryani House 21,Pune,South Indian,4.1,600
1543,45,2024-09-27 21:10:00,2,707,0.0,30,737.0,UPI,22,Delivered,4.6,Royal Feast 45,Ahmedabad,Fast Food,3.3,250
2095,26,2024-09-28 08:39:00,4,2035,203.5,40,1871.5,Credit Card,55,Delivered,2.6,Chaat Street 26,Hyderabad,Continental,4.4,250
3466,6,2024-09-28 11:39:00,3,1201,0.0,30,1231.0,UPI,17,Delivered,4.8,Pizza Point 6,Mumbai,Desserts,3.1,800
1849,19,2024-09-28 12:24:00,2,436,87.2,40,388.8,Cash on Delivery,33,Delivered,2.5,Spice Junction 19,Chennai,Desserts,3.7,150
2950,18,2024-09-28 12:28:00,4,1422,0.0,0,1422.0,Credit Card,33,Delivered,3.7,Sizzle & Steam 18,Chennai,Chinese,3.9,600
1048,3,2024-09-28 13:03:00,4,1412,0.0,40,1452.0,UPI,51,Delivered,4.4,Grill Masters 3,Chennai,Continental,4.3,300
1447,32,2024-09-28 14:24:00,3,605,0.0,49,654.0,Wallet,45,Cancelled,3.5,Grill Masters 32,Hyderabad,Fast Food,3.2,800
2170,2,2024-09-28 15:26:00,2,834,0.0,30,864.0,UPI,41,Delivered,4.1,Spice Junction 2,Lucknow,Continental,4.8,200
3510,12,2024-09-28 20:30:00,1,224,0.0,20,244.0,Debit Card,28,Delivered,2.6,Tandoori Nights 12,Mumbai,Continental,4.8,800
3887,48,2024-09-28 21:09:00,3,777,0.0,30,807.0,Cash on Delivery,29,Delivered,4.8,Burger Barn 48,Delhi,Italian,3.9,150
4043,6,2024-09-28 21:50:00,1,219,0.0,30,249.0,UPI,38,Delivered,4.4,Pizza Point 6,Mumbai,Desserts,3.1,800
5226,34,2024-09-28 22:22:00,4,553,110.6,49,491.4,UPI,46,Cancelled,4.1,Biryani House 34,Bangalore,South Indian,4.8,200
4828,16,2024-09-29 10:10:00,2,820,0.0,30,850.0,Debit Card,24,Delivered,4.4,Cafe Bliss 16,Chennai,South Indian,3.2,500
2724,29,2024-09-29 11:05:00,4,1612,0.0,20,1632.0,Credit Card,48,Delivered,4.4,Sweet Tooth 29,Kolkata,North Indian,4.0,500
1007,26,2024-09-29 12:08:00,1,238,47.6,0,190.4,UPI,15,Cancelled,4.9,Chaat Street 26,Hyderabad,Continental,4.4,250
3356,2,2024-09-29 15:24:00,3,1227,0.0,20,1247.0,UPI,63,Delivered,2.9,Spice Junction 2,Lucknow,Continental,4.8,200
3285,36,2024-09-29 17:24:00,1,143,0.0,49,192.0,Credit Card,57,Delivered,4.2,Wok This Way 36,Bangalore,Desserts,4.5,500
1731,34,2024-09-29 18:34:00,4,845,169.0,40,716.0,Wallet,23,Delivered,3.9,Biryani House 34,Bangalore,South Indian,4.8,200
3232,30,2024-09-29 18:49:00,2,220,22.0,0,198.0,UPI,56,Delivered,3.0,Noodle Bar 30,Pune,South Indian,2.9,800
3362,8,2024-09-29 19:54:00,1,155,15.5,49,188.5,Cash on Delivery,61,Delivered,4.8,Urban Tadka 8,Hyderabad,Desserts,4.6,350
1889,38,2024-09-29 21:00:00,2,236,0.0,20,256.0,Credit Card,27,Delivered,4.8,Burger Barn 38,Kolkata,Biryani,3.0,600
1193,46,2024-09-29 21:42:00,3,487,73.05,0,413.95,Cash on Delivery,32,Delivered,3.5,Urban Tadka 46,Kolkata,Continental,4.2,350
3966,30,2024-09-30 08:00:00,3,456,0.0,40,496.0,UPI,46,Delivered,3.9,Noodle Bar 30,Pune,South Indian,2.9,800
5176,46,2024-09-30 09:21:00,4,1200,0.0,40,1240.0,UPI,30,Delivered,3.8,Urban Tadka 46,Kolkata,Continental,4.2,350
2441,3,2024-09-30 09:38:00,2,389,58.35,49,379.65,Wallet,52,Delivered,3.6,Grill Masters 3,Chennai,Continental,4.3,300
1656,5,2024-09-30 10:32:00,3,322,64.4,30,287.6,Wallet,34,Delivered,4.7,Cafe Bliss 5,Hyderabad,Street Food,3.1,500
5418,21,2024-09-30 15:54:00,1,275,55.0,40,260.0,Debit Card,37,Delivered,5.0,Biryani House 21,Pune,South Indian,4.1,600
2552,32,2024-09-30 17:56:00,2,1030,103.0,20,947.0,Cash on Delivery,16,Delivered,3.6,Grill Masters 32,Hyderabad,Fast Food,3.2,800
3412,30,2024-09-30 18:05:00,1,451,90.2,20,380.8,Cash on Delivery,57,Delivered,3.8,Noodle Bar 30,Pune,South Indian,2.9,800
4130,16,2024-09-30 18:25:00,4,1002,0.0,0,1002.0,UPI,28,Cancelled,2.8,Cafe Bliss 16,Chennai,South Indian,3.2,500
5899,3,2024-09-30 19:07:00,2,421,42.1,0,378.9,Wallet,21,Delivered,3.4,Grill Masters 3,Chennai,Continental,4.3,300
4728,11,2024-09-30 19:15:00,1,154,0.0,40,194.0,Cash on Delivery,47,Delivered,3.8,Noodle Bar 11,Hyderabad,Chinese,2.8,600
1865,4,2024-09-30 19:19:00,4,1228,245.6,40,1022.4,Credit Card,31,Delivered,3.9,Cafe Bliss 4,Lucknow,Fast Food,4.1,600
3813,46,2024-09-30 19:44:00,4,1840,184.0,30,1686.0,Wallet,17,Delivered,4.5,Urban Tadka 46,Kolkata,Continental,4.2,350
3642,19,2024-09-30 19:52:00,1,101,15.15,49,134.85,UPI,19,Delivered,3.7,Spice Junction 19,Chennai,Desserts,3.7,150
4360,12,2024-09-30 20:12:00,4,1827,365.4,0,1461.6,Debit Card,20,Delivered,3.4,Tandoori Nights 12,Mumbai,Continental,4.8,800
3425,34,2024-09-30 22:01:00,3,405,0.0,30,435.0,Cash on Delivery,63,Delivered,4.3,Biryani House 34,Bangalore,South Indian,4.8,200
5014,21,2024-09-30 22:06:00,3,923,138.45,40,824.55,Credit Card,15,Delivered,4.6,Biryani House 21,Pune,South Indian,4.1,600
5491,14,2024-09-30 22:27:00,1,235,0.0,20,255.0,UPI,31,Delivered,3.3,Curry Leaf 14,Pune,South Indian,3.2,150
4917,1,2024-09-30 23:34:00,2,903,0.0,49,952.0,Debit Card,40,Delivered,4.2,Wok This Way 1,Pune,Italian,3.6,200
2395,8,2024-09-30 23:58:00,4,2023,0.0,30,2053.0,Credit Card,30,Delivered,4.0,Urban Tadka 8,Hyderabad,Desserts,4.6,350
3202,45,2024-10-01 08:13:00,4,599,0.0,20,619.0,Wallet,48,Cancelled,4.7,Royal Feast 45,Ahmedabad,Fast Food,3.3,250
1569,11,2024-10-01 08:40:00,3,418,83.6,30,364.4,Debit Card,30,Cancelled,3.8,Noodle Bar 11,Hyderabad,Chinese,2.8,600
1691,30,2024-10-01 08:54:00,4,1028,205.6,40,862.4,Wallet,62,Delivered,3.5,Noodle Bar 30,Pune,South Indian,2.9,800
1975,25,2024-10-01 10:06:00,3,316,0.0,49,365.0,Credit Card,42,Cancelled,2.7,Royal Feast 25,Jaipur,Biryani,3.8,250
2937,36,2024-10-01 11:08:00,1,145,0.0,40,185.0,Cash on Delivery,33,Delivered,3.3,Wok This Way 36,Bangalore,Desserts,4.5,500
1368,5,2024-10-01 11:29:00,3,1092,163.8,20,948.2,Wallet,33,Delivered,2.6,Cafe Bliss 5,Hyderabad,Street Food,3.1,500
1794,47,2024-10-01 12:10:00,1,195,19.5,0,175.5,Wallet,41,Cancelled,3.1,Wok This Way 47,Ahmedabad,Street Food,3.5,250
3430,50,2024-10-01 12:47:00,1,120,0.0,49,169.0,Cash on Delivery,17,Cancelled,4.6,Urban Tadka 50,Delhi,Bakery,3.2,500
1853,6,2024-10-01 14:03:00,2,913,0.0,40,953.0,Debit Card,39,Delivered,2.8,Pizza Point 6,Mumbai,Desserts,3.1,800
5659,1,2024-10-01 14:10:00,1,192,38.4,20,173.6,UPI,33,Delivered,4.2,Wok This Way 1,Pune,Italian,3.6,200
3761,25,2024-10-01 14:18:00,2,1000,0.0,20,1020.0,Wallet,47,Cancelled,3.7,Royal Feast 25,Jaipur,Biryani,3.8,250
4918,43,2024-10-01 15:24:00,4,1804,360.8,30,1473.2,UPI,32,Cancelled,4.4,Grill Masters 43,Chennai,Continental,2.9,250
3568,22,2024-10-01 17:11:00,1,160,0.0,49,209.0,UPI,44,Delivered,4.2,Urban Tadka 22,Mumbai,Desserts,3.1,250
4298,14,2024-10-01 17:50:00,2,937,140.55,30,826.45,UPI,44,Delivered,4.1,Curry Leaf 14,Pune,South Indian,3.2,150
1104,6,2024-10-01 18:01:00,3,299,0.0,0,299.0,Credit Card,32,Delivered,4.1,Pizza Point 6,Mumbai,Desserts,3.1,800
3198,46,2024-10-01 18:29:00,3,560,0.0,20,580.0,Cash on Delivery,15,Delivered,4.7,Urban Tadka 46,Kolkata,Continental,4.2,350
5975,47,2024-10-01 20:14:00,2,363,54.45,49,357.55,Credit Card,58,Delivered,3.0,Wok This Way 47,Ahmedabad,Street Food,3.5,250
5660,49,2024-10-01 20:55:00,1,228,34.2,49,242.8,Credit Card,45,Delivered,3.4,Curry Leaf 49,Pune,Chinese,3.9,350
2741,16,2024-10-01 21:36:00,1,461,69.15,40,431.85,Cash on Delivery,50,Delivered,3.7,Cafe Bliss 16,Chennai,South Indian,3.2,500
5965,30,2024-10-02 12:24:00,4,429,0.0,30,459.0,Debit Card,64,Cancelled,2.8,Noodle Bar 30,Pune,South Indian,2.9,800
4493,28,2024-10-02 12:35:00,2,825,0.0,40,865.0,Cash on Delivery,51,Cancelled,3.0,Spice Junction 28,Ahmedabad,Continental,3.9,350
3477,2,2024-10-02 13:10:00,4,1632,0.0,40,1672.0,Wallet,39,Delivered,4.5,Spice Junction 2,Lucknow,Continental,4.8,200
4656,42,2024-10-02 13:25:00,4,1403,280.6,30,1152.4,Credit Card,39,Cancelled,4.7,Sizzle & Steam 42,Lucknow,Chinese,3.8,400
3051,43,2024-10-02 14:13:00,4,755,151.0,30,634.0,Cash on Delivery,18,Delivered,4.9,Grill Masters 43,Chennai,Continental,2.9,250
2662,48,2024-10-02 14:16:00,2,258,0.0,40,298.0,Credit Card,33,Delivered,3.7,Burger Barn 48,Delhi,Italian,3.9,150
1062,24,2024-10-02 14:32:00,4,2022,202.2,20,1839.8,Debit Card,37,Delivered,4.2,Cafe Bliss 24,Delhi,Street Food,3.6,600
4674,47,2024-10-02 14:44:00,2,283,56.6,30,256.4,UPI,50,Delivered,3.8,Wok This Way 47,Ahmedabad,Street Food,3.5,250
5822,46,2024-10-02 14:44:00,3,1376,0.0,30,1406.0,Cash on Delivery,60,Delivered,2.5,Urban Tadka 46,Kolkata,Continental,4.2,350
1789,1,2024-10-02 14:48:00,2,1014,0.0,20,1034.0,Credit Card,16,Delivered,2.8,Wok This Way 1,Pune,Italian,3.6,200
2781,25,2024-10-02 16:44:00,2,911,0.0,40,951.0,Wallet,48,Delivered,3.4,Royal Feast 25,Jaipur,Biryani,3.8,250
1745,8,2024-10-02 16:59:00,1,335,0.0,49,384.0,Wallet,39,Delivered,2.6,Urban Tadka 8,Hyderabad,Desserts,4.6,350
2032,29,2024-10-02 17:10:00,3,544,81.6,30,492.4,Cash on Delivery,60,Delivered,2.6,Sweet Tooth 29,Kolkata,North Indian,4.0,500
1815,38,2024-10-02 20:33:00,2,933,0.0,0,933.0,Wallet,62,Delivered,3.2,Burger Barn 38,Kolkata,Biryani,3.0,600
3116,9,2024-10-02 20:47:00,1,164,0.0,30,194.0,Cash on Delivery,24,Delivered,4.1,Curry Leaf 9,Pune,Bakery,4.1,200
1844,47,2024-10-02 23:15:00,4,545,109.0,40,476.0,Wallet,51,Delivered,4.7,Wok This Way 47,Ahmedabad,Street Food,3.5,250
1200,27,2024-10-02 23:29:00,3,645,96.75,40,588.25,Cash on Delivery,61,Delivered,4.8,Grill Masters 27,Delhi,Fast Food,3.2,150
1175,41,2024-10-03 09:22:00,4,1013,0.0,40,1053.0,UPI,47,Delivered,3.3,Dosa Corner 41,Hyderabad,Continental,3.1,600
2811,25,2024-10-03 09:32:00,4,1245,0.0,0,1245.0,Cash on Delivery,27,Cancelled,3.2,Royal Feast 25,Jaipur,Biryani,3.8,250
4118,47,2024-10-03 09:42:00,1,414,0.0,0,414.0,Cash on Delivery,37,Delivered,4.9,Wok This Way 47,Ahmedabad,Street Food,3.5,250
1150,16,2024-10-03 10:08:00,4,1412,0.0,20,1432.0,Wallet,33,Delivered,4.9,Cafe Bliss 16,Chennai,South Indian,3.2,500
4737,4,2024-10-03 11:18:00,4,739,0.0,30,769.0,UPI,33,Delivered,3.8,Cafe Bliss 4,Lucknow,Fast Food,4.1,600
3018,37,2024-10-03 12:20:00,2,228,0.0,0,228.0,Cash on Delivery,26,Delivered,3.9,Curry Leaf 37,Chennai,Chinese,3.4,500
2875,47,2024-10-03 13:37:00,2,298,0.0,49,347.0,Debit Card,53,Cancelled,2.8,Wok This Way 47,Ahmedabad,Street Food,3.5,250
5597,3,2024-10-03 14:00:00,2,846,0.0,49,895.0,Credit Card,19,Delivered,4.9,Grill Masters 3,Chennai,Continental,4.3,300
1011,39,2024-10-03 14:45:00,4,1442,288.4,40,1193.6,Wallet,60,Delivered,3.0,Wok This Way 39,Pune,North Indian,4.2,350
2873,28,2024-10-03 16:35:00,3,1352,0.0,0,1352.0,Credit Card,48,Delivered,4.8,Spice Junction 28,Ahmedabad,Continental,3.9,350
2597,50,2024-10-03 17:01:00,4,1244,124.4,20,1139.6,Debit Card,56,Cancelled,3.2,Urban Tadka 50,Delhi,Bakery,3.2,500
3424,38,2024-10-03 17:31:00,3,785,117.75,0,667.25,UPI,36,Cancelled,4.9,Burger Barn 38,Kolkata,Biryani,3.0,600
3771,27,2024-10-03 18:12:00,2,618,92.7,40,565.3,Debit Card,35,Delivered,4.2,Grill Masters 27,Delhi,Fast Food,3.2,150
2669,32,2024-10-03 23:41:00,4,641,96.15,40,584.85,UPI,55,Delivered,2.7,Grill Masters 32,Hyderabad,Fast Food,3.2,800
2560,14,2024-10-04 09:22:00,1,494,98.8,40,435.2,Credit Card,55,Delivered,2.7,Curry Leaf 14,Pune,South Indian,3.2,150
1880,2,2024-10-04 09:33:00,4,998,199.6,20,818.4,Cash on Delivery,20,Delivered,2.6,Spice Junction 2,Lucknow,Continental,4.8,200
1322,23,2024-10-04 09:39:00,3,540,0.0,40,580.0,Wallet,36,Cancelled,4.5,Noodle Bar 23,Lucknow,Desserts,3.4,150
5465,6,2024-10-04 11:03:00,3,625,125.0,0,500.0,Credit Card,57,Delivered,4.6,Pizza Point 6,Mumbai,Desserts,3.1,800
3082,34,2024-10-04 12:13:00,3,768,115.2,30,682.8,UPI,55,Cancelled,3.3,Biryani House 34,Bangalore,South Indian,4.8,200
3084,26,2024-10-04 14:55:00,3,1368,0.0,0,1368.0,Cash on Delivery,58,Delivered,2.7,Chaat Street 26,Hyderabad,Continental,4.4,250
1632,18,2024-10-04 17:57:00,1,166,16.6,40,189.4,Cash on Delivery,50,Cancelled,3.5,Sizzle & Steam 18,Chennai,Chinese,3.9,600
2549,17,2024-10-04 18:45:00,2,360,72.0,40,328.0,Wallet,50,Delivered,4.6,Spicy Junction 17,Delhi,Chinese,3.4,800
3237,4,2024-10-04 19:35:00,3,1209,120.9,40,1128.1,UPI,26,Cancelled,4.0,Cafe Bliss 4,Lucknow,Fast Food,4.1,600
5483,18,2024-10-04 19:59:00,3,1369,273.8,49,1144.2,Debit Card,33,Cancelled,4.4,Sizzle & Steam 18,Chennai,Chinese,3.9,600
5061,12,2024-10-04 21:33:00,3,1205,120.5,49,1133.5,Credit Card,30,Delivered,4.8,Tandoori Nights 12,Mumbai,Continental,4.8,800
2311,45,2024-10-04 21:48:00,4,1828,0.0,40,1868.0,Cash on Delivery,28,Delivered,2.9,Royal Feast 45,Ahmedabad,Fast Food,3.3,250
1282,34,2024-10-04 22:26:00,4,1001,150.15,0,850.85,Credit Card,41,Delivered,3.8,Biryani House 34,Bangalore,South Indian,4.8,200
2223,18,2024-10-05 08:24:00,3,491,0.0,0,491.0,Debit Card,24,Delivered,3.1,Sizzle & Steam 18,Chennai,Chinese,3.9,600
1576,47,2024-10-05 08:24:00,3,913,0.0,49,962.0,Wallet,42,Delivered,3.3,Wok This Way 47,Ahmedabad,Street Food,3.5,250
4883,23,2024-10-05 11:01:00,1,353,52.95,30,330.05,Wallet,38,Delivered,3.7,Noodle Bar 23,Lucknow,Desserts,3.4,150
4668,4,2024-10-05 13:27:00,3,344,0.0,49,393.0,Debit Card,62,Delivered,2.7,Cafe Bliss 4,Lucknow,Fast Food,4.1,600
5458,17,2024-10-05 14:31:00,4,1627,0.0,40,1667.0,Credit Card,27,Delivered,3.0,Spicy Junction 17,Delhi,Chinese,3.4,800
4336,50,2024-10-05 16:00:00,3,633,94.95,30,568.05,Wallet,49,Delivered,3.8,Urban Tadka 50,Delhi,Bakery,3.2,500
1067,39,2024-10-05 17:39:00,2,301,45.15,30,285.85,Wallet,27,Delivered,4.7,Wok This Way 39,Pune,North Indian,4.2,350
2036,47,2024-10-05 19:34:00,4,544,0.0,20,564.0,Debit Card,61,Delivered,4.5,Wok This Way 47,Ahmedabad,Street Food,3.5,250
2587,26,2024-10-05 20:05:00,2,213,0.0,40,253.0,Credit Card,34,Cancelled,3.7,Chaat Street 26,Hyderabad,Continental,4.4,250
2913,28,2024-10-05 23:11:00,2,516,51.6,20,484.4,Wallet,25,Delivered,3.6,Spice Junction 28,Ahmedabad,Continental,3.9,350
1592,38,2024-10-05 23:16:00,2,899,0.0,20,919.0,UPI,28,Delivered,4.0,Burger Barn 38,Kolkata,Biryani,3.0,600
2225,10,2024-10-05 23:22:00,3,607,121.4,20,505.6,Credit Card,36,Delivered,4.5,Chaat Street 10,Mumbai,Italian,4.3,350
5687,25,2024-10-06 11:28:00,1,278,0.0,49,327.0,Cash on Delivery,43,Delivered,4.7,Royal Feast 25,Jaipur,Biryani,3.8,250
5022,13,2024-10-06 12:30:00,1,155,0.0,30,185.0,Cash on Delivery,58,Delivered,3.6,Spice Junction 13,Kolkata,Biryani,4.5,800
1339,29,2024-10-06 13:04:00,2,211,0.0,49,260.0,Wallet,55,Delivered,4.0,Sweet Tooth 29,Kolkata,North Indian,4.0,500
1964,35,2024-10-06 13:43:00,3,1213,0.0,40,1253.0,Wallet,52,Delivered,4.5,Momo Magic 35,Hyderabad,Fast Food,4.8,150
2117,27,2024-10-06 13:48:00,4,1814,181.4,20,1652.6,Wallet,45,Delivered,4.4,Grill Masters 27,Delhi,Fast Food,3.2,150
2992,23,2024-10-06 14:24:00,4,1612,322.4,40,1329.6,Wallet,54,Delivered,4.4,Noodle Bar 23,Lucknow,Desserts,3.4,150
1161,40,2024-10-06 15:31:00,4,808,0.0,49,857.0,Credit Card,53,Cancelled,3.7,Dosa Corner 40,Mumbai,Fast Food,3.7,250
3052,34,2024-10-06 16:35:00,2,208,0.0,20,228.0,Debit Card,58,Cancelled,4.6,Biryani House 34,Bangalore,South Indian,4.8,200
3580,10,2024-10-06 18:41:00,1,299,44.85,0,254.15,UPI,62,Delivered,2.6,Chaat Street 10,Mumbai,Italian,4.3,350
3316,13,2024-10-06 19:02:00,1,240,0.0,20,260.0,Cash on Delivery,25,Delivered,3.6,Spice Junction 13,Kolkata,Biryani,4.5,800
1121,18,2024-10-07 08:19:00,3,766,114.9,49,700.1,UPI,51,Delivered,4.6,Sizzle & Steam 18,Chennai,Chinese,3.9,600
3370,6,2024-10-07 08:43:00,4,603,0.0,49,652.0,Credit Card,63,Delivered,4.4,Pizza Point 6,Mumbai,Desserts,3.1,800
2633,42,2024-10-07 10:19:00,4,545,0.0,49,594.0,Wallet,43,Delivered,2.5,Sizzle & Steam 42,Lucknow,Chinese,3.8,400
3774,15,2024-10-07 13:56:00,3,602,120.4,30,511.6,UPI,50,Delivered,5.0,Biryani House 15,Ahmedabad,North Indian,3.2,800
1793,15,2024-10-07 14:36:00,2,829,0.0,30,859.0,Cash on Delivery,21,Delivered,2.6,Biryani House 15,Ahmedabad,North Indian,3.2,800
4412,40,2024-10-07 15:45:00,2,378,0.0,0,378.0,Credit Card,38,Delivered,2.6,Dosa Corner 40,Mumbai,Fast Food,3.7,250
2819,41,2024-10-07 16:15:00,1,470,0.0,0,470.0,UPI,55,Delivered,3.2,Dosa Corner 41,Hyderabad,Continental,3.1,600
3153,21,2024-10-07 16:39:00,2,302,45.3,40,296.7,Credit Card,63,Cancelled,2.7,Biryani House 21,Pune,South Indian,4.1,600
4624,30,2024-10-07 20:06:00,4,1628,0.0,40,1668.0,UPI,48,Delivered,2.7,Noodle Bar 30,Pune,South Indian,2.9,800
4619,27,2024-10-07 20:21:00,1,184,0.0,20,204.0,Cash on Delivery,46,Delivered,3.7,Grill Masters 27,Delhi,Fast Food,3.2,150
5714,5,2024-10-07 21:25:00,4,720,0.0,30,750.0,Wallet,38,Delivered,4.3,Cafe Bliss 5,Hyderabad,Street Food,3.1,500
1142,5,2024-10-07 22:57:00,2,258,38.7,30,249.3,Cash on Delivery,50,Cancelled,5.0,Cafe Bliss 5,Hyderabad,Street Food,3.1,500
1965,21,2024-10-08 08:46:00,2,346,0.0,0,346.0,Debit Card,54,Delivered,4.9,Biryani House 21,Pune,South Indian,4.1,600
1278,12,2024-10-08 09:29:00,3,488,0.0,30,518.0,Cash on Delivery,53,Cancelled,4.3,Tandoori Nights 12,Mumbai,Continental,4.8,800
2640,18,2024-10-08 10:18:00,1,119,0.0,49,168.0,Debit Card,43,Delivered,3.4,Sizzle & Steam 18,Chennai,Chinese,3.9,600
5228,13,2024-10-08 10:22:00,1,386,0.0,49,435.0,UPI,17,Delivered,2.9,Spice Junction 13,Kolkata,Biryani,4.5,800
1036,44,2024-10-08 11:03:00,4,529,105.8,20,443.2,Debit Card,19,Delivered,3.0,Tandoori Nights 44,Hyderabad,South Indian,4.7,150
4681,40,2024-10-08 16:16:00,4,1618,0.0,40,1658.0,UPI,29,Delivered,4.8,Dosa Corner 40,Mumbai,Fast Food,3.7,250
2993,47,2024-10-08 16:23:00,2,1027,0.0,20,1047.0,Credit Card,56,Delivered,4.6,Wok This Way 47,Ahmedabad,Street Food,3.5,250
1699,21,2024-10-08 16:52:00,3,787,118.05,49,717.95,Debit Card,16,Delivered,2.7,Biryani House 21,Pune,South Indian,4.1,600
1219,46,2024-10-08 18:22:00,4,2032,203.2,0,1828.8,Debit Card,32,Cancelled,2.8,Urban Tadka 46,Kolkata,Continental,4.2,350
3137,13,2024-10-08 20:02:00,1,255,0.0,40,295.0,Debit Card,43,Delivered,4.2,Spice Junction 13,Kolkata,Biryani,4.5,800
2639,31,2024-10-08 22:41:00,4,1225,183.75,20,1061.25,Debit Card,29,Delivered,3.0,Momo Magic 31,Jaipur,Continental,4.1,500
2219,21,2024-10-08 23:03:00,4,408,61.2,40,386.8,Wallet,36,Cancelled,2.6,Biryani House 21,Pune,South Indian,4.1,600
1085,44,2024-10-09 12:27:00,1,451,0.0,20,471.0,Wallet,24,Cancelled,4.4,Tandoori Nights 44,Hyderabad,South Indian,4.7,150
1639,25,2024-10-09 12:39:00,1,374,74.8,0,299.2,Credit Card,18,Delivered,3.6,Royal Feast 25,Jaipur,Biryani,3.8,250
2958,36,2024-10-09 12:39:00,3,1201,120.1,30,1110.9,UPI,23,Delivered,3.9,Wok This Way 36,Bangalore,Desserts,4.5,500
1646,41,2024-10-09 13:49:00,4,529,105.8,20,443.2,Wallet,39,Cancelled,3.3,Dosa Corner 41,Hyderabad,Continental,3.1,600
4198,22,2024-10-09 14:42:00,2,431,0.0,0,431.0,Debit Card,21,Delivered,3.0,Urban Tadka 22,Mumbai,Desserts,3.1,250
5136,40,2024-10-09 17:29:00,1,378,37.8,30,370.2,UPI,31,Delivered,3.3,Dosa Corner 40,Mumbai,Fast Food,3.7,250
5462,9,2024-10-09 17:55:00,4,814,0.0,30,844.0,Wallet,36,Delivered,4.4,Curry Leaf 9,Pune,Bakery,4.1,200
3822,36,2024-10-09 20:19:00,2,743,0.0,40,783.0,UPI,34,Delivered,4.4,Wok This Way 36,Bangalore,Desserts,4.5,500
1305,32,2024-10-09 20:29:00,4,1408,0.0,49,1457.0,Debit Card,46,Delivered,3.6,Grill Masters 32,Hyderabad,Fast Food,3.2,800
1903,33,2024-10-09 23:03:00,3,1530,153.0,20,1397.0,Cash on Delivery,27,Cancelled,2.5,Pizza Point 33,Chennai,Bakery,2.9,600
5432,22,2024-10-09 23:08:00,3,904,0.0,20,924.0,Debit Card,38,Delivered,4.2,Urban Tadka 22,Mumbai,Desserts,3.1,250
2744,6,2024-10-09 23:11:00,1,128,0.0,30,158.0,Wallet,48,Delivered,4.0,Pizza Point 6,Mumbai,Desserts,3.1,800
1938,24,2024-10-10 10:38:00,4,717,143.4,30,603.6,Wallet,33,Delivered,3.6,Cafe Bliss 24,Delhi,Street Food,3.6,600
4399,17,2024-10-10 11:23:00,1,300,45.0,40,295.0,Debit Card,24,Cancelled,2.6,Spicy Junction 17,Delhi,Chinese,3.4,800
3001,29,2024-10-10 12:06:00,2,518,77.7,49,489.3,Wallet,49,Delivered,4.2,Sweet Tooth 29,Kolkata,North Indian,4.0,500
2630,45,2024-10-10 12:07:00,2,501,50.1,40,490.9,Debit Card,56,Cancelled,4.5,Royal Feast 45,Ahmedabad,Fast Food,3.3,250
5097,3,2024-10-10 13:20:00,1,199,0.0,49,248.0,Wallet,61,Delivered,4.9,Grill Masters 3,Chennai,Continental,4.3,300
5470,12,2024-10-10 14:07:00,2,441,0.0,40,481.0,Cash on Delivery,28,Delivered,4.2,Tandoori Nights 12,Mumbai,Continental,4.8,800
2545,42,2024-10-10 14:12:00,1,357,53.55,40,343.45,Debit Card,18,Delivered,3.3,Sizzle & Steam 42,Lucknow,Chinese,3.8,400
1395,37,2024-10-10 14:37:00,4,600,60.0,40,580.0,Cash on Delivery,36,Cancelled,2.8,Curry Leaf 37,Chennai,Chinese,3.4,500
3500,13,2024-10-10 15:05:00,3,1215,182.25,40,1072.75,Cash on Delivery,20,Delivered,4.5,Spice Junction 13,Kolkata,Biryani,4.5,800
4282,14,2024-10-10 15:11:00,4,529,79.35,49,498.65,UPI,15,Cancelled,4.0,Curry Leaf 14,Pune,South Indian,3.2,150
1017,23,2024-10-10 15:37:00,1,297,0.0,40,337.0,Wallet,54,Delivered,3.2,Noodle Bar 23,Lucknow,Desserts,3.4,150
1697,15,2024-10-10 17:04:00,3,343,34.3,49,357.7,Debit Card,30,Delivered,3.1,Biryani House 15,Ahmedabad,North Indian,3.2,800
2106,10,2024-10-10 17:49:00,4,536,0.0,20,556.0,Debit Card,27,Cancelled,4.4,Chaat Street 10,Mumbai,Italian,4.3,350
1069,3,2024-10-10 17:59:00,4,1197,0.0,49,1246.0,UPI,36,Cancelled,3.3,Grill Masters 3,Chennai,Continental,4.3,300
1218,29,2024-10-10 19:27:00,1,111,11.1,40,139.9,Credit Card,24,Cancelled,4.2,Sweet Tooth 29,Kolkata,North Indian,4.0,500
1638,26,2024-10-10 19:29:00,4,2008,0.0,0,2008.0,Wallet,48,Delivered,4.0,Chaat Street 26,Hyderabad,Continental,4.4,250
3691,15,2024-10-10 21:18:00,2,1033,206.6,49,875.4,Credit Card,31,Delivered,3.5,Biryani House 15,Ahmedabad,North Indian,3.2,800
3615,13,2024-10-10 23:02:00,3,543,0.0,49,592.0,Debit Card,32,Delivered,2.8,Spice Junction 13,Kolkata,Biryani,4.5,800
3731,21,2024-10-10 23:30:00,3,496,0.0,40,536.0,Wallet,40,Delivered,4.0,Biryani House 21,Pune,South Indian,4.1,600
5562,13,2024-10-10 23:47:00,4,1044,208.8,20,855.2,Debit Card,61,Delivered,2.6,Spice Junction 13,Kolkata,Biryani,4.5,800
3265,22,2024-10-11 10:50:00,3,1238,0.0,40,1278.0,Cash on Delivery,50,Delivered,2.7,Urban Tadka 22,Mumbai,Desserts,3.1,250
5706,39,2024-10-11 10:58:00,2,933,186.6,40,786.4,Debit Card,44,Cancelled,4.8,Wok This Way 39,Pune,North Indian,4.2,350
4276,14,2024-10-11 11:09:00,1,487,97.4,20,409.6,Credit Card,63,Cancelled,3.2,Curry Leaf 14,Pune,South Indian,3.2,150
3277,49,2024-10-11 11:52:00,3,298,29.8,20,288.2,Debit Card,59,Cancelled,3.7,Curry Leaf 49,Pune,Chinese,3.9,350
4154,9,2024-10-11 12:19:00,2,318,63.6,0,254.4,UPI,33,Delivered,3.3,Curry Leaf 9,Pune,Bakery,4.1,200
5507,40,2024-10-11 14:26:00,2,207,0.0,30,237.0,Cash on Delivery,52,Cancelled,3.4,Dosa Corner 40,Mumbai,Fast Food,3.7,250
1212,35,2024-10-11 15:44:00,2,1021,204.2,30,846.8,UPI,36,Delivered,3.6,Momo Magic 35,Hyderabad,Fast Food,4.8,150
2577,25,2024-10-11 16:08:00,1,506,0.0,30,536.0,UPI,61,Delivered,4.1,Royal Feast 25,Jaipur,Biryani,3.8,250
4170,5,2024-10-11 16:56:00,1,164,0.0,0,164.0,UPI,40,Cancelled,4.9,Cafe Bliss 5,Hyderabad,Street Food,3.1,500
5862,21,2024-10-11 19:00:00,1,116,0.0,0,116.0,UPI,45,Delivered,3.7,Biryani House 21,Pune,South Indian,4.1,600
1438,35,2024-10-11 19:07:00,3,1534,230.1,40,1343.9,Debit Card,27,Delivered,4.1,Momo Magic 35,Hyderabad,Fast Food,4.8,150
5087,11,2024-10-11 20:12:00,1,115,23.0,20,112.0,Wallet,27,Delivered,3.5,Noodle Bar 11,Hyderabad,Chinese,2.8,600
2327,11,2024-10-11 20:35:00,3,1214,242.8,0,971.2,Credit Card,28,Delivered,3.5,Noodle Bar 11,Hyderabad,Chinese,2.8,600
3612,42,2024-10-11 22:45:00,1,392,0.0,40,432.0,Credit Card,35,Delivered,3.5,Sizzle & Steam 42,Lucknow,Chinese,3.8,400
4662,46,2024-10-11 22:51:00,1,246,0.0,20,266.0,UPI,55,Delivered,4.2,Urban Tadka 46,Kolkata,Continental,4.2,350
4658,32,2024-10-11 23:04:00,3,1509,0.0,20,1529.0,Credit Card,38,Delivered,4.1,Grill Masters 32,Hyderabad,Fast Food,3.2,800
4181,28,2024-10-11 23:48:00,1,300,60.0,40,280.0,UPI,31,Delivered,3.1,Spice Junction 28,Ahmedabad,Continental,3.9,350
5950,41,2024-10-12 08:21:00,4,840,0.0,0,840.0,UPI,26,Delivered,3.3,Dosa Corner 41,Hyderabad,Continental,3.1,600
4349,35,2024-10-12 08:23:00,3,779,155.8,40,663.2,UPI,24,Delivered,3.3,Momo Magic 35,Hyderabad,Fast Food,4.8,150
3513,28,2024-10-12 08:44:00,1,151,30.2,40,160.8,Credit Card,25,Delivered,3.2,Spice Junction 28,Ahmedabad,Continental,3.9,350
2509,12,2024-10-12 08:52:00,4,2033,304.95,0,1728.05,Cash on Delivery,54,Delivered,4.8,Tandoori Nights 12,Mumbai,Continental,4.8,800
2495,50,2024-10-12 09:00:00,1,223,0.0,30,253.0,Credit Card,18,Delivered,2.6,Urban Tadka 50,Delhi,Bakery,3.2,500
5613,47,2024-10-12 09:40:00,4,605,0.0,0,605.0,Wallet,49,Cancelled,2.7,Wok This Way 47,Ahmedabad,Street Food,3.5,250
1837,45,2024-10-12 13:40:00,2,631,63.1,40,607.9,Credit Card,41,Delivered,2.9,Royal Feast 45,Ahmedabad,Fast Food,3.3,250
5622,35,2024-10-12 14:45:00,4,536,107.2,0,428.8,Cash on Delivery,24,Delivered,4.9,Momo Magic 35,Hyderabad,Fast Food,4.8,150
5205,26,2024-10-12 15:42:00,4,717,0.0,40,757.0,Credit Card,42,Delivered,4.3,Chaat Street 26,Hyderabad,Continental,4.4,250
1138,2,2024-10-12 15:58:00,4,1645,329.0,40,1356.0,Credit Card,38,Delivered,3.5,Spice Junction 2,Lucknow,Continental,4.8,200
4022,21,2024-10-12 16:57:00,2,206,0.0,0,206.0,Cash on Delivery,36,Delivered,4.0,Biryani House 21,Pune,South Indian,4.1,600
1366,23,2024-10-12 19:05:00,4,1805,270.75,30,1564.25,Debit Card,29,Delivered,4.2,Noodle Bar 23,Lucknow,Desserts,3.4,150
2939,36,2024-10-12 19:51:00,3,928,0.0,40,968.0,Wallet,51,Delivered,4.5,Wok This Way 36,Bangalore,Desserts,4.5,500
2981,25,2024-10-12 21:47:00,3,1535,0.0,40,1575.0,Debit Card,19,Delivered,4.1,Royal Feast 25,Jaipur,Biryani,3.8,250
2972,47,2024-10-12 21:52:00,3,779,0.0,20,799.0,Credit Card,38,Delivered,3.4,Wok This Way 47,Ahmedabad,Street Food,3.5,250
3882,30,2024-10-13 09:37:00,1,415,0.0,0,415.0,Cash on Delivery,60,Cancelled,2.8,Noodle Bar 30,Pune,South Indian,2.9,800
4123,18,2024-10-13 10:12:00,2,285,0.0,40,325.0,Wallet,39,Delivered,3.5,Sizzle & Steam 18,Chennai,Chinese,3.9,600
3236,13,2024-10-13 11:13:00,2,308,0.0,20,328.0,Debit Card,57,Delivered,3.0,Spice Junction 13,Kolkata,Biryani,4.5,800
5407,25,2024-10-13 12:51:00,2,500,0.0,20,520.0,UPI,36,Delivered,3.8,Royal Feast 25,Jaipur,Biryani,3.8,250
3185,12,2024-10-13 14:00:00,3,641,64.1,30,606.9,Credit Card,62,Delivered,4.0,Tandoori Nights 12,Mumbai,Continental,4.8,800
5766,28,2024-10-13 14:24:00,4,825,123.75,20,721.25,UPI,16,Delivered,3.8,Spice Junction 28,Ahmedabad,Continental,3.9,350
1469,19,2024-10-13 19:04:00,2,297,0.0,20,317.0,Debit Card,22,Delivered,4.3,Spice Junction 19,Chennai,Desserts,3.7,150
2773,3,2024-10-13 19:22:00,1,226,22.6,49,252.4,Credit Card,28,Delivered,3.9,Grill Masters 3,Chennai,Continental,4.3,300
4818,8,2024-10-13 19:57:00,1,146,0.0,20,166.0,Cash on Delivery,29,Delivered,4.2,Urban Tadka 8,Hyderabad,Desserts,4.6,350
5754,9,2024-10-13 20:24:00,3,310,0.0,20,330.0,Debit Card,31,Cancelled,4.8,Curry Leaf 9,Pune,Bakery,4.1,200
1522,48,2024-10-13 20:41:00,4,1038,0.0,20,1058.0,Debit Card,45,Delivered,4.5,Burger Barn 48,Delhi,Italian,3.9,150
4087,28,2024-10-13 20:55:00,2,626,0.0,20,646.0,Cash on Delivery,58,Delivered,4.2,Spice Junction 28,Ahmedabad,Continental,3.9,350
3791,25,2024-10-13 21:27:00,4,403,0.0,30,433.0,Debit Card,38,Delivered,2.6,Royal Feast 25,Jaipur,Biryani,3.8,250
1997,6,2024-10-13 21:29:00,3,418,0.0,40,458.0,Credit Card,18,Delivered,4.9,Pizza Point 6,Mumbai,Desserts,3.1,800
1090,4,2024-10-13 21:39:00,3,903,180.6,40,762.4,UPI,48,Delivered,4.5,Cafe Bliss 4,Lucknow,Fast Food,4.1,600
4206,28,2024-10-13 22:00:00,1,497,74.55,0,422.45,Debit Card,28,Delivered,2.8,Spice Junction 28,Ahmedabad,Continental,3.9,350
3617,41,2024-10-13 22:14:00,2,518,0.0,49,567.0,Debit Card,39,Delivered,3.7,Dosa Corner 41,Hyderabad,Continental,3.1,600
2515,46,2024-10-13 23:45:00,4,422,0.0,30,452.0,Debit Card,55,Cancelled,3.2,Urban Tadka 46,Kolkata,Continental,4.2,350
2835,2,2024-10-14 09:25:00,2,521,0.0,40,561.0,Debit Card,55,Delivered,3.1,Spice Junction 2,Lucknow,Continental,4.8,200
4027,4,2024-10-14 09:32:00,3,1072,0.0,30,1102.0,Wallet,28,Delivered,4.9,Cafe Bliss 4,Lucknow,Fast Food,4.1,600
3602,4,2024-10-14 10:13:00,3,469,93.8,20,395.2,UPI,43,Cancelled,4.9,Cafe Bliss 4,Lucknow,Fast Food,4.1,600
1675,49,2024-10-14 11:20:00,4,723,0.0,0,723.0,Credit Card,63,Delivered,2.6,Curry Leaf 49,Pune,Chinese,3.9,350
5693,9,2024-10-14 13:13:00,2,361,72.2,40,328.8,Wallet,37,Cancelled,4.0,Curry Leaf 9,Pune,Bakery,4.1,200
3732,44,2024-10-14 13:32:00,2,1023,0.0,0,1023.0,Cash on Delivery,18,Delivered,3.5,Tandoori Nights 44,Hyderabad,South Indian,4.7,150
1696,23,2024-10-14 14:23:00,4,429,0.0,30,459.0,Debit Card,62,Delivered,3.7,Noodle Bar 23,Lucknow,Desserts,3.4,150
4019,49,2024-10-14 15:31:00,2,294,58.8,40,275.2,Cash on Delivery,15,Delivered,3.4,Curry Leaf 49,Pune,Chinese,3.9,350
1746,4,2024-10-14 16:08:00,4,756,0.0,40,796.0,Debit Card,21,Delivered,4.0,Cafe Bliss 4,Lucknow,Fast Food,4.1,600
5643,1,2024-10-14 18:16:00,2,328,0.0,40,368.0,Credit Card,36,Delivered,4.3,Wok This Way 1,Pune,Italian,3.6,200
2258,24,2024-10-14 19:14:00,2,390,39.0,40,391.0,UPI,16,Delivered,2.7,Cafe Bliss 24,Delhi,Street Food,3.6,600
3903,20,2024-10-14 23:29:00,1,182,18.2,30,193.8,Cash on Delivery,43,Cancelled,4.3,Urban Tadka 20,Hyderabad,Street Food,3.4,600
2710,23,2024-10-15 08:56:00,1,241,36.15,40,244.85,Wallet,43,Delivered,4.8,Noodle Bar 23,Lucknow,Desserts,3.4,150
5429,11,2024-10-15 09:22:00,1,230,0.0,30,260.0,Cash on Delivery,42,Delivered,3.9,Noodle Bar 11,Hyderabad,Chinese,2.8,600
1801,24,2024-10-15 09:35:00,3,613,0.0,20,633.0,Credit Card,44,Delivered,3.0,Cafe Bliss 24,Delhi,Street Food,3.6,600
1660,37,2024-10-15 09:52:00,1,384,0.0,30,414.0,Credit Card,62,Cancelled,4.2,Curry Leaf 37,Chennai,Chinese,3.4,500
1792,35,2024-10-15 11:03:00,4,2030,0.0,40,2070.0,Cash on Delivery,35,Delivered,4.4,Momo Magic 35,Hyderabad,Fast Food,4.8,150
2241,11,2024-10-15 12:36:00,3,337,67.4,0,269.6,Wallet,35,Delivered,3.4,Noodle Bar 11,Hyderabad,Chinese,2.8,600
1915,13,2024-10-15 15:36:00,1,514,0.0,0,514.0,Debit Card,19,Delivered,3.1,Spice Junction 13,Kolkata,Biryani,4.5,800
3331,46,2024-10-15 16:03:00,3,1384,0.0,0,1384.0,Cash on Delivery,51,Cancelled,3.4,Urban Tadka 46,Kolkata,Continental,4.2,350
1712,27,2024-10-15 17:30:00,3,326,65.2,0,260.8,Wallet,34,Cancelled,3.6,Grill Masters 27,Delhi,Fast Food,3.2,150
2161,30,2024-10-15 17:47:00,1,150,15.0,40,175.0,UPI,16,Delivered,2.8,Noodle Bar 30,Pune,South Indian,2.9,800
5372,4,2024-10-15 18:29:00,2,619,61.9,20,577.1,Wallet,41,Delivered,4.7,Cafe Bliss 4,Lucknow,Fast Food,4.1,600
5583,6,2024-10-15 21:18:00,1,167,0.0,20,187.0,Wallet,20,Cancelled,4.7,Pizza Point 6,Mumbai,Desserts,3.1,800
1492,31,2024-10-15 22:43:00,1,160,0.0,0,160.0,UPI,18,Delivered,3.6,Momo Magic 31,Jaipur,Continental,4.1,500
4879,22,2024-10-15 22:52:00,2,832,83.2,20,768.8,Credit Card,40,Delivered,3.5,Urban Tadka 22,Mumbai,Desserts,3.1,250
1192,22,2024-10-16 09:22:00,3,785,0.0,30,815.0,UPI,41,Delivered,4.7,Urban Tadka 22,Mumbai,Desserts,3.1,250
3779,22,2024-10-16 09:33:00,2,398,59.7,20,358.3,Debit Card,56,Delivered,4.8,Urban Tadka 22,Mumbai,Desserts,3.1,250
4968,37,2024-10-16 09:36:00,4,800,80.0,40,760.0,Wallet,35,Delivered,2.9,Curry Leaf 37,Chennai,Chinese,3.4,500
4825,45,2024-10-16 09:50:00,3,919,0.0,40,959.0,Credit Card,63,Delivered,4.9,Royal Feast 45,Ahmedabad,Fast Food,3.3,250
2266,50,2024-10-16 11:59:00,1,271,27.1,49,292.9,Debit Card,27,Delivered,4.0,Urban Tadka 50,Delhi,Bakery,3.2,500
2677,4,2024-10-16 12:47:00,1,425,0.0,40,465.0,Cash on Delivery,40,Delivered,4.3,Cafe Bliss 4,Lucknow,Fast Food,4.1,600
4199,3,2024-10-16 13:04:00,1,548,0.0,49,597.0,Wallet,16,Delivered,4.2,Grill Masters 3,Chennai,Continental,4.3,300
4506,2,2024-10-16 13:12:00,1,424,0.0,30,454.0,Credit Card,57,Delivered,3.3,Spice Junction 2,Lucknow,Continental,4.8,200
1394,43,2024-10-16 14:04:00,2,543,0.0,40,583.0,Cash on Delivery,51,Delivered,2.5,Grill Masters 43,Chennai,Continental,2.9,250
2226,7,2024-10-16 18:24:00,1,104,0.0,40,144.0,Cash on Delivery,64,Delivered,4.3,Wok This Way 7,Bangalore,Street Food,2.9,600
1493,5,2024-10-16 18:55:00,3,898,179.6,0,718.4,Credit Card,36,Delivered,3.9,Cafe Bliss 5,Hyderabad,Street Food,3.1,500
3583,5,2024-10-16 22:21:00,1,354,53.1,30,330.9,Wallet,20,Delivered,4.5,Cafe Bliss 5,Hyderabad,Street Food,3.1,500
5123,17,2024-10-17 09:07:00,4,1997,0.0,0,1997.0,Credit Card,49,Delivered,2.8,Spicy Junction 17,Delhi,Chinese,3.4,800
2263,23,2024-10-17 09:11:00,3,559,0.0,40,599.0,Cash on Delivery,15,Delivered,4.9,Noodle Bar 23,Lucknow,Desserts,3.4,150
5024,10,2024-10-17 09:38:00,2,329,0.0,20,349.0,UPI,19,Delivered,3.1,Chaat Street 10,Mumbai,Italian,4.3,350
2332,39,2024-10-17 11:59:00,4,517,0.0,20,537.0,Debit Card,40,Delivered,4.2,Wok This Way 39,Pune,North Indian,4.2,350
3613,21,2024-10-17 12:12:00,1,200,0.0,0,200.0,Credit Card,49,Delivered,4.6,Biryani House 21,Pune,South Indian,4.1,600
2946,42,2024-10-17 13:34:00,2,807,0.0,49,856.0,Wallet,40,Delivered,3.4,Sizzle & Steam 42,Lucknow,Chinese,3.8,400
4537,21,2024-10-17 14:11:00,1,336,0.0,49,385.0,UPI,47,Delivered,4.1,Biryani House 21,Pune,South Indian,4.1,600
3096,12,2024-10-17 15:38:00,1,302,60.4,30,271.6,UPI,50,Cancelled,4.9,Tandoori Nights 12,Mumbai,Continental,4.8,800
4710,12,2024-10-17 16:03:00,3,461,0.0,49,510.0,Debit Card,20,Cancelled,4.8,Tandoori Nights 12,Mumbai,Continental,4.8,800
5159,11,2024-10-17 18:57:00,4,1619,0.0,49,1668.0,Cash on Delivery,54,Delivered,4.7,Noodle Bar 11,Hyderabad,Chinese,2.8,600
3409,40,2024-10-17 19:21:00,2,1028,0.0,40,1068.0,Wallet,16,Delivered,4.4,Dosa Corner 40,Mumbai,Fast Food,3.7,250
2651,46,2024-10-17 19:51:00,1,165,0.0,0,165.0,Credit Card,58,Delivered,3.2,Urban Tadka 46,Kolkata,Continental,4.2,350
4155,12,2024-10-17 21:28:00,1,446,44.6,20,421.4,UPI,16,Cancelled,3.8,Tandoori Nights 12,Mumbai,Continental,4.8,800
5315,17,2024-10-17 22:34:00,1,259,0.0,49,308.0,Credit Card,31,Delivered,3.6,Spicy Junction 17,Delhi,Chinese,3.4,800
4989,2,2024-10-17 23:06:00,2,415,0.0,49,464.0,Cash on Delivery,17,Delivered,2.6,Spice Junction 2,Lucknow,Continental,4.8,200
3767,2,2024-10-17 23:27:00,3,413,61.95,30,381.05,UPI,48,Delivered,4.3,Spice Junction 2,Lucknow,Continental,4.8,200
3192,36,2024-10-18 08:53:00,3,1064,159.6,0,904.4,UPI,30,Delivered,4.0,Wok This Way 36,Bangalore,Desserts,4.5,500
3949,1,2024-10-18 09:35:00,4,2038,0.0,20,2058.0,Wallet,46,Delivered,4.3,Wok This Way 1,Pune,Italian,3.6,200
1244,50,2024-10-18 09:39:00,1,311,46.65,40,304.35,UPI,35,Delivered,4.8,Urban Tadka 50,Delhi,Bakery,3.2,500
3673,5,2024-10-18 10:06:00,2,905,135.75,20,789.25,Cash on Delivery,34,Delivered,4.6,Cafe Bliss 5,Hyderabad,Street Food,3.1,500
4393,23,2024-10-18 11:25:00,4,405,40.5,40,404.5,Cash on Delivery,55,Cancelled,3.3,Noodle Bar 23,Lucknow,Desserts,3.4,150
3922,49,2024-10-18 12:13:00,2,617,123.4,49,542.6,Credit Card,32,Cancelled,2.7,Curry Leaf 49,Pune,Chinese,3.9,350
4202,30,2024-10-18 15:56:00,2,537,80.55,20,476.45,UPI,64,Delivered,4.1,Noodle Bar 30,Pune,South Indian,2.9,800
3953,41,2024-10-18 16:22:00,1,383,38.3,49,393.7,Wallet,42,Delivered,3.6,Dosa Corner 41,Hyderabad,Continental,3.1,600
1260,39,2024-10-18 17:28:00,1,269,0.0,49,318.0,Wallet,41,Delivered,3.8,Wok This Way 39,Pune,North Indian,4.2,350
3288,25,2024-10-18 17:58:00,3,1205,180.75,0,1024.25,UPI,31,Delivered,3.2,Royal Feast 25,Jaipur,Biryani,3.8,250
2116,18,2024-10-18 21:23:00,2,1024,0.0,30,1054.0,Credit Card,50,Delivered,4.7,Sizzle & Steam 18,Chennai,Chinese,3.9,600
2483,30,2024-10-18 22:11:00,4,1636,245.4,30,1420.6,Debit Card,42,Delivered,4.0,Noodle Bar 30,Pune,South Indian,2.9,800
4362,46,2024-10-18 22:40:00,2,393,39.3,20,373.7,Debit Card,33,Cancelled,4.4,Urban Tadka 46,Kolkata,Continental,4.2,350
5989,42,2024-10-18 23:43:00,2,403,0.0,20,423.0,Wallet,27,Delivered,4.3,Sizzle & Steam 42,Lucknow,Chinese,3.8,400
3519,29,2024-10-19 08:29:00,2,285,57.0,40,268.0,Credit Card,58,Delivered,3.3,Sweet Tooth 29,Kolkata,North Indian,4.0,500
4216,23,2024-10-19 08:47:00,3,1538,230.7,30,1337.3,Credit Card,41,Delivered,3.3,Noodle Bar 23,Lucknow,Desserts,3.4,150
3113,2,2024-10-19 09:33:00,3,1533,153.3,0,1379.7,Debit Card,33,Delivered,2.7,Spice Junction 2,Lucknow,Continental,4.8,200
3025,47,2024-10-19 09:35:00,2,412,82.4,0,329.6,Cash on Delivery,51,Delivered,2.7,Wok This Way 47,Ahmedabad,Street Food,3.5,250
3803,4,2024-10-19 11:33:00,1,226,45.2,0,180.8,Credit Card,46,Cancelled,3.0,Cafe Bliss 4,Lucknow,Fast Food,4.1,600
4654,23,2024-10-19 12:06:00,2,541,0.0,40,581.0,Debit Card,31,Delivered,4.7,Noodle Bar 23,Lucknow,Desserts,3.4,150
2319,46,2024-10-19 12:07:00,3,1234,0.0,30,1264.0,Cash on Delivery,26,Delivered,3.7,Urban Tadka 46,Kolkata,Continental,4.2,350
1504,44,2024-10-19 14:20:00,2,258,25.8,40,272.2,Cash on Delivery,40,Delivered,3.4,Tandoori Nights 44,Hyderabad,South Indian,4.7,150
3852,10,2024-10-19 15:01:00,3,1078,161.7,20,936.3,Wallet,17,Delivered,3.6,Chaat Street 10,Mumbai,Italian,4.3,350
3398,8,2024-10-19 16:49:00,1,337,33.7,40,343.3,Credit Card,53,Cancelled,3.8,Urban Tadka 8,Hyderabad,Desserts,4.6,350
4702,11,2024-10-19 17:35:00,1,330,33.0,0,297.0,UPI,33,Delivered,4.2,Noodle Bar 11,Hyderabad,Chinese,2.8,600
4948,13,2024-10-19 17:45:00,4,401,0.0,0,401.0,Credit Card,39,Cancelled,2.5,Spice Junction 13,Kolkata,Biryani,4.5,800
5498,33,2024-10-19 20:02:00,2,1016,0.0,40,1056.0,UPI,44,Delivered,4.5,Pizza Point 33,Chennai,Bakery,2.9,600
3753,7,2024-10-19 20:20:00,1,345,69.0,40,316.0,Wallet,62,Delivered,4.4,Wok This Way 7,Bangalore,Street Food,2.9,600
3006,1,2024-10-19 20:36:00,2,916,0.0,0,916.0,Cash on Delivery,34,Delivered,2.7,Wok This Way 1,Pune,Italian,3.6,200
5987,20,2024-10-19 21:01:00,2,509,0.0,40,549.0,Credit Card,29,Delivered,2.8,Urban Tadka 20,Hyderabad,Street Food,3.4,600
1573,19,2024-10-19 21:11:00,4,1637,0.0,0,1637.0,Cash on Delivery,17,Delivered,4.0,Spice Junction 19,Chennai,Desserts,3.7,150
2294,34,2024-10-19 23:09:00,4,1426,0.0,40,1466.0,Wallet,29,Delivered,3.1,Biryani House 34,Bangalore,South Indian,4.8,200
3507,15,2024-10-20 08:26:00,1,163,0.0,40,203.0,Debit Card,52,Delivered,3.1,Biryani House 15,Ahmedabad,North Indian,3.2,800
1722,29,2024-10-20 11:12:00,1,477,0.0,0,477.0,Debit Card,30,Delivered,4.3,Sweet Tooth 29,Kolkata,North Indian,4.0,500
3754,23,2024-10-20 11:51:00,2,234,0.0,49,283.0,Wallet,33,Cancelled,4.9,Noodle Bar 23,Lucknow,Desserts,3.4,150
2707,15,2024-10-20 12:03:00,1,434,43.4,40,430.6,Credit Card,17,Delivered,3.0,Biryani House 15,Ahmedabad,North Indian,3.2,800
4077,15,2024-10-20 12:45:00,3,1199,179.85,30,1049.15,Cash on Delivery,56,Delivered,4.4,Biryani House 15,Ahmedabad,North Indian,3.2,800
5492,34,2024-10-20 16:10:00,2,838,125.7,40,752.3,UPI,20,Delivered,3.2,Biryani House 34,Bangalore,South Indian,4.8,200
2796,11,2024-10-20 16:11:00,3,1393,208.95,20,1204.05,Wallet,25,Delivered,2.8,Noodle Bar 11,Hyderabad,Chinese,2.8,600
2050,11,2024-10-20 16:54:00,1,272,0.0,40,312.0,Debit Card,33,Delivered,3.9,Noodle Bar 11,Hyderabad,Chinese,2.8,600
4109,8,2024-10-20 17:36:00,3,1371,137.1,0,1233.9,Debit Card,46,Delivered,4.5,Urban Tadka 8,Hyderabad,Desserts,4.6,350
2583,38,2024-10-20 19:04:00,3,464,0.0,40,504.0,UPI,22,Delivered,2.6,Burger Barn 38,Kolkata,Biryani,3.0,600
4526,2,2024-10-20 19:52:00,2,916,0.0,49,965.0,UPI,15,Delivered,2.9,Spice Junction 2,Lucknow,Continental,4.8,200
3763,28,2024-10-20 20:51:00,2,206,30.9,20,195.1,Cash on Delivery,41,Delivered,4.4,Spice Junction 28,Ahmedabad,Continental,3.9,350
2262,46,2024-10-20 20:54:00,2,703,140.6,0,562.4,Wallet,61,Delivered,4.2,Urban Tadka 46,Kolkata,Continental,4.2,350
1739,47,2024-10-20 20:57:00,1,220,22.0,40,238.0,Wallet,45,Delivered,4.8,Wok This Way 47,Ahmedabad,Street Food,3.5,250
2211,24,2024-10-20 21:52:00,2,699,0.0,40,739.0,Credit Card,34,Delivered,4.3,Cafe Bliss 24,Delhi,Street Food,3.6,600
2462,2,2024-10-20 23:09:00,3,747,74.7,40,712.3,Wallet,56,Delivered,4.7,Spice Junction 2,Lucknow,Continental,4.8,200
3629,21,2024-10-21 08:54:00,1,459,0.0,40,499.0,Wallet,55,Delivered,3.9,Biryani House 21,Pune,South Indian,4.1,600
4721,38,2024-10-21 09:05:00,1,196,39.2,20,176.8,UPI,28,Delivered,4.5,Burger Barn 38,Kolkata,Biryani,3.0,600
4054,2,2024-10-21 09:40:00,1,231,0.0,49,280.0,UPI,25,Delivered,3.1,Spice Junction 2,Lucknow,Continental,4.8,200
3035,20,2024-10-21 10:07:00,1,251,0.0,0,251.0,Credit Card,54,Delivered,4.1,Urban Tadka 20,Hyderabad,Street Food,3.4,600
1643,13,2024-10-21 10:08:00,1,151,22.65,49,177.35,UPI,45,Delivered,3.4,Spice Junction 13,Kolkata,Biryani,4.5,800
4633,4,2024-10-21 11:43:00,2,514,0.0,0,514.0,UPI,30,Delivered,2.9,Cafe Bliss 4,Lucknow,Fast Food,4.1,600
2843,26,2024-10-21 13:49:00,2,259,0.0,30,289.0,Cash on Delivery,61,Delivered,4.8,Chaat Street 26,Hyderabad,Continental,4.4,250
2807,38,2024-10-21 16:31:00,2,833,0.0,20,853.0,Credit Card,26,Delivered,2.9,Burger Barn 38,Kolkata,Biryani,3.0,600
5743,42,2024-10-21 16:51:00,3,573,0.0,49,622.0,UPI,20,Delivered,3.3,Sizzle & Steam 42,Lucknow,Chinese,3.8,400
5543,6,2024-10-21 17:58:00,4,834,0.0,49,883.0,Wallet,38,Delivered,3.6,Pizza Point 6,Mumbai,Desserts,3.1,800
1832,25,2024-10-21 18:36:00,4,417,0.0,49,466.0,Debit Card,49,Delivered,4.5,Royal Feast 25,Jaipur,Biryani,3.8,250
1158,8,2024-10-21 20:30:00,2,638,0.0,20,658.0,Debit Card,18,Delivered,4.7,Urban Tadka 8,Hyderabad,Desserts,4.6,350
5841,17,2024-10-21 21:46:00,2,276,0.0,40,316.0,Debit Card,42,Delivered,3.8,Spicy Junction 17,Delhi,Chinese,3.4,800
5056,16,2024-10-22 08:23:00,3,918,0.0,30,948.0,Wallet,18,Delivered,3.2,Cafe Bliss 16,Chennai,South Indian,3.2,500
2142,49,2024-10-22 10:31:00,2,910,182.0,20,748.0,UPI,22,Cancelled,3.6,Curry Leaf 49,Pune,Chinese,3.9,350
5221,17,2024-10-22 11:09:00,2,713,0.0,30,743.0,Credit Card,52,Delivered,4.5,Spicy Junction 17,Delhi,Chinese,3.4,800
2069,40,2024-10-22 12:36:00,1,199,19.9,40,219.1,UPI,57,Delivered,3.2,Dosa Corner 40,Mumbai,Fast Food,3.7,250
1435,24,2024-10-22 14:09:00,4,639,0.0,20,659.0,UPI,58,Delivered,4.3,Cafe Bliss 24,Delhi,Street Food,3.6,600
1110,19,2024-10-22 14:16:00,4,520,0.0,30,550.0,Wallet,52,Cancelled,4.1,Spice Junction 19,Chennai,Desserts,3.7,150
4920,9,2024-10-22 15:44:00,4,1215,243.0,20,992.0,Debit Card,37,Delivered,4.4,Curry Leaf 9,Pune,Bakery,4.1,200
3158,49,2024-10-22 17:21:00,1,367,0.0,30,397.0,Debit Card,45,Delivered,4.9,Curry Leaf 49,Pune,Chinese,3.9,350
3229,16,2024-10-22 17:40:00,1,203,0.0,20,223.0,Credit Card,44,Delivered,3.3,Cafe Bliss 16,Chennai,South Indian,3.2,500
1682,39,2024-10-22 18:12:00,3,763,0.0,0,763.0,Debit Card,22,Delivered,4.6,Wok This Way 39,Pune,North Indian,4.2,350
3203,21,2024-10-22 18:51:00,3,629,0.0,20,649.0,Credit Card,43,Delivered,4.8,Biryani House 21,Pune,South Indian,4.1,600
3351,41,2024-10-22 19:03:00,2,909,181.8,0,727.2,Wallet,17,Cancelled,4.3,Dosa Corner 41,Hyderabad,Continental,3.1,600
3011,12,2024-10-22 20:05:00,2,603,120.6,30,512.4,Credit Card,45,Delivered,4.7,Tandoori Nights 12,Mumbai,Continental,4.8,800
5095,4,2024-10-22 20:53:00,4,1414,0.0,40,1454.0,Credit Card,39,Delivered,2.6,Cafe Bliss 4,Lucknow,Fast Food,4.1,600
4908,50,2024-10-22 21:46:00,1,198,0.0,30,228.0,Wallet,47,Delivered,2.7,Urban Tadka 50,Delhi,Bakery,3.2,500
4672,35,2024-10-22 23:44:00,1,135,20.25,49,163.75,Credit Card,25,Delivered,3.9,Momo Magic 35,Hyderabad,Fast Food,4.8,150
4339,5,2024-10-23 08:30:00,3,571,0.0,49,620.0,Cash on Delivery,59,Delivered,3.6,Cafe Bliss 5,Hyderabad,Street Food,3.1,500
3674,5,2024-10-23 08:33:00,1,122,0.0,40,162.0,Debit Card,55,Cancelled,4.9,Cafe Bliss 5,Hyderabad,Street Food,3.1,500
1186,3,2024-10-23 08:59:00,1,110,0.0,0,110.0,Debit Card,25,Delivered,3.1,Grill Masters 3,Chennai,Continental,4.3,300
5051,26,2024-10-23 11:02:00,3,622,0.0,40,662.0,Wallet,29,Delivered,3.3,Chaat Street 26,Hyderabad,Continental,4.4,250
5110,26,2024-10-23 11:07:00,2,368,0.0,40,408.0,Debit Card,41,Delivered,3.4,Chaat Street 26,Hyderabad,Continental,4.4,250
3765,13,2024-10-23 11:37:00,1,517,0.0,30,547.0,Cash on Delivery,43,Delivered,4.3,Spice Junction 13,Kolkata,Biryani,4.5,800
5311,41,2024-10-23 12:43:00,2,382,76.4,40,345.6,Debit Card,63,Cancelled,2.5,Dosa Corner 41,Hyderabad,Continental,3.1,600
2536,5,2024-10-23 13:46:00,2,1026,205.2,20,840.8,UPI,20,Delivered,3.0,Cafe Bliss 5,Hyderabad,Street Food,3.1,500
1718,30,2024-10-23 15:46:00,4,440,0.0,20,460.0,UPI,48,Delivered,4.5,Noodle Bar 30,Pune,South Indian,2.9,800
3431,45,2024-10-23 15:59:00,1,461,0.0,0,461.0,Cash on Delivery,30,Delivered,3.2,Royal Feast 45,Ahmedabad,Fast Food,3.3,250
3481,20,2024-10-23 18:26:00,4,1220,244.0,30,1006.0,Debit Card,40,Delivered,2.5,Urban Tadka 20,Hyderabad,Street Food,3.4,600
1123,1,2024-10-23 18:29:00,3,945,141.75,0,803.25,Credit Card,25,Delivered,4.6,Wok This Way 1,Pune,Italian,3.6,200
4265,23,2024-10-23 18:39:00,1,301,30.1,20,290.9,Debit Card,46,Delivered,4.2,Noodle Bar 23,Lucknow,Desserts,3.4,150
3558,29,2024-10-23 18:41:00,3,1232,184.8,0,1047.2,Debit Card,50,Delivered,4.3,Sweet Tooth 29,Kolkata,North Indian,4.0,500
5818,32,2024-10-23 19:22:00,3,1349,202.35,40,1186.65,UPI,51,Cancelled,3.7,Grill Masters 32,Hyderabad,Fast Food,3.2,800
3163,38,2024-10-23 19:59:00,3,411,41.1,49,418.9,Cash on Delivery,37,Delivered,4.4,Burger Barn 38,Kolkata,Biryani,3.0,600
3283,24,2024-10-24 08:48:00,1,334,0.0,49,383.0,Debit Card,35,Delivered,2.6,Cafe Bliss 24,Delhi,Street Food,3.6,600
1503,10,2024-10-24 09:28:00,1,484,72.6,20,431.4,Cash on Delivery,28,Delivered,4.6,Chaat Street 10,Mumbai,Italian,4.3,350
4626,37,2024-10-24 09:54:00,2,329,0.0,0,329.0,UPI,42,Cancelled,3.0,Curry Leaf 37,Chennai,Chinese,3.4,500
4934,37,2024-10-24 10:30:00,3,299,59.8,0,239.2,Credit Card,55,Delivered,4.0,Curry Leaf 37,Chennai,Chinese,3.4,500
2817,22,2024-10-24 11:20:00,2,619,0.0,40,659.0,Cash on Delivery,27,Delivered,3.8,Urban Tadka 22,Mumbai,Desserts,3.1,250
1658,3,2024-10-24 12:10:00,1,219,0.0,20,239.0,Wallet,51,Cancelled,4.8,Grill Masters 3,Chennai,Continental,4.3,300
3538,9,2024-10-24 14:48:00,2,713,0.0,0,713.0,Cash on Delivery,24,Delivered,3.9,Curry Leaf 9,Pune,Bakery,4.1,200
4075,46,2024-10-24 15:22:00,3,1230,0.0,0,1230.0,Cash on Delivery,49,Delivered,3.0,Urban Tadka 46,Kolkata,Continental,4.2,350
1106,29,2024-10-24 16:02:00,1,146,0.0,49,195.0,Credit Card,37,Delivered,3.5,Sweet Tooth 29,Kolkata,North Indian,4.0,500
5363,24,2024-10-24 17:02:00,3,1497,149.7,20,1367.3,UPI,19,Delivered,4.4,Cafe Bliss 24,Delhi,Street Food,3.6,600
1582,1,2024-10-24 18:08:00,3,768,0.0,20,788.0,UPI,38,Delivered,3.0,Wok This Way 1,Pune,Italian,3.6,200
1217,30,2024-10-24 19:30:00,2,405,81.0,49,373.0,Cash on Delivery,28,Delivered,3.5,Noodle Bar 30,Pune,South Indian,2.9,800
5380,31,2024-10-24 19:37:00,1,192,38.4,40,193.6,Credit Card,27,Cancelled,4.1,Momo Magic 31,Jaipur,Continental,4.1,500
4310,25,2024-10-24 20:40:00,2,406,40.6,20,385.4,Wallet,46,Delivered,2.6,Royal Feast 25,Jaipur,Biryani,3.8,250
2666,7,2024-10-24 20:49:00,1,207,0.0,49,256.0,Wallet,19,Delivered,4.2,Wok This Way 7,Bangalore,Street Food,2.9,600
2643,14,2024-10-24 23:21:00,2,1035,0.0,20,1055.0,UPI,64,Delivered,2.6,Curry Leaf 14,Pune,South Indian,3.2,150
2930,44,2024-10-24 23:44:00,1,274,54.8,40,259.2,Debit Card,51,Delivered,4.4,Tandoori Nights 44,Hyderabad,South Indian,4.7,150
1778,9,2024-10-25 08:16:00,4,1829,365.8,40,1503.2,Debit Card,57,Delivered,3.1,Curry Leaf 9,Pune,Bakery,4.1,200
3290,19,2024-10-25 08:39:00,3,559,0.0,40,599.0,Cash on Delivery,38,Delivered,4.3,Spice Junction 19,Chennai,Desserts,3.7,150
5399,47,2024-10-25 08:40:00,3,342,68.4,40,313.6,Wallet,54,Delivered,4.1,Wok This Way 47,Ahmedabad,Street Food,3.5,250
3739,30,2024-10-25 08:48:00,3,1215,182.25,20,1052.75,Debit Card,34,Delivered,2.6,Noodle Bar 30,Pune,South Indian,2.9,800
4311,14,2024-10-25 09:13:00,3,1376,206.4,30,1199.6,Debit Card,61,Delivered,3.1,Curry Leaf 14,Pune,South Indian,3.2,150
3055,29,2024-10-25 09:16:00,1,129,0.0,49,178.0,Debit Card,35,Delivered,4.2,Sweet Tooth 29,Kolkata,North Indian,4.0,500
4320,28,2024-10-25 09:29:00,1,175,26.25,49,197.75,Wallet,21,Cancelled,4.7,Spice Junction 28,Ahmedabad,Continental,3.9,350
4254,12,2024-10-25 12:09:00,4,1242,248.4,49,1042.6,Cash on Delivery,63,Delivered,4.0,Tandoori Nights 12,Mumbai,Continental,4.8,800
1335,16,2024-10-25 12:14:00,1,124,18.6,49,154.4,Cash on Delivery,42,Cancelled,3.1,Cafe Bliss 16,Chennai,South Indian,3.2,500
5141,11,2024-10-25 17:10:00,3,396,59.4,30,366.6,UPI,33,Delivered,4.9,Noodle Bar 11,Hyderabad,Chinese,2.8,600
1715,33,2024-10-25 17:50:00,1,364,0.0,40,404.0,Credit Card,26,Cancelled,3.6,Pizza Point 33,Chennai,Bakery,2.9,600
1055,33,2024-10-25 18:59:00,4,1629,162.9,49,1515.1,Debit Card,16,Delivered,3.9,Pizza Point 33,Chennai,Bakery,2.9,600
1688,1,2024-10-25 19:03:00,1,119,23.8,49,144.2,Cash on Delivery,30,Delivered,4.6,Wok This Way 1,Pune,Italian,3.6,200
3872,19,2024-10-25 22:05:00,4,635,63.5,40,611.5,Credit Card,26,Delivered,4.7,Spice Junction 19,Chennai,Desserts,3.7,150
1797,26,2024-10-25 23:05:00,4,1241,0.0,40,1281.0,Debit Card,28,Delivered,4.3,Chaat Street 26,Hyderabad,Continental,4.4,250
1157,49,2024-10-26 08:54:00,4,518,0.0,30,548.0,Credit Card,39,Cancelled,4.4,Curry Leaf 49,Pune,Chinese,3.9,350
2619,13,2024-10-26 09:44:00,4,1639,0.0,49,1688.0,Cash on Delivery,55,Delivered,4.5,Spice Junction 13,Kolkata,Biryani,4.5,800
5335,5,2024-10-26 09:44:00,3,297,0.0,40,337.0,Wallet,59,Delivered,4.7,Cafe Bliss 5,Hyderabad,Street Food,3.1,500
2185,19,2024-10-26 11:09:00,4,1237,247.4,49,1038.6,Wallet,32,Delivered,3.6,Spice Junction 19,Chennai,Desserts,3.7,150
3126,11,2024-10-26 12:25:00,3,780,78.0,20,722.0,Credit Card,27,Cancelled,4.5,Noodle Bar 11,Hyderabad,Chinese,2.8,600
2650,13,2024-10-26 12:36:00,1,369,0.0,49,418.0,UPI,41,Delivered,4.0,Spice Junction 13,Kolkata,Biryani,4.5,800
2231,48,2024-10-26 15:10:00,1,539,0.0,40,579.0,UPI,56,Delivered,4.3,Burger Barn 48,Delhi,Italian,3.9,150
2405,47,2024-10-26 17:29:00,1,112,16.8,20,115.2,UPI,17,Delivered,4.4,Wok This Way 47,Ahmedabad,Street Food,3.5,250
4807,23,2024-10-26 20:05:00,1,160,0.0,30,190.0,Debit Card,29,Cancelled,3.3,Noodle Bar 23,Lucknow,Desserts,3.4,150
5821,36,2024-10-26 20:09:00,4,409,40.9,30,398.1,Credit Card,64,Delivered,3.8,Wok This Way 36,Bangalore,Desserts,4.5,500
3366,3,2024-10-26 20:29:00,1,434,0.0,30,464.0,Wallet,51,Delivered,2.7,Grill Masters 3,Chennai,Continental,4.3,300
3807,42,2024-10-26 20:51:00,2,610,0.0,20,630.0,Wallet,47,Cancelled,2.8,Sizzle & Steam 42,Lucknow,Chinese,3.8,400
4455,40,2024-10-26 22:24:00,1,364,72.8,30,321.2,Cash on Delivery,61,Delivered,3.1,Dosa Corner 40,Mumbai,Fast Food,3.7,250
3487,33,2024-10-26 23:03:00,2,1029,0.0,30,1059.0,Cash on Delivery,19,Cancelled,3.0,Pizza Point 33,Chennai,Bakery,2.9,600
1047,41,2024-10-26 23:32:00,1,516,77.4,0,438.6,Debit Card,62,Delivered,4.2,Dosa Corner 41,Hyderabad,Continental,3.1,600
4457,19,2024-10-27 08:14:00,2,409,40.9,30,398.1,Wallet,28,Delivered,4.0,Spice Junction 19,Chennai,Desserts,3.7,150
4356,45,2024-10-27 08:36:00,2,310,0.0,0,310.0,Cash on Delivery,29,Cancelled,3.1,Royal Feast 45,Ahmedabad,Fast Food,3.3,250
2119,27,2024-10-27 10:00:00,3,646,0.0,0,646.0,Credit Card,61,Delivered,3.6,Grill Masters 27,Delhi,Fast Food,3.2,150
3606,40,2024-10-27 10:09:00,4,729,145.8,0,583.2,Credit Card,50,Cancelled,4.7,Dosa Corner 40,Mumbai,Fast Food,3.7,250
2128,33,2024-10-27 10:19:00,4,1806,0.0,49,1855.0,Cash on Delivery,16,Delivered,4.2,Pizza Point 33,Chennai,Bakery,2.9,600
2689,1,2024-10-27 10:33:00,4,746,0.0,30,776.0,UPI,45,Delivered,4.3,Wok This Way 1,Pune,Italian,3.6,200
4153,32,2024-10-27 11:15:00,3,1396,209.4,20,1206.6,Credit Card,44,Cancelled,3.8,Grill Masters 32,Hyderabad,Fast Food,3.2,800
1912,37,2024-10-27 12:48:00,4,730,0.0,49,779.0,Cash on Delivery,29,Delivered,4.3,Curry Leaf 37,Chennai,Chinese,3.4,500
4810,46,2024-10-27 14:12:00,4,752,0.0,40,792.0,Cash on Delivery,19,Delivered,3.4,Urban Tadka 46,Kolkata,Continental,4.2,350
1857,6,2024-10-27 14:30:00,1,460,92.0,40,408.0,Debit Card,41,Delivered,4.0,Pizza Point 6,Mumbai,Desserts,3.1,800
2205,28,2024-10-27 16:58:00,4,428,85.6,40,382.4,Wallet,34,Delivered,3.4,Spice Junction 28,Ahmedabad,Continental,3.9,350
5770,11,2024-10-27 17:21:00,1,389,38.9,40,390.1,Cash on Delivery,55,Delivered,4.4,Noodle Bar 11,Hyderabad,Chinese,2.8,600
5790,29,2024-10-27 19:33:00,4,421,42.1,20,398.9,Wallet,49,Delivered,4.0,Sweet Tooth 29,Kolkata,North Indian,4.0,500
2856,49,2024-10-27 22:26:00,4,604,0.0,40,644.0,Credit Card,40,Delivered,4.4,Curry Leaf 49,Pune,Chinese,3.9,350
3960,36,2024-10-27 22:48:00,2,346,0.0,49,395.0,Cash on Delivery,30,Delivered,4.5,Wok This Way 36,Bangalore,Desserts,4.5,500
4650,13,2024-10-27 23:17:00,3,302,45.3,40,296.7,Debit Card,47,Delivered,5.0,Spice Junction 13,Kolkata,Biryani,4.5,800
4131,3,2024-10-28 09:31:00,3,1374,206.1,0,1167.9,Cash on Delivery,23,Delivered,3.9,Grill Masters 3,Chennai,Continental,4.3,300
3812,21,2024-10-28 09:31:00,1,155,31.0,49,173.0,Credit Card,52,Cancelled,3.3,Biryani House 21,Pune,South Indian,4.1,600
2731,22,2024-10-28 11:27:00,2,292,0.0,49,341.0,Credit Card,41,Cancelled,4.6,Urban Tadka 22,Mumbai,Desserts,3.1,250
2532,41,2024-10-28 12:31:00,4,605,60.5,30,574.5,Credit Card,37,Delivered,4.4,Dosa Corner 41,Hyderabad,Continental,3.1,600
4200,12,2024-10-28 12:47:00,1,179,0.0,49,228.0,Credit Card,31,Delivered,4.1,Tandoori Nights 12,Mumbai,Continental,4.8,800
2572,12,2024-10-28 14:49:00,4,438,65.7,20,392.3,Wallet,53,Cancelled,3.9,Tandoori Nights 12,Mumbai,Continental,4.8,800
2312,7,2024-10-28 15:35:00,4,418,0.0,0,418.0,Credit Card,15,Delivered,4.4,Wok This Way 7,Bangalore,Street Food,2.9,600
1225,29,2024-10-28 17:06:00,3,434,0.0,0,434.0,Debit Card,22,Cancelled,3.8,Sweet Tooth 29,Kolkata,North Indian,4.0,500
2429,35,2024-10-28 17:10:00,4,834,0.0,40,874.0,Wallet,47,Delivered,3.9,Momo Magic 35,Hyderabad,Fast Food,4.8,150
4805,2,2024-10-28 19:15:00,1,217,0.0,30,247.0,Credit Card,46,Cancelled,3.6,Spice Junction 2,Lucknow,Continental,4.8,200
2043,36,2024-10-28 19:55:00,1,452,90.4,30,391.6,Wallet,27,Delivered,3.6,Wok This Way 36,Bangalore,Desserts,4.5,500
5675,32,2024-10-28 20:12:00,3,781,0.0,40,821.0,UPI,63,Cancelled,3.6,Grill Masters 32,Hyderabad,Fast Food,3.2,800
4104,19,2024-10-28 21:03:00,4,1208,120.8,49,1136.2,Credit Card,50,Delivered,3.8,Spice Junction 19,Chennai,Desserts,3.7,150
1243,24,2024-10-28 21:19:00,2,1035,0.0,0,1035.0,Credit Card,27,Delivered,4.6,Cafe Bliss 24,Delhi,Street Food,3.6,600
3150,12,2024-10-28 23:29:00,3,1051,157.65,49,942.35,Wallet,15,Delivered,4.3,Tandoori Nights 12,Mumbai,Continental,4.8,800
2239,5,2024-10-29 08:45:00,3,1351,0.0,30,1381.0,Wallet,24,Delivered,3.9,Cafe Bliss 5,Hyderabad,Street Food,3.1,500
5805,5,2024-10-29 08:49:00,1,424,63.6,30,390.4,Cash on Delivery,37,Cancelled,3.6,Cafe Bliss 5,Hyderabad,Street Food,3.1,500
3440,3,2024-10-29 10:52:00,2,535,80.25,30,484.75,Cash on Delivery,40,Cancelled,2.9,Grill Masters 3,Chennai,Continental,4.3,300
4782,8,2024-10-29 12:14:00,4,610,91.5,30,548.5,UPI,21,Delivered,4.8,Urban Tadka 8,Hyderabad,Desserts,4.6,350
3341,36,2024-10-29 12:42:00,1,214,21.4,0,192.6,Wallet,42,Delivered,3.3,Wok This Way 36,Bangalore,Desserts,4.5,500
4599,48,2024-10-29 14:54:00,3,1090,109.0,49,1030.0,Credit Card,43,Delivered,2.8,Burger Barn 48,Delhi,Italian,3.9,150
3129,38,2024-10-29 14:56:00,3,1078,0.0,0,1078.0,Credit Card,37,Delivered,2.9,Burger Barn 38,Kolkata,Biryani,3.0,600
2667,10,2024-10-29 14:58:00,1,417,0.0,49,466.0,Debit Card,57,Delivered,3.4,Chaat Street 10,Mumbai,Italian,4.3,350
5212,23,2024-10-29 18:48:00,2,647,0.0,20,667.0,Credit Card,36,Delivered,4.2,Noodle Bar 23,Lucknow,Desserts,3.4,150
1312,50,2024-10-29 18:55:00,2,241,0.0,40,281.0,UPI,40,Delivered,2.6,Urban Tadka 50,Delhi,Bakery,3.2,500
3609,29,2024-10-29 20:05:00,2,446,89.2,40,396.8,Wallet,42,Delivered,3.1,Sweet Tooth 29,Kolkata,North Indian,4.0,500
3267,9,2024-10-29 21:15:00,3,484,0.0,40,524.0,UPI,23,Delivered,3.5,Curry Leaf 9,Pune,Bakery,4.1,200
2482,10,2024-10-29 23:51:00,1,178,26.7,20,171.3,Wallet,48,Cancelled,4.9,Chaat Street 10,Mumbai,Italian,4.3,350
2178,8,2024-10-30 09:27:00,1,367,0.0,20,387.0,Cash on Delivery,45,Delivered,2.8,Urban Tadka 8,Hyderabad,Desserts,4.6,350
5295,18,2024-10-30 11:03:00,3,1361,204.15,30,1186.85,Debit Card,50,Delivered,4.2,Sizzle & Steam 18,Chennai,Chinese,3.9,600
1407,31,2024-10-30 11:28:00,3,1352,202.8,49,1198.2,Wallet,58,Cancelled,2.9,Momo Magic 31,Jaipur,Continental,4.1,500
5739,27,2024-10-30 12:06:00,2,542,81.3,30,490.7,Debit Card,33,Cancelled,4.4,Grill Masters 27,Delhi,Fast Food,3.2,150
4707,20,2024-10-30 12:16:00,4,643,96.45,49,595.55,Cash on Delivery,24,Cancelled,3.6,Urban Tadka 20,Hyderabad,Street Food,3.4,600
2705,6,2024-10-30 13:08:00,4,429,0.0,30,459.0,Cash on Delivery,15,Delivered,3.0,Pizza Point 6,Mumbai,Desserts,3.1,800
4652,45,2024-10-30 13:24:00,3,635,127.0,30,538.0,UPI,32,Delivered,4.9,Royal Feast 45,Ahmedabad,Fast Food,3.3,250
4479,49,2024-10-30 14:15:00,4,1818,272.7,30,1575.3,Cash on Delivery,27,Delivered,3.1,Curry Leaf 49,Pune,Chinese,3.9,350
4595,38,2024-10-30 14:47:00,2,202,40.4,30,191.6,Credit Card,15,Delivered,4.5,Burger Barn 38,Kolkata,Biryani,3.0,600
3422,16,2024-10-30 15:31:00,1,442,0.0,49,491.0,UPI,23,Delivered,3.6,Cafe Bliss 16,Chennai,South Indian,3.2,500
2085,14,2024-10-30 15:33:00,1,138,0.0,20,158.0,Cash on Delivery,45,Delivered,2.6,Curry Leaf 14,Pune,South Indian,3.2,150
2237,1,2024-10-30 18:51:00,3,1388,0.0,0,1388.0,Debit Card,61,Delivered,4.1,Wok This Way 1,Pune,Italian,3.6,200
2002,42,2024-10-30 21:24:00,1,450,90.0,0,360.0,Cash on Delivery,58,Delivered,3.2,Sizzle & Steam 42,Lucknow,Chinese,3.8,400
3276,16,2024-10-30 22:20:00,4,2002,0.0,40,2042.0,UPI,44,Delivered,3.6,Cafe Bliss 16,Chennai,South Indian,3.2,500
3560,38,2024-10-30 22:29:00,3,1201,0.0,40,1241.0,Debit Card,18,Cancelled,3.4,Burger Barn 38,Kolkata,Biryani,3.0,600
1053,9,2024-10-31 09:39:00,4,744,111.6,49,681.4,Credit Card,25,Delivered,2.5,Curry Leaf 9,Pune,Bakery,4.1,200
3021,49,2024-10-31 10:14:00,1,428,85.6,20,362.4,Cash on Delivery,40,Cancelled,2.9,Curry Leaf 49,Pune,Chinese,3.9,350
1521,8,2024-10-31 10:19:00,1,148,29.6,0,118.4,Debit Card,32,Delivered,2.6,Urban Tadka 8,Hyderabad,Desserts,4.6,350
3226,28,2024-10-31 10:21:00,1,132,0.0,49,181.0,UPI,53,Cancelled,3.7,Spice Junction 28,Ahmedabad,Continental,3.9,350
5332,7,2024-10-31 11:52:00,2,601,0.0,49,650.0,Credit Card,64,Delivered,2.6,Wok This Way 7,Bangalore,Street Food,2.9,600
3208,15,2024-10-31 11:55:00,4,629,62.9,20,586.1,Debit Card,44,Cancelled,3.7,Biryani House 15,Ahmedabad,North Indian,3.2,800
4935,17,2024-10-31 13:01:00,2,502,0.0,40,542.0,Cash on Delivery,45,Delivered,3.7,Spicy Junction 17,Delhi,Chinese,3.4,800
5065,30,2024-10-31 13:34:00,4,727,72.7,20,674.3,Debit Card,22,Cancelled,3.0,Noodle Bar 30,Pune,South Indian,2.9,800
3377,35,2024-10-31 14:38:00,1,197,0.0,40,237.0,Credit Card,38,Delivered,4.4,Momo Magic 35,Hyderabad,Fast Food,4.8,150
3442,26,2024-10-31 15:04:00,1,439,0.0,0,439.0,Cash on Delivery,40,Cancelled,4.3,Chaat Street 26,Hyderabad,Continental,4.4,250
2325,29,2024-10-31 16:20:00,3,1061,159.15,0,901.85,Credit Card,31,Delivered,2.5,Sweet Tooth 29,Kolkata,North Indian,4.0,500
5236,1,2024-10-31 16:33:00,3,447,0.0,0,447.0,Cash on Delivery,54,Delivered,2.6,Wok This Way 1,Pune,Italian,3.6,200
3702,10,2024-10-31 20:07:00,4,1025,153.75,20,891.25,Wallet,51,Cancelled,3.5,Chaat Street 10,Mumbai,Italian,4.3,350
3845,26,2024-10-31 21:50:00,4,764,0.0,49,813.0,UPI,18,Delivered,2.7,Chaat Street 26,Hyderabad,Continental,4.4,250
2286,11,2024-10-31 23:45:00,2,700,0.0,30,730.0,Credit Card,43,Delivered,4.3,Noodle Bar 11,Hyderabad,Chinese,2.8,600
4772,2,2024-11-01 08:27:00,2,930,0.0,40,970.0,Credit Card,42,Delivered,4.1,Spice Junction 2,Lucknow,Continental,4.8,200
2996,10,2024-11-01 08:33:00,3,315,0.0,40,355.0,Wallet,32,Delivered,3.2,Chaat Street 10,Mumbai,Italian,4.3,350
4964,12,2024-11-01 08:48:00,2,538,0.0,30,568.0,Wallet,43,Delivered,3.1,Tandoori Nights 12,Mumbai,Continental,4.8,800
2760,16,2024-11-01 09:49:00,3,1527,0.0,0,1527.0,Debit Card,16,Delivered,3.0,Cafe Bliss 16,Chennai,South Indian,3.2,500
3065,23,2024-11-01 10:11:00,1,109,21.8,49,136.2,Credit Card,40,Delivered,3.2,Noodle Bar 23,Lucknow,Desserts,3.4,150
2931,20,2024-11-01 12:23:00,1,412,0.0,49,461.0,Cash on Delivery,36,Cancelled,4.1,Urban Tadka 20,Hyderabad,Street Food,3.4,600
2018,22,2024-11-01 12:36:00,2,433,0.0,0,433.0,Wallet,60,Cancelled,4.1,Urban Tadka 22,Mumbai,Desserts,3.1,250
4643,48,2024-11-01 13:41:00,4,433,64.95,40,408.05,Cash on Delivery,60,Delivered,4.7,Burger Barn 48,Delhi,Italian,3.9,150
1209,48,2024-11-01 16:35:00,4,1632,326.4,20,1325.6,Wallet,45,Delivered,3.2,Burger Barn 48,Delhi,Italian,3.9,150
1417,26,2024-11-01 17:29:00,4,1833,0.0,20,1853.0,UPI,64,Delivered,3.5,Chaat Street 26,Hyderabad,Continental,4.4,250
2632,23,2024-11-01 20:34:00,3,557,0.0,0,557.0,Wallet,49,Cancelled,3.4,Noodle Bar 23,Lucknow,Desserts,3.4,150
2876,7,2024-11-01 22:40:00,1,191,19.1,49,220.9,Credit Card,23,Cancelled,3.0,Wok This Way 7,Bangalore,Street Food,2.9,600
1690,5,2024-11-01 23:18:00,3,1086,108.6,0,977.4,Debit Card,42,Cancelled,2.7,Cafe Bliss 5,Hyderabad,Street Food,3.1,500
4239,20,2024-11-02 08:29:00,4,1621,324.2,40,1336.8,Debit Card,34,Cancelled,4.9,Urban Tadka 20,Hyderabad,Street Food,3.4,600
1513,50,2024-11-02 09:50:00,3,750,150.0,40,640.0,Wallet,32,Cancelled,2.7,Urban Tadka 50,Delhi,Bakery,3.2,500
5596,7,2024-11-02 09:57:00,2,275,0.0,40,315.0,Debit Card,23,Delivered,2.8,Wok This Way 7,Bangalore,Street Food,2.9,600
4661,21,2024-11-02 13:00:00,4,1426,0.0,40,1466.0,Wallet,37,Delivered,3.6,Biryani House 21,Pune,South Indian,4.1,600
2949,45,2024-11-02 13:04:00,3,324,64.8,20,279.2,Wallet,62,Delivered,2.8,Royal Feast 45,Ahmedabad,Fast Food,3.3,250
5972,22,2024-11-02 16:20:00,2,386,77.2,20,328.8,Wallet,38,Cancelled,4.5,Urban Tadka 22,Mumbai,Desserts,3.1,250
4823,32,2024-11-02 16:44:00,4,843,168.6,20,694.4,Wallet,55,Cancelled,2.8,Grill Masters 32,Hyderabad,Fast Food,3.2,800
1833,4,2024-11-02 18:15:00,4,1599,0.0,0,1599.0,UPI,64,Delivered,4.1,Cafe Bliss 4,Lucknow,Fast Food,4.1,600
1939,38,2024-11-02 18:55:00,1,540,54.0,20,506.0,Wallet,52,Delivered,4.9,Burger Barn 38,Kolkata,Biryani,3.0,600
5878,47,2024-11-02 20:58:00,2,1014,152.1,30,891.9,Wallet,58,Delivered,4.6,Wok This Way 47,Ahmedabad,Street Food,3.5,250
2734,3,2024-11-02 21:16:00,1,178,0.0,20,198.0,UPI,21,Delivered,3.5,Grill Masters 3,Chennai,Continental,4.3,300
4295,20,2024-11-02 21:40:00,3,632,63.2,49,617.8,Debit Card,37,Cancelled,4.8,Urban Tadka 20,Hyderabad,Street Food,3.4,600
4465,45,2024-11-02 22:47:00,3,927,185.4,30,771.6,Debit Card,47,Cancelled,4.3,Royal Feast 45,Ahmedabad,Fast Food,3.3,250
3152,15,2024-11-03 08:15:00,3,547,0.0,40,587.0,Credit Card,20,Delivered,4.0,Biryani House 15,Ahmedabad,North Indian,3.2,800
4607,50,2024-11-03 17:09:00,1,535,80.25,0,454.75,UPI,56,Cancelled,2.9,Urban Tadka 50,Delhi,Bakery,3.2,500
5991,3,2024-11-03 20:35:00,2,305,30.5,30,304.5,Wallet,18,Delivered,4.6,Grill Masters 3,Chennai,Continental,4.3,300
2755,24,2024-11-03 21:05:00,1,548,0.0,0,548.0,Credit Card,16,Delivered,3.2,Cafe Bliss 24,Delhi,Street Food,3.6,600
4227,33,2024-11-03 22:48:00,3,453,0.0,20,473.0,Cash on Delivery,24,Delivered,3.3,Pizza Point 33,Chennai,Bakery,2.9,600
2987,1,2024-11-03 22:59:00,3,306,45.9,0,260.1,Debit Card,24,Delivered,4.2,Wok This Way 1,Pune,Italian,3.6,200
2726,32,2024-11-04 08:57:00,4,1432,286.4,40,1185.6,Credit Card,33,Delivered,2.6,Grill Masters 32,Hyderabad,Fast Food,3.2,800
4809,34,2024-11-04 11:02:00,3,793,0.0,20,813.0,Credit Card,52,Delivered,3.2,Biryani House 34,Bangalore,South Indian,4.8,200
4517,6,2024-11-04 13:00:00,2,503,100.6,40,442.4,Credit Card,59,Delivered,4.5,Pizza Point 6,Mumbai,Desserts,3.1,800
4678,17,2024-11-04 14:37:00,4,434,0.0,40,474.0,Debit Card,33,Delivered,3.5,Spicy Junction 17,Delhi,Chinese,3.4,800
4551,9,2024-11-04 16:59:00,2,361,0.0,30,391.0,Debit Card,15,Delivered,2.6,Curry Leaf 9,Pune,Bakery,4.1,200
3837,37,2024-11-04 18:29:00,2,299,0.0,30,329.0,Debit Card,53,Delivered,3.3,Curry Leaf 37,Chennai,Chinese,3.4,500
2264,32,2024-11-04 18:58:00,3,1226,183.9,0,1042.1,Wallet,61,Delivered,4.4,Grill Masters 32,Hyderabad,Fast Food,3.2,800
3925,6,2024-11-04 20:05:00,4,1398,279.6,49,1167.4,Debit Card,43,Cancelled,2.9,Pizza Point 6,Mumbai,Desserts,3.1,800
1606,36,2024-11-04 21:10:00,4,1632,0.0,30,1662.0,UPI,26,Delivered,3.0,Wok This Way 36,Bangalore,Desserts,4.5,500
4003,48,2024-11-04 22:08:00,1,201,40.2,40,200.8,Credit Card,64,Cancelled,2.8,Burger Barn 48,Delhi,Italian,3.9,150
5654,34,2024-11-05 08:46:00,4,1997,0.0,20,2017.0,UPI,47,Delivered,4.4,Biryani House 34,Bangalore,South Indian,4.8,200
1855,34,2024-11-05 09:55:00,3,759,0.0,20,779.0,Debit Card,62,Delivered,4.8,Biryani House 34,Bangalore,South Indian,4.8,200
5343,50,2024-11-05 11:33:00,4,536,107.2,20,448.8,Debit Card,26,Delivered,3.5,Urban Tadka 50,Delhi,Bakery,3.2,500
3380,30,2024-11-05 12:24:00,2,439,0.0,0,439.0,Wallet,23,Cancelled,3.1,Noodle Bar 30,Pune,South Indian,2.9,800
1862,6,2024-11-05 14:25:00,1,525,0.0,20,545.0,UPI,18,Delivered,3.4,Pizza Point 6,Mumbai,Desserts,3.1,800
4691,17,2024-11-05 15:04:00,1,205,20.5,40,224.5,Debit Card,42,Delivered,3.4,Spicy Junction 17,Delhi,Chinese,3.4,800
5722,33,2024-11-05 16:30:00,3,616,0.0,40,656.0,Cash on Delivery,34,Cancelled,5.0,Pizza Point 33,Chennai,Bakery,2.9,600
4379,4,2024-11-05 17:37:00,4,827,124.05,0,702.95,Debit Card,39,Delivered,4.6,Cafe Bliss 4,Lucknow,Fast Food,4.1,600
3715,34,2024-11-05 18:09:00,3,758,151.6,49,655.4,Wallet,36,Delivered,4.8,Biryani House 34,Bangalore,South Indian,4.8,200
4845,8,2024-11-05 19:20:00,2,521,78.15,40,482.85,Debit Card,60,Delivered,3.9,Urban Tadka 8,Hyderabad,Desserts,4.6,350
5150,41,2024-11-05 19:25:00,4,548,0.0,49,597.0,Cash on Delivery,50,Delivered,2.8,Dosa Corner 41,Hyderabad,Continental,3.1,600
4515,3,2024-11-05 22:43:00,1,140,21.0,0,119.0,Credit Card,43,Cancelled,2.7,Grill Masters 3,Chennai,Continental,4.3,300
1505,17,2024-11-05 23:32:00,1,112,16.8,49,144.2,Credit Card,52,Delivered,4.8,Spicy Junction 17,Delhi,Chinese,3.4,800
2660,45,2024-11-06 10:53:00,1,318,0.0,30,348.0,Wallet,16,Cancelled,2.5,Royal Feast 45,Ahmedabad,Fast Food,3.3,250
5966,40,2024-11-06 11:06:00,1,131,26.2,0,104.8,Credit Card,34,Delivered,3.2,Dosa Corner 40,Mumbai,Fast Food,3.7,250
4799,8,2024-11-06 11:27:00,3,306,45.9,0,260.1,Cash on Delivery,25,Delivered,3.1,Urban Tadka 8,Hyderabad,Desserts,4.6,350
1184,8,2024-11-06 11:49:00,3,1539,0.0,20,1559.0,Wallet,33,Delivered,4.6,Urban Tadka 8,Hyderabad,Desserts,4.6,350
1708,34,2024-11-06 12:20:00,3,769,153.8,49,664.2,UPI,31,Delivered,2.5,Biryani House 34,Bangalore,South Indian,4.8,200
2451,4,2024-11-06 12:26:00,4,1817,181.7,40,1675.3,Credit Card,49,Delivered,4.8,Cafe Bliss 4,Lucknow,Fast Food,4.1,600
4112,41,2024-11-06 12:48:00,2,825,0.0,49,874.0,Wallet,35,Delivered,4.5,Dosa Corner 41,Hyderabad,Continental,3.1,600
5676,32,2024-11-06 17:50:00,1,205,20.5,30,214.5,Wallet,54,Delivered,4.1,Grill Masters 32,Hyderabad,Fast Food,3.2,800
3207,47,2024-11-06 20:11:00,4,745,0.0,20,765.0,Wallet,39,Cancelled,3.9,Wok This Way 47,Ahmedabad,Street Food,3.5,250
1010,32,2024-11-06 21:13:00,3,1370,0.0,49,1419.0,Cash on Delivery,36,Delivered,2.9,Grill Masters 32,Hyderabad,Fast Food,3.2,800
1455,41,2024-11-06 22:26:00,1,280,56.0,20,244.0,Debit Card,35,Delivered,4.9,Dosa Corner 41,Hyderabad,Continental,3.1,600
4497,33,2024-11-06 23:04:00,4,606,0.0,30,636.0,Wallet,37,Delivered,4.8,Pizza Point 33,Chennai,Bakery,2.9,600
4010,37,2024-11-06 23:06:00,3,1086,217.2,20,888.8,UPI,47,Cancelled,2.7,Curry Leaf 37,Chennai,Chinese,3.4,500
1349,5,2024-11-06 23:53:00,2,601,60.1,20,560.9,Debit Card,23,Cancelled,3.9,Cafe Bliss 5,Hyderabad,Street Food,3.1,500
5875,42,2024-11-07 13:49:00,3,638,0.0,30,668.0,Credit Card,56,Delivered,4.8,Sizzle & Steam 42,Lucknow,Chinese,3.8,400
3590,21,2024-11-07 14:37:00,3,752,0.0,49,801.0,Cash on Delivery,56,Cancelled,3.0,Biryani House 21,Pune,South Indian,4.1,600
5796,50,2024-11-07 14:44:00,4,808,80.8,20,747.2,Cash on Delivery,27,Delivered,4.7,Urban Tadka 50,Delhi,Bakery,3.2,500
5534,8,2024-11-07 14:51:00,4,811,0.0,40,851.0,Wallet,21,Delivered,2.8,Urban Tadka 8,Hyderabad,Desserts,4.6,350
2374,12,2024-11-07 17:45:00,1,486,0.0,49,535.0,Wallet,21,Delivered,4.6,Tandoori Nights 12,Mumbai,Continental,4.8,800
3175,21,2024-11-07 18:16:00,2,913,182.6,30,760.4,Credit Card,55,Delivered,4.4,Biryani House 21,Pune,South Indian,4.1,600
1564,45,2024-11-07 21:07:00,2,1010,101.0,20,929.0,UPI,54,Delivered,2.8,Royal Feast 45,Ahmedabad,Fast Food,3.3,250
2337,24,2024-11-07 23:02:00,1,273,27.3,40,285.7,Cash on Delivery,21,Delivered,3.0,Cafe Bliss 24,Delhi,Street Food,3.6,600
5237,43,2024-11-07 23:33:00,3,1204,180.6,40,1063.4,Wallet,54,Delivered,3.8,Grill Masters 43,Chennai,Continental,2.9,250
3322,18,2024-11-08 10:15:00,3,549,0.0,49,598.0,Cash on Delivery,37,Delivered,5.0,Sizzle & Steam 18,Chennai,Chinese,3.9,600
1131,42,2024-11-08 10:29:00,4,1628,0.0,20,1648.0,Credit Card,22,Delivered,2.8,Sizzle & Steam 42,Lucknow,Chinese,3.8,400
5986,15,2024-11-08 10:38:00,1,300,30.0,30,300.0,Debit Card,64,Delivered,2.9,Biryani House 15,Ahmedabad,North Indian,3.2,800
4026,50,2024-11-08 11:52:00,4,1205,0.0,40,1245.0,Debit Card,63,Delivered,4.3,Urban Tadka 50,Delhi,Bakery,3.2,500
3439,11,2024-11-08 13:53:00,3,623,0.0,0,623.0,UPI,53,Delivered,5.0,Noodle Bar 11,Hyderabad,Chinese,2.8,600
2525,29,2024-11-08 14:12:00,4,1407,281.4,30,1155.6,Wallet,54,Delivered,4.9,Sweet Tooth 29,Kolkata,North Indian,4.0,500
1373,19,2024-11-08 15:41:00,1,136,27.2,0,108.8,UPI,28,Cancelled,3.7,Spice Junction 19,Chennai,Desserts,3.7,150
1537,27,2024-11-08 17:48:00,3,750,75.0,49,724.0,Cash on Delivery,25,Delivered,4.3,Grill Masters 27,Delhi,Fast Food,3.2,150
5509,48,2024-11-08 18:04:00,3,1504,0.0,40,1544.0,Cash on Delivery,34,Delivered,3.7,Burger Barn 48,Delhi,Italian,3.9,150
5653,36,2024-11-08 18:08:00,4,1015,101.5,30,943.5,Wallet,45,Delivered,3.2,Wok This Way 36,Bangalore,Desserts,4.5,500
5477,26,2024-11-08 20:31:00,2,396,0.0,40,436.0,Wallet,40,Cancelled,4.2,Chaat Street 26,Hyderabad,Continental,4.4,250
2484,25,2024-11-08 20:49:00,3,634,95.1,20,558.9,Credit Card,50,Cancelled,3.5,Royal Feast 25,Jaipur,Biryani,3.8,250
1771,46,2024-11-08 20:52:00,3,335,0.0,20,355.0,Debit Card,25,Delivered,4.5,Urban Tadka 46,Kolkata,Continental,4.2,350
4234,28,2024-11-08 21:04:00,2,413,0.0,40,453.0,Credit Card,50,Delivered,2.6,Spice Junction 28,Ahmedabad,Continental,3.9,350
3489,31,2024-11-08 22:11:00,2,201,0.0,49,250.0,Credit Card,33,Delivered,4.1,Momo Magic 31,Jaipur,Continental,4.1,500
5182,6,2024-11-09 09:25:00,2,1018,203.6,20,834.4,UPI,46,Delivered,2.8,Pizza Point 6,Mumbai,Desserts,3.1,800
3122,9,2024-11-09 09:44:00,2,303,0.0,40,343.0,Cash on Delivery,55,Delivered,3.8,Curry Leaf 9,Pune,Bakery,4.1,200
4570,24,2024-11-09 10:22:00,3,789,157.8,40,671.2,Wallet,53,Cancelled,3.5,Cafe Bliss 24,Delhi,Street Food,3.6,600
5431,10,2024-11-09 10:56:00,2,702,0.0,40,742.0,Wallet,41,Delivered,3.3,Chaat Street 10,Mumbai,Italian,4.3,350
5286,30,2024-11-09 11:27:00,1,257,25.7,0,231.3,Credit Card,38,Delivered,3.8,Noodle Bar 30,Pune,South Indian,2.9,800
4389,27,2024-11-09 13:26:00,3,546,0.0,20,566.0,Debit Card,27,Cancelled,2.9,Grill Masters 27,Delhi,Fast Food,3.2,150
2265,17,2024-11-09 15:40:00,1,412,0.0,20,432.0,Cash on Delivery,49,Cancelled,3.7,Spicy Junction 17,Delhi,Chinese,3.4,800
5389,21,2024-11-09 16:07:00,1,263,26.3,20,256.7,Wallet,23,Delivered,3.8,Biryani House 21,Pune,South Indian,4.1,600
3095,49,2024-11-09 16:38:00,4,733,0.0,0,733.0,Credit Card,44,Cancelled,3.6,Curry Leaf 49,Pune,Chinese,3.9,350
4848,27,2024-11-09 17:20:00,4,822,123.3,40,738.7,Debit Card,36,Delivered,4.4,Grill Masters 27,Delhi,Fast Food,3.2,150
1626,30,2024-11-09 17:44:00,4,1819,272.85,30,1576.15,Credit Card,32,Delivered,4.0,Noodle Bar 30,Pune,South Indian,2.9,800
1709,18,2024-11-09 18:10:00,1,371,37.1,40,373.9,Debit Card,23,Delivered,3.4,Sizzle & Steam 18,Chennai,Chinese,3.9,600
5350,48,2024-11-09 22:54:00,1,528,0.0,30,558.0,Credit Card,51,Delivered,4.2,Burger Barn 48,Delhi,Italian,3.9,150
5125,44,2024-11-10 08:10:00,1,382,38.2,49,392.8,Cash on Delivery,35,Delivered,3.5,Tandoori Nights 44,Hyderabad,South Indian,4.7,150
2013,33,2024-11-10 10:43:00,2,398,39.8,40,398.2,UPI,52,Delivered,3.2,Pizza Point 33,Chennai,Bakery,2.9,600
3395,17,2024-11-10 11:58:00,3,558,0.0,0,558.0,UPI,31,Cancelled,3.7,Spicy Junction 17,Delhi,Chinese,3.4,800
5747,43,2024-11-10 12:09:00,4,2018,0.0,30,2048.0,Wallet,21,Delivered,4.4,Grill Masters 43,Chennai,Continental,2.9,250
1785,48,2024-11-10 15:14:00,3,916,0.0,30,946.0,Credit Card,56,Cancelled,3.6,Burger Barn 48,Delhi,Italian,3.9,150
2217,4,2024-11-10 15:41:00,4,532,0.0,40,572.0,Cash on Delivery,50,Delivered,3.5,Cafe Bliss 4,Lucknow,Fast Food,4.1,600
3758,22,2024-11-10 17:23:00,2,815,122.25,49,741.75,UPI,16,Delivered,3.7,Urban Tadka 22,Mumbai,Desserts,3.1,250
2847,38,2024-11-10 17:29:00,1,187,18.7,20,188.3,Cash on Delivery,55,Delivered,3.0,Burger Barn 38,Kolkata,Biryani,3.0,600
4140,28,2024-11-10 18:11:00,2,308,0.0,49,357.0,Credit Card,50,Delivered,4.3,Spice Junction 28,Ahmedabad,Continental,3.9,350
5721,3,2024-11-10 19:33:00,1,273,40.95,49,281.05,UPI,42,Delivered,4.7,Grill Masters 3,Chennai,Continental,4.3,300
1921,10,2024-11-10 20:49:00,3,571,0.0,40,611.0,Cash on Delivery,41,Delivered,3.1,Chaat Street 10,Mumbai,Italian,4.3,350
1561,44,2024-11-11 08:57:00,1,220,0.0,20,240.0,Credit Card,61,Delivered,2.7,Tandoori Nights 44,Hyderabad,South Indian,4.7,150
2045,26,2024-11-11 12:50:00,1,116,0.0,30,146.0,Credit Card,19,Delivered,2.6,Chaat Street 26,Hyderabad,Continental,4.4,250
4786,7,2024-11-11 14:05:00,2,1014,0.0,40,1054.0,UPI,48,Delivered,3.7,Wok This Way 7,Bangalore,Street Food,2.9,600
1951,12,2024-11-11 14:29:00,4,733,0.0,20,753.0,Credit Card,20,Delivered,3.2,Tandoori Nights 12,Mumbai,Continental,4.8,800
4297,7,2024-11-11 14:54:00,2,421,84.2,30,366.8,UPI,23,Delivered,3.3,Wok This Way 7,Bangalore,Street Food,2.9,600
3032,2,2024-11-11 15:15:00,4,426,0.0,0,426.0,Wallet,61,Delivered,3.2,Spice Junction 2,Lucknow,Continental,4.8,200
5932,49,2024-11-11 15:44:00,3,1520,0.0,0,1520.0,Credit Card,55,Delivered,4.3,Curry Leaf 49,Pune,Chinese,3.9,350
3338,39,2024-11-11 16:17:00,3,315,0.0,49,364.0,Credit Card,29,Delivered,4.0,Wok This Way 39,Pune,North Indian,4.2,350
5499,49,2024-11-11 16:23:00,3,1088,0.0,30,1118.0,Wallet,35,Delivered,3.8,Curry Leaf 49,Pune,Chinese,3.9,350
2974,39,2024-11-11 16:33:00,1,330,0.0,20,350.0,Credit Card,46,Delivered,4.2,Wok This Way 39,Pune,North Indian,4.2,350
3255,4,2024-11-11 16:58:00,2,415,62.25,30,382.75,Debit Card,31,Delivered,2.8,Cafe Bliss 4,Lucknow,Fast Food,4.1,600
4894,12,2024-11-11 18:07:00,4,1618,0.0,20,1638.0,Debit Card,53,Delivered,3.1,Tandoori Nights 12,Mumbai,Continental,4.8,800
5088,8,2024-11-11 20:53:00,4,1802,180.2,0,1621.8,Credit Card,56,Delivered,3.1,Urban Tadka 8,Hyderabad,Desserts,4.6,350
1680,31,2024-11-11 21:15:00,2,719,143.8,30,605.2,Cash on Delivery,57,Delivered,2.6,Momo Magic 31,Jaipur,Continental,4.1,500
3475,2,2024-11-11 22:02:00,4,417,83.4,40,373.6,Cash on Delivery,60,Delivered,4.7,Spice Junction 2,Lucknow,Continental,4.8,200
3286,39,2024-11-11 22:12:00,1,240,48.0,0,192.0,Cash on Delivery,45,Delivered,3.3,Wok This Way 39,Pune,North Indian,4.2,350
5840,23,2024-11-11 22:37:00,2,324,48.6,20,295.4,Debit Card,21,Delivered,3.9,Noodle Bar 23,Lucknow,Desserts,3.4,150
3041,37,2024-11-11 22:39:00,4,1837,0.0,49,1886.0,UPI,47,Delivered,4.9,Curry Leaf 37,Chennai,Chinese,3.4,500
5744,17,2024-11-11 23:13:00,2,236,0.0,40,276.0,Cash on Delivery,38,Delivered,3.5,Spicy Junction 17,Delhi,Chinese,3.4,800
5514,43,2024-11-12 09:14:00,2,617,0.0,20,637.0,Credit Card,18,Delivered,3.1,Grill Masters 43,Chennai,Continental,2.9,250
3435,2,2024-11-12 09:15:00,2,1027,205.4,30,851.6,Wallet,18,Cancelled,3.1,Spice Junction 2,Lucknow,Continental,4.8,200
5420,49,2024-11-12 09:34:00,1,328,0.0,30,358.0,Cash on Delivery,25,Delivered,3.3,Curry Leaf 49,Pune,Chinese,3.9,350
4124,42,2024-11-12 09:36:00,3,577,0.0,30,607.0,Debit Card,21,Delivered,3.5,Sizzle & Steam 42,Lucknow,Chinese,3.8,400
1452,23,2024-11-12 09:43:00,1,189,0.0,40,229.0,Debit Card,57,Delivered,4.1,Noodle Bar 23,Lucknow,Desserts,3.4,150
5101,34,2024-11-12 10:36:00,2,706,0.0,49,755.0,Credit Card,44,Delivered,3.4,Biryani House 34,Bangalore,South Indian,4.8,200
3567,28,2024-11-12 13:45:00,4,2011,0.0,49,2060.0,Wallet,44,Delivered,4.5,Spice Junction 28,Ahmedabad,Continental,3.9,350
1927,13,2024-11-12 17:51:00,4,809,161.8,20,667.2,Credit Card,27,Cancelled,4.4,Spice Junction 13,Kolkata,Biryani,4.5,800
4813,30,2024-11-12 18:19:00,4,2007,301.05,40,1745.95,Cash on Delivery,35,Delivered,4.6,Noodle Bar 30,Pune,South Indian,2.9,800
2934,49,2024-11-12 18:59:00,4,2020,0.0,49,2069.0,Debit Card,25,Delivered,2.8,Curry Leaf 49,Pune,Chinese,3.9,350
3971,28,2024-11-12 19:44:00,2,209,0.0,0,209.0,Wallet,48,Delivered,3.2,Spice Junction 28,Ahmedabad,Continental,3.9,350
5381,41,2024-11-12 20:04:00,3,1079,107.9,49,1020.1,Cash on Delivery,28,Cancelled,3.6,Dosa Corner 41,Hyderabad,Continental,3.1,600
4238,9,2024-11-12 21:14:00,2,203,0.0,0,203.0,UPI,27,Delivered,2.9,Curry Leaf 9,Pune,Bakery,4.1,200
4391,1,2024-11-12 21:29:00,3,471,94.2,0,376.8,Credit Card,46,Delivered,2.6,Wok This Way 1,Pune,Italian,3.6,200
1477,47,2024-11-12 22:53:00,1,518,0.0,40,558.0,Wallet,33,Cancelled,3.0,Wok This Way 47,Ahmedabad,Street Food,3.5,250
4563,23,2024-11-12 23:32:00,4,762,76.2,30,715.8,UPI,38,Delivered,2.5,Noodle Bar 23,Lucknow,Desserts,3.4,150
2591,48,2024-11-12 23:35:00,4,1010,0.0,20,1030.0,Debit Card,62,Delivered,3.4,Burger Barn 48,Delhi,Italian,3.9,150
3376,17,2024-11-13 10:03:00,4,1201,0.0,30,1231.0,Cash on Delivery,46,Delivered,3.2,Spicy Junction 17,Delhi,Chinese,3.4,800
5002,34,2024-11-13 12:28:00,2,900,180.0,40,760.0,Credit Card,25,Delivered,2.6,Biryani House 34,Bangalore,South Indian,4.8,200
5217,4,2024-11-13 14:49:00,2,401,40.1,0,360.9,Debit Card,56,Cancelled,4.9,Cafe Bliss 4,Lucknow,Fast Food,4.1,600
3268,26,2024-11-13 15:35:00,4,430,43.0,20,407.0,Cash on Delivery,41,Delivered,4.2,Chaat Street 26,Hyderabad,Continental,4.4,250
5326,12,2024-11-13 17:03:00,2,433,0.0,40,473.0,Wallet,22,Delivered,4.6,Tandoori Nights 12,Mumbai,Continental,4.8,800
4161,21,2024-11-13 17:41:00,3,419,41.9,49,426.1,Wallet,25,Cancelled,3.3,Biryani House 21,Pune,South Indian,4.1,600
3545,28,2024-11-13 19:51:00,2,1012,0.0,20,1032.0,Cash on Delivery,44,Delivered,3.3,Spice Junction 28,Ahmedabad,Continental,3.9,350
1954,1,2024-11-13 20:51:00,2,813,0.0,40,853.0,Debit Card,61,Delivered,3.4,Wok This Way 1,Pune,Italian,3.6,200
4249,21,2024-11-13 22:11:00,1,165,0.0,40,205.0,Debit Card,44,Delivered,4.9,Biryani House 21,Pune,South Indian,4.1,600
2162,16,2024-11-14 15:29:00,3,1537,153.7,30,1413.3,Credit Card,36,Delivered,3.4,Cafe Bliss 16,Chennai,South Indian,3.2,500
3146,25,2024-11-14 16:00:00,2,911,182.2,30,758.8,Debit Card,51,Delivered,3.4,Royal Feast 25,Jaipur,Biryani,3.8,250
3997,18,2024-11-14 19:28:00,1,160,32.0,49,177.0,Credit Card,43,Delivered,3.8,Sizzle & Steam 18,Chennai,Chinese,3.9,600
4680,18,2024-11-14 21:04:00,3,335,50.25,30,314.75,Wallet,46,Cancelled,2.9,Sizzle & Steam 18,Chennai,Chinese,3.9,600
5487,35,2024-11-14 21:55:00,3,1096,0.0,20,1116.0,Cash on Delivery,47,Delivered,2.8,Momo Magic 35,Hyderabad,Fast Food,4.8,150
2901,29,2024-11-14 23:12:00,2,403,60.45,40,382.55,Credit Card,48,Delivered,4.1,Sweet Tooth 29,Kolkata,North Indian,4.0,500
5467,3,2024-11-14 23:17:00,2,930,0.0,20,950.0,Debit Card,64,Delivered,4.6,Grill Masters 3,Chennai,Continental,4.3,300
1700,14,2024-11-15 11:08:00,4,1643,0.0,20,1663.0,Debit Card,37,Delivered,3.2,Curry Leaf 14,Pune,South Indian,3.2,150
4541,23,2024-11-15 11:55:00,4,612,0.0,40,652.0,Cash on Delivery,16,Delivered,4.6,Noodle Bar 23,Lucknow,Desserts,3.4,150
1318,28,2024-11-15 20:41:00,1,159,0.0,40,199.0,Wallet,61,Delivered,3.2,Spice Junction 28,Ahmedabad,Continental,3.9,350
5737,38,2024-11-15 20:59:00,4,838,0.0,30,868.0,Debit Card,41,Cancelled,4.9,Burger Barn 38,Kolkata,Biryani,3.0,600
4116,8,2024-11-15 21:24:00,4,1808,0.0,49,1857.0,UPI,56,Delivered,4.3,Urban Tadka 8,Hyderabad,Desserts,4.6,350
4290,3,2024-11-15 21:56:00,4,1000,0.0,30,1030.0,Debit Card,43,Delivered,3.2,Grill Masters 3,Chennai,Continental,4.3,300
3773,31,2024-11-15 22:42:00,4,1041,208.2,0,832.8,UPI,40,Delivered,3.6,Momo Magic 31,Jaipur,Continental,4.1,500
2935,32,2024-11-16 09:03:00,2,433,0.0,0,433.0,Credit Card,59,Delivered,2.9,Grill Masters 32,Hyderabad,Fast Food,3.2,800
5776,24,2024-11-16 09:36:00,1,261,0.0,20,281.0,Wallet,18,Delivered,2.9,Cafe Bliss 24,Delhi,Street Food,3.6,600
4981,7,2024-11-16 10:45:00,1,357,53.55,20,323.45,UPI,51,Delivered,2.9,Wok This Way 7,Bangalore,Street Food,2.9,600
2663,6,2024-11-16 10:46:00,3,899,89.9,20,829.1,Debit Card,56,Delivered,3.6,Pizza Point 6,Mumbai,Desserts,3.1,800
4220,5,2024-11-16 11:01:00,3,425,85.0,40,380.0,Credit Card,15,Delivered,2.8,Cafe Bliss 5,Hyderabad,Street Food,3.1,500
5652,22,2024-11-16 11:39:00,2,1047,157.05,49,938.95,Credit Card,23,Delivered,3.3,Urban Tadka 22,Mumbai,Desserts,3.1,250
3182,29,2024-11-16 11:47:00,3,917,183.4,49,782.6,Debit Card,16,Delivered,3.2,Sweet Tooth 29,Kolkata,North Indian,4.0,500
2980,17,2024-11-16 13:35:00,4,439,43.9,40,435.1,UPI,60,Delivered,4.4,Spicy Junction 17,Delhi,Chinese,3.4,800
3979,13,2024-11-16 14:05:00,3,464,0.0,40,504.0,Credit Card,33,Delivered,4.1,Spice Junction 13,Kolkata,Biryani,4.5,800
3468,16,2024-11-16 14:17:00,4,819,0.0,49,868.0,Wallet,22,Delivered,5.0,Cafe Bliss 16,Chennai,South Indian,3.2,500
1255,40,2024-11-16 14:27:00,3,1348,0.0,20,1368.0,Credit Card,21,Delivered,3.5,Dosa Corner 40,Mumbai,Fast Food,3.7,250
4437,37,2024-11-16 14:39:00,3,1498,149.8,0,1348.2,Wallet,51,Delivered,3.7,Curry Leaf 37,Chennai,Chinese,3.4,500
3072,21,2024-11-16 17:15:00,3,430,64.5,30,395.5,Wallet,56,Delivered,3.1,Biryani House 21,Pune,South Indian,4.1,600
2582,15,2024-11-16 17:31:00,2,383,38.3,20,364.7,Debit Card,16,Delivered,4.8,Biryani House 15,Ahmedabad,North Indian,3.2,800
1655,31,2024-11-16 17:39:00,2,1006,0.0,20,1026.0,Wallet,43,Cancelled,3.2,Momo Magic 31,Jaipur,Continental,4.1,500
3740,39,2024-11-16 18:24:00,1,336,33.6,49,351.4,UPI,15,Delivered,3.1,Wok This Way 39,Pune,North Indian,4.2,350
5409,27,2024-11-16 20:55:00,2,412,0.0,40,452.0,Cash on Delivery,32,Delivered,2.7,Grill Masters 27,Delhi,Fast Food,3.2,150
5279,25,2024-11-16 22:56:00,2,259,0.0,0,259.0,Wallet,36,Delivered,3.4,Royal Feast 25,Jaipur,Biryani,3.8,250
5713,46,2024-11-16 23:08:00,1,424,84.8,30,369.2,UPI,24,Delivered,3.3,Urban Tadka 46,Kolkata,Continental,4.2,350
1321,26,2024-11-16 23:55:00,3,913,0.0,0,913.0,Wallet,24,Delivered,3.4,Chaat Street 26,Hyderabad,Continental,4.4,250
5614,38,2024-11-17 08:15:00,2,234,35.1,0,198.9,Credit Card,25,Delivered,3.6,Burger Barn 38,Kolkata,Biryani,3.0,600
5734,46,2024-11-17 08:59:00,4,811,81.1,30,759.9,Wallet,62,Delivered,4.7,Urban Tadka 46,Kolkata,Continental,4.2,350
3524,2,2024-11-17 10:24:00,3,1203,240.6,20,982.4,Cash on Delivery,21,Delivered,3.5,Spice Junction 2,Lucknow,Continental,4.8,200
5100,29,2024-11-17 12:01:00,4,1640,0.0,49,1689.0,UPI,46,Delivered,3.1,Sweet Tooth 29,Kolkata,North Indian,4.0,500
2324,26,2024-11-17 12:53:00,4,1227,0.0,20,1247.0,Credit Card,21,Delivered,4.4,Chaat Street 26,Hyderabad,Continental,4.4,250
3154,19,2024-11-17 14:03:00,2,646,0.0,20,666.0,Wallet,18,Delivered,3.9,Spice Junction 19,Chennai,Desserts,3.7,150
3919,3,2024-11-17 16:38:00,3,1062,159.3,40,942.7,Wallet,35,Delivered,4.7,Grill Masters 3,Chennai,Continental,4.3,300
5096,40,2024-11-17 16:53:00,1,381,57.15,20,343.85,UPI,37,Cancelled,4.6,Dosa Corner 40,Mumbai,Fast Food,3.7,250
1665,17,2024-11-17 17:41:00,4,1827,365.4,0,1461.6,Wallet,47,Delivered,4.9,Spicy Junction 17,Delhi,Chinese,3.4,800
4396,22,2024-11-17 17:42:00,1,173,25.95,0,147.05,Credit Card,27,Delivered,4.5,Urban Tadka 22,Mumbai,Desserts,3.1,250
5339,23,2024-11-17 17:46:00,2,400,0.0,20,420.0,Credit Card,54,Delivered,2.7,Noodle Bar 23,Lucknow,Desserts,3.4,150
1494,35,2024-11-17 18:09:00,3,628,0.0,49,677.0,Cash on Delivery,54,Cancelled,3.4,Momo Magic 35,Hyderabad,Fast Food,4.8,150
3197,6,2024-11-17 22:57:00,4,1815,363.0,30,1482.0,Cash on Delivery,44,Delivered,3.5,Pizza Point 6,Mumbai,Desserts,3.1,800
1491,14,2024-11-17 23:29:00,1,223,44.6,40,218.4,Debit Card,59,Delivered,4.0,Curry Leaf 14,Pune,South Indian,3.2,150
3118,41,2024-11-18 09:12:00,3,605,90.75,0,514.25,Wallet,35,Delivered,3.1,Dosa Corner 41,Hyderabad,Continental,3.1,600
2706,47,2024-11-18 09:57:00,3,304,60.8,0,243.2,Debit Card,49,Delivered,4.8,Wok This Way 47,Ahmedabad,Street Food,3.5,250
5692,29,2024-11-18 10:06:00,3,765,114.75,49,699.25,Debit Card,21,Delivered,3.1,Sweet Tooth 29,Kolkata,North Indian,4.0,500
3173,9,2024-11-18 10:30:00,1,148,0.0,49,197.0,Cash on Delivery,60,Cancelled,3.0,Curry Leaf 9,Pune,Bakery,4.1,200
2838,41,2024-11-18 11:28:00,4,761,0.0,40,801.0,Credit Card,44,Delivered,4.4,Dosa Corner 41,Hyderabad,Continental,3.1,600
5513,16,2024-11-18 13:09:00,3,1087,108.7,49,1027.3,UPI,52,Delivered,2.5,Cafe Bliss 16,Chennai,South Indian,3.2,500
2605,40,2024-11-18 14:55:00,2,838,0.0,49,887.0,Credit Card,19,Cancelled,3.3,Dosa Corner 40,Mumbai,Fast Food,3.7,250
1884,4,2024-11-18 15:04:00,2,505,0.0,30,535.0,Wallet,16,Delivered,3.2,Cafe Bliss 4,Lucknow,Fast Food,4.1,600
4686,39,2024-11-18 16:40:00,3,792,0.0,40,832.0,Wallet,56,Delivered,3.3,Wok This Way 39,Pune,North Indian,4.2,350
2833,50,2024-11-18 18:50:00,1,163,0.0,0,163.0,Debit Card,28,Delivered,2.5,Urban Tadka 50,Delhi,Bakery,3.2,500
4857,21,2024-11-18 20:09:00,3,1242,0.0,49,1291.0,Cash on Delivery,58,Delivered,4.7,Biryani House 21,Pune,South Indian,4.1,600
5630,15,2024-11-18 20:38:00,1,413,0.0,20,433.0,Wallet,62,Delivered,4.1,Biryani House 15,Ahmedabad,North Indian,3.2,800
3988,43,2024-11-18 21:26:00,1,399,59.85,40,379.15,Wallet,38,Delivered,3.9,Grill Masters 43,Chennai,Continental,2.9,250
3332,19,2024-11-18 23:37:00,2,925,185.0,20,760.0,Cash on Delivery,35,Delivered,4.5,Spice Junction 19,Chennai,Desserts,3.7,150
5147,24,2024-11-19 10:28:00,2,408,0.0,40,448.0,Credit Card,41,Delivered,4.9,Cafe Bliss 24,Delhi,Street Food,3.6,600
2848,39,2024-11-19 12:55:00,1,405,0.0,0,405.0,Cash on Delivery,22,Delivered,4.0,Wok This Way 39,Pune,North Indian,4.2,350
5820,5,2024-11-19 13:02:00,1,326,32.6,0,293.4,UPI,40,Delivered,3.1,Cafe Bliss 5,Hyderabad,Street Food,3.1,500
4165,4,2024-11-19 14:37:00,1,469,0.0,0,469.0,Cash on Delivery,18,Cancelled,3.3,Cafe Bliss 4,Lucknow,Fast Food,4.1,600
1514,27,2024-11-19 18:04:00,2,322,0.0,49,371.0,Wallet,37,Cancelled,4.3,Grill Masters 27,Delhi,Fast Food,3.2,150
4278,49,2024-11-19 19:02:00,1,278,0.0,40,318.0,Cash on Delivery,22,Cancelled,2.8,Curry Leaf 49,Pune,Chinese,3.9,350
5104,13,2024-11-19 19:11:00,2,639,0.0,0,639.0,UPI,56,Delivered,4.0,Spice Junction 13,Kolkata,Biryani,4.5,800
3016,37,2024-11-19 20:03:00,2,402,0.0,0,402.0,UPI,37,Cancelled,4.9,Curry Leaf 37,Chennai,Chinese,3.4,500
4740,35,2024-11-19 20:13:00,2,721,72.1,49,697.9,Wallet,27,Delivered,3.5,Momo Magic 35,Hyderabad,Fast Food,4.8,150
2850,46,2024-11-19 20:54:00,1,188,28.2,0,159.8,Cash on Delivery,31,Delivered,4.5,Urban Tadka 46,Kolkata,Continental,4.2,350
4646,5,2024-11-19 22:23:00,1,375,75.0,30,330.0,Debit Card,35,Delivered,4.7,Cafe Bliss 5,Hyderabad,Street Food,3.1,500
5778,28,2024-11-19 22:31:00,2,418,0.0,49,467.0,Cash on Delivery,38,Delivered,3.6,Spice Junction 28,Ahmedabad,Continental,3.9,350
3178,48,2024-11-19 23:31:00,2,209,0.0,20,229.0,Debit Card,60,Delivered,4.7,Burger Barn 48,Delhi,Italian,3.9,150
3523,43,2024-11-20 08:55:00,4,1840,368.0,49,1521.0,Cash on Delivery,28,Delivered,2.5,Grill Masters 43,Chennai,Continental,2.9,250
2416,14,2024-11-20 09:00:00,2,279,55.8,49,272.2,Credit Card,25,Cancelled,3.2,Curry Leaf 14,Pune,South Indian,3.2,150
2407,10,2024-11-20 10:30:00,2,386,38.6,20,367.4,Debit Card,37,Delivered,3.0,Chaat Street 10,Mumbai,Italian,4.3,350
1326,1,2024-11-20 11:28:00,4,598,0.0,30,628.0,UPI,46,Cancelled,3.3,Wok This Way 1,Pune,Italian,3.6,200
2530,34,2024-11-20 11:49:00,4,725,0.0,40,765.0,Debit Card,35,Delivered,3.5,Biryani House 34,Bangalore,South Indian,4.8,200
4789,3,2024-11-20 15:14:00,3,599,89.85,0,509.15,UPI,34,Delivered,4.6,Grill Masters 3,Chennai,Continental,4.3,300
4151,46,2024-11-20 15:58:00,2,386,0.0,30,416.0,Debit Card,62,Delivered,2.7,Urban Tadka 46,Kolkata,Continental,4.2,350
1075,2,2024-11-20 16:32:00,3,331,0.0,49,380.0,Debit Card,20,Delivered,2.7,Spice Junction 2,Lucknow,Continental,4.8,200
5758,43,2024-11-20 16:45:00,3,627,94.05,30,562.95,UPI,42,Delivered,4.5,Grill Masters 43,Chennai,Continental,2.9,250
1969,14,2024-11-20 17:15:00,4,1213,0.0,0,1213.0,Wallet,21,Delivered,4.2,Curry Leaf 14,Pune,South Indian,3.2,150
2520,25,2024-11-20 17:35:00,2,938,187.6,0,750.4,Credit Card,20,Delivered,3.9,Royal Feast 25,Jaipur,Biryani,3.8,250
3324,42,2024-11-20 17:39:00,3,406,81.2,20,344.8,Cash on Delivery,51,Cancelled,4.6,Sizzle & Steam 42,Lucknow,Chinese,3.8,400
2571,34,2024-11-20 19:48:00,2,826,0.0,40,866.0,Debit Card,21,Delivered,3.7,Biryani House 34,Bangalore,South Indian,4.8,200
4566,48,2024-11-20 19:55:00,1,207,0.0,20,227.0,Credit Card,17,Cancelled,3.3,Burger Barn 48,Delhi,Italian,3.9,150
2990,36,2024-11-20 21:52:00,4,1811,0.0,20,1831.0,Debit Card,49,Cancelled,3.2,Wok This Way 36,Bangalore,Desserts,4.5,500
5798,3,2024-11-21 08:19:00,4,546,109.2,20,456.8,UPI,37,Delivered,3.0,Grill Masters 3,Chennai,Continental,4.3,300
5914,13,2024-11-21 09:38:00,1,285,42.75,40,282.25,Cash on Delivery,17,Cancelled,4.4,Spice Junction 13,Kolkata,Biryani,4.5,800
4717,44,2024-11-21 10:19:00,4,1842,276.3,49,1614.7,Credit Card,17,Delivered,2.6,Tandoori Nights 44,Hyderabad,South Indian,4.7,150
3760,43,2024-11-21 10:53:00,1,204,40.8,49,212.2,Cash on Delivery,35,Cancelled,4.9,Grill Masters 43,Chennai,Continental,2.9,250
4424,8,2024-11-21 11:24:00,2,938,140.7,30,827.3,Cash on Delivery,50,Delivered,4.4,Urban Tadka 8,Hyderabad,Desserts,4.6,350
4542,24,2024-11-21 13:05:00,2,618,61.8,40,596.2,Debit Card,58,Delivered,3.6,Cafe Bliss 24,Delhi,Street Food,3.6,600
1654,5,2024-11-21 16:08:00,3,475,47.5,40,467.5,Cash on Delivery,32,Delivered,4.8,Cafe Bliss 5,Hyderabad,Street Food,3.1,500
5943,25,2024-11-21 18:06:00,1,262,52.4,40,249.6,Wallet,64,Delivered,3.4,Royal Feast 25,Jaipur,Biryani,3.8,250
4914,29,2024-11-21 18:08:00,1,315,31.5,20,303.5,Wallet,46,Delivered,3.4,Sweet Tooth 29,Kolkata,North Indian,4.0,500
5090,23,2024-11-21 20:46:00,1,398,39.8,49,407.2,Wallet,17,Delivered,4.1,Noodle Bar 23,Lucknow,Desserts,3.4,150
2877,11,2024-11-21 21:33:00,2,936,0.0,20,956.0,UPI,54,Delivered,2.9,Noodle Bar 11,Hyderabad,Chinese,2.8,600
3620,41,2024-11-21 23:07:00,2,840,0.0,0,840.0,Cash on Delivery,19,Delivered,4.1,Dosa Corner 41,Hyderabad,Continental,3.1,600
1904,20,2024-11-22 08:44:00,2,916,183.2,49,781.8,UPI,31,Delivered,3.2,Urban Tadka 20,Hyderabad,Street Food,3.4,600
5925,26,2024-11-22 11:24:00,1,242,0.0,49,291.0,UPI,47,Cancelled,2.6,Chaat Street 26,Hyderabad,Continental,4.4,250
3378,34,2024-11-22 11:45:00,2,725,108.75,30,646.25,Credit Card,17,Delivered,3.0,Biryani House 34,Bangalore,South Indian,4.8,200
3350,6,2024-11-22 13:13:00,3,317,0.0,0,317.0,Wallet,55,Delivered,4.0,Pizza Point 6,Mumbai,Desserts,3.1,800
3499,25,2024-11-22 13:36:00,4,431,0.0,30,461.0,Cash on Delivery,28,Cancelled,4.5,Royal Feast 25,Jaipur,Biryani,3.8,250
1145,9,2024-11-22 16:49:00,1,144,28.8,20,135.2,Wallet,29,Delivered,4.6,Curry Leaf 9,Pune,Bakery,4.1,200
5927,3,2024-11-22 17:27:00,2,387,0.0,40,427.0,UPI,24,Delivered,4.7,Grill Masters 3,Chennai,Continental,4.3,300
4565,11,2024-11-22 18:01:00,4,1197,0.0,30,1227.0,Credit Card,52,Cancelled,4.9,Noodle Bar 11,Hyderabad,Chinese,2.8,600
5807,4,2024-11-22 19:29:00,4,606,60.6,30,575.4,Cash on Delivery,59,Delivered,3.2,Cafe Bliss 4,Lucknow,Fast Food,4.1,600
2953,15,2024-11-22 20:46:00,3,329,0.0,0,329.0,Wallet,44,Delivered,4.9,Biryani House 15,Ahmedabad,North Indian,3.2,800
3778,13,2024-11-22 21:59:00,1,445,0.0,49,494.0,Wallet,61,Delivered,4.7,Spice Junction 13,Kolkata,Biryani,4.5,800
2899,45,2024-11-22 22:39:00,3,474,0.0,0,474.0,Wallet,23,Delivered,3.5,Royal Feast 45,Ahmedabad,Fast Food,3.3,250
1392,33,2024-11-23 08:03:00,1,403,80.6,30,352.4,Credit Card,38,Delivered,4.9,Pizza Point 33,Chennai,Bakery,2.9,600
1664,19,2024-11-23 08:31:00,1,410,0.0,20,430.0,Credit Card,18,Delivered,3.3,Spice Junction 19,Chennai,Desserts,3.7,150
3401,16,2024-11-23 08:59:00,2,926,0.0,30,956.0,UPI,43,Delivered,3.6,Cafe Bliss 16,Chennai,South Indian,3.2,500
1610,33,2024-11-23 09:04:00,1,461,92.2,30,398.8,UPI,22,Delivered,2.7,Pizza Point 33,Chennai,Bakery,2.9,600
2971,41,2024-11-23 09:23:00,3,616,0.0,40,656.0,Cash on Delivery,30,Delivered,2.6,Dosa Corner 41,Hyderabad,Continental,3.1,600
2124,25,2024-11-23 12:17:00,4,1043,104.3,0,938.7,UPI,40,Delivered,2.6,Royal Feast 25,Jaipur,Biryani,3.8,250
4840,47,2024-11-23 12:56:00,3,314,31.4,30,312.6,Debit Card,22,Delivered,2.6,Wok This Way 47,Ahmedabad,Street Food,3.5,250
3186,5,2024-11-23 14:44:00,1,542,0.0,40,582.0,Wallet,53,Delivered,4.3,Cafe Bliss 5,Hyderabad,Street Food,3.1,500
4260,15,2024-11-23 14:50:00,2,303,30.3,0,272.7,Credit Card,26,Delivered,4.2,Biryani House 15,Ahmedabad,North Indian,3.2,800
3459,45,2024-11-23 16:33:00,4,533,53.3,40,519.7,Debit Card,29,Delivered,2.5,Royal Feast 45,Ahmedabad,Fast Food,3.3,250
2440,34,2024-11-23 16:49:00,1,202,0.0,40,242.0,Cash on Delivery,15,Cancelled,3.0,Biryani House 34,Bangalore,South Indian,4.8,200
2878,20,2024-11-23 17:58:00,1,138,0.0,20,158.0,Cash on Delivery,55,Delivered,3.4,Urban Tadka 20,Hyderabad,Street Food,3.4,600
2384,16,2024-11-23 18:55:00,1,131,0.0,40,171.0,Credit Card,54,Delivered,4.6,Cafe Bliss 16,Chennai,South Indian,3.2,500
4711,6,2024-11-23 19:45:00,4,1230,184.5,40,1085.5,Credit Card,57,Delivered,4.8,Pizza Point 6,Mumbai,Desserts,3.1,800
3823,22,2024-11-23 19:57:00,1,418,0.0,0,418.0,UPI,33,Cancelled,2.6,Urban Tadka 22,Mumbai,Desserts,3.1,250
1474,14,2024-11-23 21:18:00,2,334,0.0,49,383.0,Wallet,15,Delivered,5.0,Curry Leaf 14,Pune,South Indian,3.2,150
4944,23,2024-11-24 09:38:00,2,270,0.0,49,319.0,Cash on Delivery,37,Delivered,4.4,Noodle Bar 23,Lucknow,Desserts,3.4,150
5184,8,2024-11-24 11:53:00,2,1000,0.0,49,1049.0,Cash on Delivery,25,Cancelled,3.7,Urban Tadka 8,Hyderabad,Desserts,4.6,350
4053,48,2024-11-24 12:57:00,2,837,0.0,30,867.0,Credit Card,23,Delivered,3.5,Burger Barn 48,Delhi,Italian,3.9,150
1657,38,2024-11-24 13:37:00,3,1524,152.4,0,1371.6,Wallet,22,Delivered,4.4,Burger Barn 38,Kolkata,Biryani,3.0,600
4649,49,2024-11-24 15:01:00,2,532,0.0,0,532.0,Debit Card,24,Cancelled,3.3,Curry Leaf 49,Pune,Chinese,3.9,350
1662,10,2024-11-24 16:41:00,4,442,0.0,49,491.0,Cash on Delivery,51,Delivered,3.7,Chaat Street 10,Mumbai,Italian,4.3,350
3352,39,2024-11-24 16:48:00,4,1625,0.0,30,1655.0,UPI,62,Delivered,2.6,Wok This Way 39,Pune,North Indian,4.2,350
3010,43,2024-11-24 17:02:00,4,552,0.0,30,582.0,Credit Card,35,Delivered,3.9,Grill Masters 43,Chennai,Continental,2.9,250
2960,30,2024-11-24 18:07:00,4,1018,0.0,0,1018.0,Credit Card,30,Cancelled,4.4,Noodle Bar 30,Pune,South Indian,2.9,800
2303,21,2024-11-24 20:11:00,2,305,0.0,0,305.0,UPI,18,Delivered,4.5,Biryani House 21,Pune,South Indian,4.1,600
1103,9,2024-11-24 20:43:00,2,258,0.0,40,298.0,Wallet,22,Cancelled,4.4,Curry Leaf 9,Pune,Bakery,4.1,200
5527,14,2024-11-24 21:56:00,3,407,81.4,40,365.6,Cash on Delivery,40,Delivered,4.9,Curry Leaf 14,Pune,South Indian,3.2,150
5819,32,2024-11-24 22:53:00,1,351,0.0,30,381.0,Cash on Delivery,42,Delivered,2.9,Grill Masters 32,Hyderabad,Fast Food,3.2,800
1764,21,2024-11-24 23:56:00,4,1600,240.0,49,1409.0,Cash on Delivery,25,Delivered,4.8,Biryani House 21,Pune,South Indian,4.1,600
1410,50,2024-11-25 08:03:00,2,913,91.3,20,841.7,Cash on Delivery,35,Delivered,4.5,Urban Tadka 50,Delhi,Bakery,3.2,500
5173,18,2024-11-25 08:58:00,3,630,0.0,30,660.0,Debit Card,30,Delivered,4.2,Sizzle & Steam 18,Chennai,Chinese,3.9,600
5007,36,2024-11-25 09:47:00,2,598,59.8,0,538.2,Credit Card,52,Delivered,3.7,Wok This Way 36,Bangalore,Desserts,4.5,500
2496,4,2024-11-25 13:32:00,3,1210,121.0,20,1109.0,UPI,53,Delivered,3.8,Cafe Bliss 4,Lucknow,Fast Food,4.1,600
2222,48,2024-11-25 15:40:00,1,181,0.0,30,211.0,Credit Card,29,Delivered,4.9,Burger Barn 48,Delhi,Italian,3.9,150
2696,29,2024-11-25 16:13:00,1,213,42.6,40,210.4,Cash on Delivery,41,Delivered,4.2,Sweet Tooth 29,Kolkata,North Indian,4.0,500
3706,27,2024-11-25 20:22:00,3,492,98.4,0,393.6,Credit Card,54,Delivered,4.8,Grill Masters 27,Delhi,Fast Food,3.2,150
2502,46,2024-11-25 20:25:00,2,321,0.0,20,341.0,Credit Card,19,Cancelled,4.5,Urban Tadka 46,Kolkata,Continental,4.2,350
1840,36,2024-11-25 20:50:00,3,1357,203.55,49,1202.45,Credit Card,63,Cancelled,4.1,Wok This Way 36,Bangalore,Desserts,4.5,500
1168,29,2024-11-25 21:08:00,2,1037,0.0,40,1077.0,Debit Card,49,Delivered,3.6,Sweet Tooth 29,Kolkata,North Indian,4.0,500
3253,36,2024-11-25 22:30:00,1,208,0.0,30,238.0,Wallet,24,Delivered,3.5,Wok This Way 36,Bangalore,Desserts,4.5,500
5177,13,2024-11-26 08:04:00,3,428,0.0,0,428.0,Credit Card,41,Cancelled,4.1,Spice Junction 13,Kolkata,Biryani,4.5,800
3555,17,2024-11-26 08:18:00,3,612,91.8,20,540.2,Credit Card,34,Cancelled,3.8,Spicy Junction 17,Delhi,Chinese,3.4,800
4942,10,2024-11-26 08:18:00,2,412,0.0,40,452.0,UPI,58,Delivered,3.6,Chaat Street 10,Mumbai,Italian,4.3,350
3819,48,2024-11-26 09:53:00,4,1245,0.0,30,1275.0,Wallet,49,Delivered,2.8,Burger Barn 48,Delhi,Italian,3.9,150
2105,9,2024-11-26 10:15:00,4,1613,0.0,20,1633.0,UPI,63,Delivered,4.5,Curry Leaf 9,Pune,Bakery,4.1,200
4327,16,2024-11-26 10:22:00,2,1028,0.0,30,1058.0,Credit Card,50,Cancelled,3.4,Cafe Bliss 16,Chennai,South Indian,3.2,500
4122,40,2024-11-26 11:41:00,3,1199,179.85,40,1059.15,Debit Card,61,Delivered,4.3,Dosa Corner 40,Mumbai,Fast Food,3.7,250
1487,39,2024-11-26 12:15:00,4,1996,199.6,30,1826.4,Cash on Delivery,41,Delivered,3.0,Wok This Way 39,Pune,North Indian,4.2,350
1059,15,2024-11-26 17:29:00,2,741,111.15,49,678.85,Cash on Delivery,17,Delivered,3.3,Biryani House 15,Ahmedabad,North Indian,3.2,800
3559,36,2024-11-26 18:31:00,2,500,50.0,40,490.0,Wallet,27,Delivered,3.3,Wok This Way 36,Bangalore,Desserts,4.5,500
1615,29,2024-11-26 19:23:00,1,317,63.4,20,273.6,Cash on Delivery,58,Delivered,4.2,Sweet Tooth 29,Kolkata,North Indian,4.0,500
4305,40,2024-11-26 19:31:00,3,541,0.0,0,541.0,Credit Card,48,Delivered,3.1,Dosa Corner 40,Mumbai,Fast Food,3.7,250
5078,16,2024-11-26 20:00:00,2,220,0.0,0,220.0,UPI,22,Cancelled,3.7,Cafe Bliss 16,Chennai,South Indian,3.2,500
4869,8,2024-11-26 20:06:00,3,460,0.0,30,490.0,Wallet,30,Delivered,4.1,Urban Tadka 8,Hyderabad,Desserts,4.6,350
1978,8,2024-11-26 20:48:00,1,521,78.15,49,491.85,Wallet,47,Delivered,3.0,Urban Tadka 8,Hyderabad,Desserts,4.6,350
2892,12,2024-11-26 20:53:00,4,597,0.0,49,646.0,Cash on Delivery,36,Cancelled,2.6,Tandoori Nights 12,Mumbai,Continental,4.8,800
5164,34,2024-11-26 21:43:00,2,299,44.85,40,294.15,Debit Card,52,Delivered,2.6,Biryani House 34,Bangalore,South Indian,4.8,200
5364,27,2024-11-26 22:02:00,4,996,149.4,0,846.6,UPI,39,Delivered,3.7,Grill Masters 27,Delhi,Fast Food,3.2,150
3124,31,2024-11-26 22:05:00,1,113,16.95,0,96.05,UPI,50,Delivered,3.1,Momo Magic 31,Jaipur,Continental,4.1,500
3393,16,2024-11-26 23:06:00,4,1615,0.0,0,1615.0,UPI,32,Cancelled,4.9,Cafe Bliss 16,Chennai,South Indian,3.2,500
5376,23,2024-11-26 23:24:00,3,1367,205.05,30,1191.95,UPI,60,Delivered,3.6,Noodle Bar 23,Lucknow,Desserts,3.4,150
3792,37,2024-11-27 09:12:00,2,846,0.0,40,886.0,Debit Card,30,Delivered,4.4,Curry Leaf 37,Chennai,Chinese,3.4,500
1977,40,2024-11-27 09:36:00,1,345,0.0,49,394.0,UPI,28,Delivered,3.6,Dosa Corner 40,Mumbai,Fast Food,3.7,250
3516,14,2024-11-27 10:01:00,1,151,0.0,49,200.0,UPI,36,Delivered,3.7,Curry Leaf 14,Pune,South Indian,3.2,150
5780,1,2024-11-27 11:02:00,3,486,0.0,40,526.0,Cash on Delivery,41,Cancelled,3.8,Wok This Way 1,Pune,Italian,3.6,200
3930,35,2024-11-27 12:07:00,2,798,0.0,0,798.0,UPI,40,Delivered,3.5,Momo Magic 35,Hyderabad,Fast Food,4.8,150
5206,12,2024-11-27 14:44:00,1,405,81.0,0,324.0,Cash on Delivery,50,Cancelled,3.2,Tandoori Nights 12,Mumbai,Continental,4.8,800
2381,49,2024-11-27 17:19:00,4,1234,185.1,49,1097.9,Cash on Delivery,29,Delivered,3.8,Curry Leaf 49,Pune,Chinese,3.9,350
1195,38,2024-11-27 18:00:00,1,463,0.0,20,483.0,UPI,62,Cancelled,4.0,Burger Barn 38,Kolkata,Biryani,3.0,600
2629,43,2024-11-27 19:00:00,2,335,0.0,49,384.0,Wallet,23,Delivered,4.3,Grill Masters 43,Chennai,Continental,2.9,250
2563,11,2024-11-27 20:15:00,4,612,91.8,49,569.2,Credit Card,15,Delivered,4.0,Noodle Bar 11,Hyderabad,Chinese,2.8,600
3995,6,2024-11-27 21:56:00,4,517,103.4,0,413.6,Credit Card,61,Delivered,2.6,Pizza Point 6,Mumbai,Desserts,3.1,800
2592,13,2024-11-28 08:07:00,1,132,0.0,49,181.0,Wallet,54,Delivered,3.4,Spice Junction 13,Kolkata,Biryani,4.5,800
1901,19,2024-11-28 09:05:00,2,242,24.2,49,266.8,UPI,40,Cancelled,3.7,Spice Junction 19,Chennai,Desserts,3.7,150
5538,11,2024-11-28 10:04:00,2,703,105.45,49,646.55,UPI,61,Cancelled,4.7,Noodle Bar 11,Hyderabad,Chinese,2.8,600
4183,9,2024-11-28 10:34:00,1,207,31.05,30,205.95,Cash on Delivery,53,Delivered,2.7,Curry Leaf 9,Pune,Bakery,4.1,200
5719,11,2024-11-28 13:09:00,1,268,26.8,0,241.2,UPI,30,Delivered,3.8,Noodle Bar 11,Hyderabad,Chinese,2.8,600
2096,46,2024-11-28 13:28:00,4,434,65.1,30,398.9,Wallet,20,Delivered,4.9,Urban Tadka 46,Kolkata,Continental,4.2,350
2548,18,2024-11-28 13:32:00,1,238,0.0,30,268.0,Cash on Delivery,49,Cancelled,3.1,Sizzle & Steam 18,Chennai,Chinese,3.9,600
4806,40,2024-11-28 16:13:00,3,465,0.0,0,465.0,Cash on Delivery,37,Delivered,3.3,Dosa Corner 40,Mumbai,Fast Food,3.7,250
1621,5,2024-11-28 16:15:00,2,320,48.0,0,272.0,UPI,33,Delivered,4.5,Cafe Bliss 5,Hyderabad,Street Food,3.1,500
2896,19,2024-11-28 16:26:00,2,536,0.0,40,576.0,UPI,55,Cancelled,4.8,Spice Junction 19,Chennai,Desserts,3.7,150
2076,5,2024-11-28 17:10:00,4,604,0.0,0,604.0,Credit Card,46,Delivered,4.3,Cafe Bliss 5,Hyderabad,Street Food,3.1,500
3101,4,2024-11-28 19:11:00,4,1033,206.6,40,866.4,Wallet,53,Delivered,3.8,Cafe Bliss 4,Lucknow,Fast Food,4.1,600
1013,32,2024-11-28 19:28:00,1,443,0.0,30,473.0,Cash on Delivery,29,Cancelled,3.8,Grill Masters 32,Hyderabad,Fast Food,3.2,800
4844,3,2024-11-28 19:40:00,3,1078,0.0,20,1098.0,Credit Card,42,Cancelled,4.8,Grill Masters 3,Chennai,Continental,4.3,300
3062,44,2024-11-28 20:14:00,3,392,0.0,0,392.0,UPI,19,Delivered,2.5,Tandoori Nights 44,Hyderabad,South Indian,4.7,150
5578,26,2024-11-28 22:24:00,1,349,0.0,30,379.0,Debit Card,30,Delivered,3.3,Chaat Street 26,Hyderabad,Continental,4.4,250
1037,20,2024-11-29 08:05:00,1,498,0.0,30,528.0,Wallet,62,Cancelled,2.9,Urban Tadka 20,Hyderabad,Street Food,3.4,600
4242,23,2024-11-29 08:29:00,4,1034,0.0,30,1064.0,Cash on Delivery,36,Delivered,3.0,Noodle Bar 23,Lucknow,Desserts,3.4,150
1177,33,2024-11-29 09:48:00,4,2033,0.0,40,2073.0,Credit Card,48,Delivered,4.2,Pizza Point 33,Chennai,Bakery,2.9,600
2601,29,2024-11-29 14:20:00,2,744,0.0,20,764.0,UPI,31,Delivered,3.6,Sweet Tooth 29,Kolkata,North Indian,4.0,500
3031,14,2024-11-29 14:35:00,1,394,0.0,0,394.0,Credit Card,52,Delivered,3.0,Curry Leaf 14,Pune,South Indian,3.2,150
4253,36,2024-11-29 19:19:00,1,330,0.0,40,370.0,Cash on Delivery,38,Delivered,4.7,Wok This Way 36,Bangalore,Desserts,4.5,500
2507,24,2024-11-30 08:06:00,2,336,0.0,40,376.0,Cash on Delivery,22,Delivered,3.3,Cafe Bliss 24,Delhi,Street Food,3.6,600
5501,19,2024-11-30 08:07:00,4,2002,0.0,40,2042.0,Debit Card,32,Delivered,3.6,Spice Junction 19,Chennai,Desserts,3.7,150
3015,43,2024-11-30 08:40:00,3,344,0.0,0,344.0,Cash on Delivery,27,Delivered,3.4,Grill Masters 43,Chennai,Continental,2.9,250
1068,2,2024-11-30 08:42:00,4,1823,0.0,0,1823.0,Debit Card,39,Delivered,4.2,Spice Junction 2,Lucknow,Continental,4.8,200
3083,1,2024-11-30 12:37:00,2,934,0.0,49,983.0,Cash on Delivery,17,Cancelled,2.7,Wok This Way 1,Pune,Italian,3.6,200
4340,48,2024-11-30 12:55:00,1,270,54.0,0,216.0,Cash on Delivery,21,Delivered,3.7,Burger Barn 48,Delhi,Italian,3.9,150
5883,28,2024-11-30 13:27:00,1,520,0.0,40,560.0,Debit Card,61,Delivered,3.4,Spice Junction 28,Ahmedabad,Continental,3.9,350
2039,45,2024-11-30 15:19:00,2,229,0.0,30,259.0,UPI,52,Delivered,3.8,Royal Feast 45,Ahmedabad,Fast Food,3.3,250
4915,28,2024-11-30 15:24:00,2,301,0.0,40,341.0,Credit Card,44,Delivered,2.7,Spice Junction 28,Ahmedabad,Continental,3.9,350
5463,13,2024-11-30 15:33:00,4,1418,0.0,0,1418.0,Credit Card,57,Delivered,3.1,Spice Junction 13,Kolkata,Biryani,4.5,800
3621,1,2024-11-30 17:26:00,4,839,0.0,30,869.0,UPI,61,Delivered,5.0,Wok This Way 1,Pune,Italian,3.6,200
4442,21,2024-11-30 18:00:00,2,327,0.0,30,357.0,Wallet,42,Cancelled,3.4,Biryani House 21,Pune,South Indian,4.1,600
3156,25,2024-11-30 19:02:00,2,333,66.6,30,296.4,Debit Card,15,Delivered,3.4,Royal Feast 25,Jaipur,Biryani,3.8,250
1779,26,2024-11-30 19:44:00,2,419,0.0,30,449.0,Credit Card,57,Delivered,3.0,Chaat Street 26,Hyderabad,Continental,4.4,250
2688,10,2024-11-30 20:23:00,4,746,111.9,40,674.1,Wallet,61,Delivered,2.8,Chaat Street 10,Mumbai,Italian,4.3,350
5894,9,2024-11-30 20:27:00,1,127,12.7,0,114.3,Cash on Delivery,25,Delivered,4.7,Curry Leaf 9,Pune,Bakery,4.1,200
5983,2,2024-11-30 21:26:00,1,236,0.0,20,256.0,Wallet,47,Cancelled,4.8,Spice Junction 2,Lucknow,Continental,4.8,200
3429,23,2024-11-30 22:43:00,3,1058,211.6,30,876.4,Debit Card,64,Delivered,4.5,Noodle Bar 23,Lucknow,Desserts,3.4,150
3039,35,2024-12-01 08:49:00,3,321,0.0,49,370.0,UPI,18,Delivered,3.0,Momo Magic 35,Hyderabad,Fast Food,4.8,150
1135,26,2024-12-01 08:57:00,4,835,0.0,20,855.0,Wallet,55,Delivered,4.7,Chaat Street 26,Hyderabad,Continental,4.4,250
2082,31,2024-12-01 10:45:00,3,796,0.0,30,826.0,Debit Card,23,Delivered,4.0,Momo Magic 31,Jaipur,Continental,4.1,500
4286,22,2024-12-01 11:21:00,3,1072,107.2,49,1013.8,UPI,28,Delivered,4.3,Urban Tadka 22,Mumbai,Desserts,3.1,250
1316,17,2024-12-01 12:04:00,2,917,183.4,20,753.6,Debit Card,59,Cancelled,3.2,Spicy Junction 17,Delhi,Chinese,3.4,800
4905,17,2024-12-01 12:20:00,1,508,0.0,40,548.0,Credit Card,63,Delivered,2.9,Spicy Junction 17,Delhi,Chinese,3.4,800
2053,38,2024-12-01 12:44:00,1,199,0.0,0,199.0,Credit Card,50,Delivered,4.7,Burger Barn 38,Kolkata,Biryani,3.0,600
4628,42,2024-12-01 13:36:00,2,208,0.0,30,238.0,Credit Card,57,Delivered,4.5,Sizzle & Steam 42,Lucknow,Chinese,3.8,400
1420,34,2024-12-01 14:27:00,4,2039,0.0,20,2059.0,Wallet,42,Delivered,4.7,Biryani House 34,Bangalore,South Indian,4.8,200
2645,29,2024-12-01 15:06:00,3,311,0.0,30,341.0,Credit Card,51,Delivered,3.0,Sweet Tooth 29,Kolkata,North Indian,4.0,500
1876,36,2024-12-01 18:16:00,4,833,124.95,49,757.05,Wallet,52,Delivered,4.8,Wok This Way 36,Bangalore,Desserts,4.5,500
1595,28,2024-12-01 18:17:00,4,2001,200.1,20,1820.9,Cash on Delivery,58,Delivered,3.2,Spice Junction 28,Ahmedabad,Continental,3.9,350
2866,32,2024-12-01 20:19:00,1,176,35.2,49,189.8,Wallet,30,Delivered,4.8,Grill Masters 32,Hyderabad,Fast Food,3.2,800
2336,47,2024-12-01 23:36:00,3,493,0.0,49,542.0,UPI,60,Delivered,4.0,Wok This Way 47,Ahmedabad,Street Food,3.5,250
4669,1,2024-12-02 08:15:00,2,720,108.0,30,642.0,UPI,32,Delivered,2.9,Wok This Way 1,Pune,Italian,3.6,200
3920,13,2024-12-02 08:21:00,4,1007,0.0,0,1007.0,Wallet,56,Delivered,2.7,Spice Junction 13,Kolkata,Biryani,4.5,800
3801,3,2024-12-02 10:25:00,2,271,0.0,30,301.0,Wallet,59,Delivered,4.9,Grill Masters 3,Chennai,Continental,4.3,300
5351,39,2024-12-02 11:27:00,4,841,0.0,30,871.0,Credit Card,27,Delivered,4.8,Wok This Way 39,Pune,North Indian,4.2,350
5456,23,2024-12-02 11:42:00,1,456,0.0,40,496.0,Credit Card,34,Cancelled,3.1,Noodle Bar 23,Lucknow,Desserts,3.4,150
1581,31,2024-12-02 11:49:00,2,266,39.9,20,246.1,Credit Card,52,Delivered,2.8,Momo Magic 31,Jaipur,Continental,4.1,500
2398,25,2024-12-02 13:18:00,3,787,0.0,40,827.0,UPI,49,Delivered,3.9,Royal Feast 25,Jaipur,Biryani,3.8,250
5627,22,2024-12-02 13:56:00,3,782,78.2,49,752.8,Cash on Delivery,62,Delivered,2.9,Urban Tadka 22,Mumbai,Desserts,3.1,250
3381,8,2024-12-02 13:57:00,2,816,0.0,49,865.0,UPI,54,Delivered,2.7,Urban Tadka 8,Hyderabad,Desserts,4.6,350
1441,18,2024-12-02 16:01:00,4,1205,180.75,40,1064.25,Cash on Delivery,23,Delivered,4.6,Sizzle & Steam 18,Chennai,Chinese,3.9,600
2763,46,2024-12-02 17:12:00,1,112,16.8,20,115.2,Cash on Delivery,31,Delivered,4.5,Urban Tadka 46,Kolkata,Continental,4.2,350
2538,47,2024-12-02 18:32:00,1,189,37.8,40,191.2,Cash on Delivery,21,Delivered,2.9,Wok This Way 47,Ahmedabad,Street Food,3.5,250
2516,24,2024-12-02 19:45:00,3,753,75.3,0,677.7,Cash on Delivery,16,Delivered,3.0,Cafe Bliss 24,Delhi,Street Food,3.6,600
2000,7,2024-12-02 21:25:00,1,376,37.6,30,368.4,Debit Card,25,Delivered,3.8,Wok This Way 7,Bangalore,Street Food,2.9,600
3749,8,2024-12-02 21:36:00,2,1036,155.4,30,910.6,Cash on Delivery,18,Cancelled,3.6,Urban Tadka 8,Hyderabad,Desserts,4.6,350
3896,47,2024-12-02 22:03:00,2,611,0.0,49,660.0,Cash on Delivery,41,Delivered,3.5,Wok This Way 47,Ahmedabad,Street Food,3.5,250
1436,35,2024-12-02 23:14:00,3,599,0.0,40,639.0,Credit Card,33,Delivered,4.1,Momo Magic 35,Hyderabad,Fast Food,4.8,150
3970,35,2024-12-02 23:19:00,4,1223,0.0,30,1253.0,Credit Card,56,Delivered,4.3,Momo Magic 35,Hyderabad,Fast Food,4.8,150
3663,40,2024-12-03 09:30:00,1,364,0.0,40,404.0,Cash on Delivery,38,Cancelled,3.1,Dosa Corner 40,Mumbai,Fast Food,3.7,250
4581,20,2024-12-03 10:06:00,2,1012,0.0,20,1032.0,Credit Card,47,Delivered,4.0,Urban Tadka 20,Hyderabad,Street Food,3.4,600
3139,23,2024-12-03 12:10:00,3,1246,186.9,49,1108.1,Credit Card,35,Delivered,4.2,Noodle Bar 23,Lucknow,Desserts,3.4,150
5857,48,2024-12-03 12:12:00,3,475,71.25,0,403.75,UPI,27,Delivered,4.7,Burger Barn 48,Delhi,Italian,3.9,150
1353,46,2024-12-03 12:40:00,4,435,0.0,20,455.0,UPI,16,Delivered,3.1,Urban Tadka 46,Kolkata,Continental,4.2,350
4127,12,2024-12-03 13:01:00,4,637,95.55,40,581.45,UPI,61,Delivered,4.7,Tandoori Nights 12,Mumbai,Continental,4.8,800
4618,43,2024-12-03 13:01:00,2,214,21.4,30,222.6,Credit Card,54,Delivered,2.8,Grill Masters 43,Chennai,Continental,2.9,250
5829,49,2024-12-03 13:30:00,1,497,0.0,40,537.0,Wallet,51,Delivered,4.5,Curry Leaf 49,Pune,Chinese,3.9,350
2518,13,2024-12-03 15:00:00,3,1071,214.2,30,886.8,Wallet,28,Delivered,2.9,Spice Junction 13,Kolkata,Biryani,4.5,800
2716,4,2024-12-03 16:10:00,3,1216,243.2,0,972.8,Cash on Delivery,38,Delivered,3.5,Cafe Bliss 4,Lucknow,Fast Food,4.1,600
5081,13,2024-12-03 16:19:00,3,586,0.0,30,616.0,Credit Card,46,Delivered,5.0,Spice Junction 13,Kolkata,Biryani,4.5,800
2108,41,2024-12-03 17:13:00,2,898,0.0,20,918.0,UPI,63,Delivered,3.4,Dosa Corner 41,Hyderabad,Continental,3.1,600
2649,32,2024-12-03 17:44:00,4,1633,326.6,20,1326.4,Credit Card,31,Delivered,2.7,Grill Masters 32,Hyderabad,Fast Food,3.2,800
5374,34,2024-12-03 17:59:00,4,741,0.0,0,741.0,Credit Card,18,Cancelled,4.5,Biryani House 34,Bangalore,South Indian,4.8,200
1659,23,2024-12-03 18:53:00,3,309,0.0,30,339.0,Debit Card,63,Delivered,4.2,Noodle Bar 23,Lucknow,Desserts,3.4,150
4352,24,2024-12-03 19:21:00,4,819,0.0,20,839.0,Wallet,27,Delivered,4.4,Cafe Bliss 24,Delhi,Street Food,3.6,600
3060,50,2024-12-03 19:55:00,3,558,83.7,40,514.3,Wallet,46,Delivered,3.9,Urban Tadka 50,Delhi,Bakery,3.2,500
1347,14,2024-12-03 20:17:00,4,1198,119.8,30,1108.2,Debit Card,40,Delivered,5.0,Curry Leaf 14,Pune,South Indian,3.2,150
5481,32,2024-12-03 21:34:00,2,321,0.0,30,351.0,Debit Card,16,Delivered,4.5,Grill Masters 32,Hyderabad,Fast Food,3.2,800
5067,34,2024-12-03 21:40:00,1,216,21.6,30,224.4,Wallet,51,Delivered,4.2,Biryani House 34,Bangalore,South Indian,4.8,200
1008,42,2024-12-03 23:35:00,1,484,48.4,30,465.6,UPI,59,Delivered,4.6,Sizzle & Steam 42,Lucknow,Chinese,3.8,400
1400,40,2024-12-04 08:08:00,4,1211,121.1,40,1129.9,UPI,45,Delivered,4.7,Dosa Corner 40,Mumbai,Fast Food,3.7,250
2625,27,2024-12-04 08:30:00,1,288,43.2,0,244.8,Cash on Delivery,51,Cancelled,2.6,Grill Masters 27,Delhi,Fast Food,3.2,150
4729,50,2024-12-04 09:38:00,4,420,63.0,0,357.0,UPI,64,Delivered,4.0,Urban Tadka 50,Delhi,Bakery,3.2,500
3162,44,2024-12-04 13:29:00,2,269,26.9,0,242.1,Debit Card,59,Delivered,2.9,Tandoori Nights 44,Hyderabad,South Indian,4.7,150
2493,14,2024-12-04 15:30:00,4,1440,288.0,49,1201.0,Cash on Delivery,51,Delivered,4.3,Curry Leaf 14,Pune,South Indian,3.2,150
2302,22,2024-12-04 16:05:00,4,1416,212.4,0,1203.6,Debit Card,51,Delivered,4.3,Urban Tadka 22,Mumbai,Desserts,3.1,250
2711,26,2024-12-04 17:05:00,4,823,82.3,49,789.7,Credit Card,29,Delivered,4.7,Chaat Street 26,Hyderabad,Continental,4.4,250
4797,13,2024-12-04 18:13:00,3,560,112.0,40,488.0,Debit Card,24,Delivered,2.7,Spice Junction 13,Kolkata,Biryani,4.5,800
1454,35,2024-12-04 21:31:00,4,723,72.3,40,690.7,Credit Card,15,Delivered,2.7,Momo Magic 35,Hyderabad,Fast Food,4.8,150
1823,17,2024-12-04 21:39:00,4,1441,216.15,0,1224.85,Wallet,50,Delivered,3.5,Spicy Junction 17,Delhi,Chinese,3.4,800
3956,31,2024-12-04 22:11:00,1,211,0.0,30,241.0,Credit Card,55,Cancelled,3.6,Momo Magic 31,Jaipur,Continental,4.1,500
3349,33,2024-12-04 22:46:00,2,906,135.9,0,770.1,UPI,59,Delivered,3.5,Pizza Point 33,Chennai,Bakery,2.9,600
2297,25,2024-12-04 23:12:00,2,441,0.0,49,490.0,Credit Card,64,Cancelled,3.4,Royal Feast 25,Jaipur,Biryani,3.8,250
3719,17,2024-12-04 23:31:00,4,1418,0.0,40,1458.0,Debit Card,26,Cancelled,2.6,Spicy Junction 17,Delhi,Chinese,3.4,800
5427,9,2024-12-05 09:15:00,2,317,63.4,49,302.6,Wallet,26,Delivered,3.5,Curry Leaf 9,Pune,Bakery,4.1,200
3820,13,2024-12-05 09:44:00,1,494,74.1,49,468.9,Debit Card,64,Delivered,2.6,Spice Junction 13,Kolkata,Biryani,4.5,800
4303,38,2024-12-05 10:10:00,1,313,0.0,0,313.0,UPI,62,Delivered,4.7,Burger Barn 38,Kolkata,Biryani,3.0,600
3274,8,2024-12-05 10:47:00,4,427,64.05,30,392.95,Wallet,64,Delivered,4.1,Urban Tadka 8,Hyderabad,Desserts,4.6,350
1070,49,2024-12-05 11:56:00,4,1632,0.0,30,1662.0,Credit Card,60,Delivered,3.7,Curry Leaf 49,Pune,Chinese,3.9,350
2179,29,2024-12-05 12:15:00,3,404,0.0,20,424.0,Credit Card,51,Delivered,2.6,Sweet Tooth 29,Kolkata,North Indian,4.0,500
1310,16,2024-12-05 12:31:00,1,130,0.0,20,150.0,Debit Card,44,Delivered,4.0,Cafe Bliss 16,Chennai,South Indian,3.2,500
3909,47,2024-12-05 14:37:00,3,304,60.8,30,273.2,Debit Card,35,Delivered,3.5,Wok This Way 47,Ahmedabad,Street Food,3.5,250
1391,35,2024-12-05 14:41:00,3,434,65.1,49,417.9,UPI,34,Cancelled,4.8,Momo Magic 35,Hyderabad,Fast Food,4.8,150
4602,1,2024-12-05 15:06:00,1,357,71.4,49,334.6,Debit Card,25,Delivered,4.8,Wok This Way 1,Pune,Italian,3.6,200
4579,1,2024-12-05 15:15:00,2,375,0.0,49,424.0,Wallet,22,Delivered,3.9,Wok This Way 1,Pune,Italian,3.6,200
2380,10,2024-12-05 19:35:00,3,315,31.5,49,332.5,Cash on Delivery,47,Delivered,4.0,Chaat Street 10,Mumbai,Italian,4.3,350
2871,8,2024-12-05 19:55:00,4,635,0.0,49,684.0,Cash on Delivery,18,Delivered,4.1,Urban Tadka 8,Hyderabad,Desserts,4.6,350
1277,14,2024-12-05 20:52:00,2,844,0.0,49,893.0,Wallet,48,Cancelled,4.9,Curry Leaf 14,Pune,South Indian,3.2,150
4608,5,2024-12-06 09:38:00,2,421,0.0,40,461.0,Debit Card,47,Delivered,2.8,Cafe Bliss 5,Hyderabad,Street Food,3.1,500
2565,3,2024-12-06 09:59:00,4,1814,272.1,20,1561.9,Cash on Delivery,54,Delivered,3.3,Grill Masters 3,Chennai,Continental,4.3,300
1574,20,2024-12-06 10:33:00,3,608,0.0,0,608.0,Credit Card,37,Delivered,4.3,Urban Tadka 20,Hyderabad,Street Food,3.4,600
5384,10,2024-12-06 11:31:00,2,606,60.6,0,545.4,UPI,23,Delivered,4.3,Chaat Street 10,Mumbai,Italian,4.3,350
3934,29,2024-12-06 11:53:00,4,1410,0.0,40,1450.0,Debit Card,25,Delivered,4.9,Sweet Tooth 29,Kolkata,North Indian,4.0,500
4514,28,2024-12-06 12:16:00,2,824,82.4,0,741.6,UPI,27,Delivered,4.1,Spice Junction 28,Ahmedabad,Continental,3.9,350
2259,17,2024-12-06 13:24:00,1,223,22.3,20,220.7,Cash on Delivery,30,Delivered,4.2,Spicy Junction 17,Delhi,Chinese,3.4,800
4042,34,2024-12-06 15:09:00,3,398,59.7,49,387.3,Debit Card,32,Delivered,4.2,Biryani House 34,Bangalore,South Indian,4.8,200
4472,27,2024-12-06 15:51:00,4,1416,141.6,0,1274.4,UPI,24,Delivered,4.2,Grill Masters 27,Delhi,Fast Food,3.2,150
4763,29,2024-12-06 16:07:00,2,838,83.8,49,803.2,Wallet,58,Cancelled,3.3,Sweet Tooth 29,Kolkata,North Indian,4.0,500
3804,40,2024-12-06 16:31:00,3,1226,0.0,30,1256.0,Credit Card,45,Delivered,4.1,Dosa Corner 40,Mumbai,Fast Food,3.7,250
5044,17,2024-12-06 18:00:00,4,1005,201.0,40,844.0,Credit Card,44,Cancelled,2.5,Spicy Junction 17,Delhi,Chinese,3.4,800
2064,40,2024-12-06 19:54:00,3,555,0.0,20,575.0,Cash on Delivery,42,Delivered,5.0,Dosa Corner 40,Mumbai,Fast Food,3.7,250
1119,40,2024-12-06 20:43:00,2,518,51.8,0,466.2,Cash on Delivery,41,Delivered,4.1,Dosa Corner 40,Mumbai,Fast Food,3.7,250
1432,10,2024-12-06 21:55:00,4,999,199.8,40,839.2,Cash on Delivery,23,Delivered,4.4,Chaat Street 10,Mumbai,Italian,4.3,350
5792,49,2024-12-07 09:04:00,2,1010,101.0,30,939.0,UPI,61,Cancelled,4.8,Curry Leaf 49,Pune,Chinese,3.9,350
5356,4,2024-12-07 11:37:00,1,110,11.0,20,119.0,Wallet,43,Delivered,2.9,Cafe Bliss 4,Lucknow,Fast Food,4.1,600
5043,38,2024-12-07 12:20:00,3,1535,230.25,0,1304.75,Cash on Delivery,56,Delivered,4.7,Burger Barn 38,Kolkata,Biryani,3.0,600
2133,26,2024-12-07 13:07:00,2,518,77.7,20,460.3,Debit Card,57,Delivered,4.6,Chaat Street 26,Hyderabad,Continental,4.4,250
2925,24,2024-12-07 14:07:00,1,169,25.35,30,173.65,Wallet,35,Delivered,4.9,Cafe Bliss 24,Delhi,Street Food,3.6,600
4762,22,2024-12-07 14:30:00,3,553,55.3,20,517.7,Cash on Delivery,45,Cancelled,3.9,Urban Tadka 22,Mumbai,Desserts,3.1,250
1460,48,2024-12-07 17:02:00,2,905,90.5,30,844.5,Cash on Delivery,47,Delivered,4.8,Burger Barn 48,Delhi,Italian,3.9,150
4899,29,2024-12-07 17:39:00,1,492,0.0,40,532.0,UPI,37,Cancelled,3.2,Sweet Tooth 29,Kolkata,North Indian,4.0,500
3386,13,2024-12-07 18:16:00,1,191,28.65,40,202.35,Credit Card,21,Delivered,3.9,Spice Junction 13,Kolkata,Biryani,4.5,800
3597,35,2024-12-07 19:25:00,1,204,30.6,49,222.4,UPI,27,Cancelled,3.0,Momo Magic 35,Hyderabad,Fast Food,4.8,150
4453,45,2024-12-07 23:04:00,2,823,82.3,0,740.7,UPI,38,Delivered,2.7,Royal Feast 45,Ahmedabad,Fast Food,3.3,250
5255,43,2024-12-07 23:27:00,2,519,51.9,30,497.1,UPI,43,Delivered,3.9,Grill Masters 43,Chennai,Continental,2.9,250
4262,33,2024-12-07 23:44:00,4,838,0.0,20,858.0,Credit Card,38,Delivered,4.1,Pizza Point 33,Chennai,Bakery,2.9,600
1882,28,2024-12-08 09:48:00,4,421,42.1,30,408.9,Wallet,36,Delivered,3.9,Spice Junction 28,Ahmedabad,Continental,3.9,350
5400,41,2024-12-08 11:13:00,2,732,0.0,30,762.0,UPI,62,Delivered,3.1,Dosa Corner 41,Hyderabad,Continental,3.1,600
5605,10,2024-12-08 11:22:00,2,386,0.0,49,435.0,Debit Card,20,Delivered,3.2,Chaat Street 10,Mumbai,Italian,4.3,350
1095,5,2024-12-08 15:17:00,4,818,0.0,0,818.0,Wallet,20,Delivered,3.6,Cafe Bliss 5,Hyderabad,Street Food,3.1,500
2593,28,2024-12-08 19:28:00,4,2040,408.0,30,1662.0,Debit Card,31,Delivered,3.1,Spice Junction 28,Ahmedabad,Continental,3.9,350
2310,12,2024-12-08 19:51:00,2,641,64.1,0,576.9,UPI,30,Delivered,3.2,Tandoori Nights 12,Mumbai,Continental,4.8,800
5328,19,2024-12-09 08:29:00,4,609,0.0,30,639.0,UPI,44,Delivered,3.5,Spice Junction 19,Chennai,Desserts,3.7,150
4418,49,2024-12-09 08:43:00,3,1082,108.2,40,1013.8,Debit Card,21,Delivered,4.7,Curry Leaf 49,Pune,Chinese,3.9,350
2641,36,2024-12-09 10:16:00,4,2033,203.3,0,1829.7,UPI,59,Delivered,2.9,Wok This Way 36,Bangalore,Desserts,4.5,500
3594,32,2024-12-09 10:32:00,2,799,159.8,30,669.2,Cash on Delivery,64,Cancelled,3.5,Grill Masters 32,Hyderabad,Fast Food,3.2,800
4586,28,2024-12-09 11:42:00,2,912,0.0,20,932.0,Wallet,36,Delivered,4.8,Spice Junction 28,Ahmedabad,Continental,3.9,350
3303,17,2024-12-09 12:08:00,4,423,0.0,40,463.0,Credit Card,55,Delivered,3.0,Spicy Junction 17,Delhi,Chinese,3.4,800
5209,25,2024-12-09 14:29:00,1,120,12.0,30,138.0,UPI,36,Delivered,4.8,Royal Feast 25,Jaipur,Biryani,3.8,250
3821,9,2024-12-09 15:16:00,1,498,0.0,30,528.0,Cash on Delivery,34,Cancelled,2.5,Curry Leaf 9,Pune,Bakery,4.1,200
2396,25,2024-12-09 19:32:00,2,290,58.0,49,281.0,Cash on Delivery,25,Delivered,4.5,Royal Feast 25,Jaipur,Biryani,3.8,250
1611,20,2024-12-09 20:23:00,3,1236,247.2,49,1037.8,Cash on Delivery,52,Delivered,3.5,Urban Tadka 20,Hyderabad,Street Food,3.4,600
3036,26,2024-12-09 21:27:00,3,1205,0.0,40,1245.0,Wallet,51,Delivered,3.3,Chaat Street 26,Hyderabad,Continental,4.4,250
1525,22,2024-12-09 21:32:00,4,1013,0.0,30,1043.0,Credit Card,58,Delivered,4.9,Urban Tadka 22,Mumbai,Desserts,3.1,250
2512,43,2024-12-09 22:21:00,3,420,63.0,20,377.0,Cash on Delivery,41,Delivered,4.3,Grill Masters 43,Chennai,Continental,2.9,250
4410,49,2024-12-09 22:31:00,1,222,22.2,20,219.8,Cash on Delivery,51,Delivered,2.8,Curry Leaf 49,Pune,Chinese,3.9,350
3961,21,2024-12-09 22:39:00,3,1372,0.0,40,1412.0,Credit Card,53,Delivered,4.8,Biryani House 21,Pune,South Indian,4.1,600
1827,44,2024-12-10 09:15:00,4,814,162.8,0,651.2,UPI,55,Delivered,3.8,Tandoori Nights 44,Hyderabad,South Indian,4.7,150
3546,46,2024-12-10 10:12:00,4,424,84.8,40,379.2,Wallet,30,Delivered,3.7,Urban Tadka 46,Kolkata,Continental,4.2,350
4547,18,2024-12-10 11:00:00,4,763,0.0,0,763.0,Wallet,46,Delivered,2.8,Sizzle & Steam 18,Chennai,Chinese,3.9,600
3680,47,2024-12-10 11:11:00,4,1017,0.0,49,1066.0,Wallet,21,Cancelled,2.7,Wok This Way 47,Ahmedabad,Street Food,3.5,250
1714,38,2024-12-10 11:26:00,4,1640,0.0,0,1640.0,UPI,23,Delivered,3.6,Burger Barn 38,Kolkata,Biryani,3.0,600
3965,42,2024-12-10 11:27:00,2,435,0.0,40,475.0,Wallet,37,Delivered,3.4,Sizzle & Steam 42,Lucknow,Chinese,3.8,400
2617,48,2024-12-10 11:34:00,2,802,0.0,20,822.0,UPI,59,Cancelled,4.2,Burger Barn 48,Delhi,Italian,3.9,150
3368,3,2024-12-10 14:33:00,1,305,45.75,0,259.25,Wallet,41,Delivered,2.7,Grill Masters 3,Chennai,Continental,4.3,300
1268,13,2024-12-10 16:36:00,2,830,0.0,30,860.0,Debit Card,49,Delivered,3.7,Spice Junction 13,Kolkata,Biryani,4.5,800
3161,35,2024-12-10 17:39:00,1,315,47.25,49,316.75,UPI,55,Delivered,4.9,Momo Magic 35,Hyderabad,Fast Food,4.8,150
2012,38,2024-12-10 17:58:00,2,335,67.0,49,317.0,Credit Card,42,Delivered,3.5,Burger Barn 38,Kolkata,Biryani,3.0,600
5788,21,2024-12-10 18:57:00,1,254,0.0,40,294.0,Cash on Delivery,61,Delivered,3.7,Biryani House 21,Pune,South Indian,4.1,600
4005,21,2024-12-10 19:50:00,2,283,0.0,0,283.0,Credit Card,36,Delivered,3.3,Biryani House 21,Pune,South Indian,4.1,600
3972,14,2024-12-10 20:51:00,3,1216,243.2,40,1012.8,UPI,28,Delivered,3.3,Curry Leaf 14,Pune,South Indian,3.2,150
4577,37,2024-12-10 22:10:00,2,1032,154.8,20,897.2,Cash on Delivery,23,Delivered,3.0,Curry Leaf 37,Chennai,Chinese,3.4,500
2845,39,2024-12-10 23:49:00,4,2008,301.2,30,1736.8,Cash on Delivery,24,Delivered,4.0,Wok This Way 39,Pune,North Indian,4.2,350
3244,44,2024-12-11 09:06:00,1,146,14.6,0,131.4,UPI,46,Delivered,4.0,Tandoori Nights 44,Hyderabad,South Indian,4.7,150
5338,4,2024-12-11 12:19:00,4,1835,0.0,0,1835.0,Debit Card,63,Delivered,3.9,Cafe Bliss 4,Lucknow,Fast Food,4.1,600
1770,26,2024-12-11 14:11:00,4,1410,0.0,49,1459.0,Cash on Delivery,51,Delivered,4.0,Chaat Street 26,Hyderabad,Continental,4.4,250
3756,32,2024-12-11 14:21:00,3,397,59.55,40,377.45,Credit Card,36,Delivered,3.7,Grill Masters 32,Hyderabad,Fast Food,3.2,800
2816,11,2024-12-11 14:24:00,1,326,0.0,20,346.0,UPI,48,Cancelled,4.5,Noodle Bar 11,Hyderabad,Chinese,2.8,600
4422,46,2024-12-11 14:28:00,2,846,0.0,20,866.0,UPI,51,Delivered,3.3,Urban Tadka 46,Kolkata,Continental,4.2,350
1371,31,2024-12-11 15:30:00,4,2004,200.4,40,1843.6,Wallet,29,Delivered,2.6,Momo Magic 31,Jaipur,Continental,4.1,500
3367,44,2024-12-11 15:46:00,1,169,0.0,0,169.0,Cash on Delivery,53,Delivered,2.7,Tandoori Nights 44,Hyderabad,South Indian,4.7,150
2562,34,2024-12-11 15:47:00,4,1421,142.1,0,1278.9,Wallet,25,Delivered,4.4,Biryani House 34,Bangalore,South Indian,4.8,200
5644,19,2024-12-11 18:26:00,1,194,0.0,40,234.0,Wallet,58,Delivered,4.8,Spice Junction 19,Chennai,Desserts,3.7,150
3530,34,2024-12-11 19:56:00,3,299,0.0,30,329.0,Wallet,33,Delivered,3.6,Biryani House 34,Bangalore,South Indian,4.8,200
1320,37,2024-12-11 20:20:00,3,399,0.0,49,448.0,Credit Card,39,Delivered,3.4,Curry Leaf 37,Chennai,Chinese,3.4,500
5048,43,2024-12-11 21:16:00,1,209,20.9,0,188.1,Wallet,17,Delivered,2.7,Grill Masters 43,Chennai,Continental,2.9,250
5872,17,2024-12-11 21:38:00,2,601,0.0,20,621.0,Credit Card,43,Delivered,4.8,Spicy Junction 17,Delhi,Chinese,3.4,800
5960,45,2024-12-11 22:01:00,4,1820,364.0,40,1496.0,Wallet,59,Cancelled,3.7,Royal Feast 45,Ahmedabad,Fast Food,3.3,250
2701,7,2024-12-11 23:30:00,2,799,79.9,30,749.1,Debit Card,57,Delivered,4.5,Wok This Way 7,Bangalore,Street Food,2.9,600
3695,36,2024-12-11 23:43:00,1,152,15.2,40,176.8,Debit Card,31,Cancelled,4.8,Wok This Way 36,Bangalore,Desserts,4.5,500
2425,18,2024-12-12 08:40:00,4,416,0.0,20,436.0,UPI,26,Delivered,4.3,Sizzle & Steam 18,Chennai,Chinese,3.9,600
2094,21,2024-12-12 12:04:00,4,602,120.4,40,521.6,Debit Card,29,Delivered,4.8,Biryani House 21,Pune,South Indian,4.1,600
4285,23,2024-12-12 12:24:00,1,278,27.8,0,250.2,Credit Card,23,Cancelled,3.4,Noodle Bar 23,Lucknow,Desserts,3.4,150
3867,4,2024-12-12 14:26:00,2,629,0.0,49,678.0,Cash on Delivery,28,Delivered,4.4,Cafe Bliss 4,Lucknow,Fast Food,4.1,600
3942,6,2024-12-12 15:41:00,4,1842,0.0,30,1872.0,Cash on Delivery,35,Delivered,4.8,Pizza Point 6,Mumbai,Desserts,3.1,800
5717,34,2024-12-12 16:33:00,4,429,85.8,0,343.2,Cash on Delivery,45,Delivered,3.0,Biryani House 34,Bangalore,South Indian,4.8,200
2469,18,2024-12-12 18:27:00,1,376,0.0,30,406.0,Debit Card,61,Delivered,4.5,Sizzle & Steam 18,Chennai,Chinese,3.9,600
3735,49,2024-12-12 19:49:00,4,623,62.3,49,609.7,Credit Card,63,Delivered,4.2,Curry Leaf 49,Pune,Chinese,3.9,350
4086,40,2024-12-12 20:37:00,1,263,39.45,49,272.55,Cash on Delivery,36,Delivered,3.0,Dosa Corner 40,Mumbai,Fast Food,3.7,250
4684,19,2024-12-12 21:44:00,3,788,78.8,0,709.2,Wallet,19,Delivered,3.0,Spice Junction 19,Chennai,Desserts,3.7,150
5258,42,2024-12-13 08:38:00,3,1058,158.7,0,899.3,Credit Card,19,Delivered,3.0,Sizzle & Steam 42,Lucknow,Chinese,3.8,400
4204,48,2024-12-13 08:44:00,4,1810,0.0,30,1840.0,Cash on Delivery,17,Delivered,3.0,Burger Barn 48,Delhi,Italian,3.9,150
3586,21,2024-12-13 11:19:00,3,420,84.0,49,385.0,Debit Card,30,Delivered,4.9,Biryani House 21,Pune,South Indian,4.1,600
1983,38,2024-12-13 12:22:00,1,161,0.0,30,191.0,Wallet,46,Delivered,3.3,Burger Barn 38,Kolkata,Biryani,3.0,600
4635,9,2024-12-13 13:59:00,3,1524,304.8,49,1268.2,UPI,27,Delivered,2.7,Curry Leaf 9,Pune,Bakery,4.1,200
2491,3,2024-12-13 15:42:00,1,252,25.2,30,256.8,Debit Card,25,Delivered,2.6,Grill Masters 3,Chennai,Continental,4.3,300
4205,21,2024-12-13 16:43:00,1,496,99.2,20,416.8,Debit Card,35,Cancelled,4.1,Biryani House 21,Pune,South Indian,4.1,600
5396,12,2024-12-13 17:14:00,3,306,0.0,30,336.0,Wallet,29,Delivered,3.2,Tandoori Nights 12,Mumbai,Continental,4.8,800
5490,33,2024-12-13 17:54:00,4,1023,102.3,49,969.7,Wallet,42,Delivered,3.3,Pizza Point 33,Chennai,Bakery,2.9,600
4771,12,2024-12-13 18:27:00,3,619,61.9,30,587.1,Credit Card,31,Cancelled,4.4,Tandoori Nights 12,Mumbai,Continental,4.8,800
3201,43,2024-12-13 18:35:00,3,615,0.0,30,645.0,Cash on Delivery,25,Delivered,2.8,Grill Masters 43,Chennai,Continental,2.9,250
5520,44,2024-12-13 19:34:00,3,920,0.0,49,969.0,Cash on Delivery,56,Cancelled,3.5,Tandoori Nights 44,Hyderabad,South Indian,4.7,150
5281,7,2024-12-13 19:56:00,1,297,0.0,0,297.0,Debit Card,61,Cancelled,3.2,Wok This Way 7,Bangalore,Street Food,2.9,600
1516,5,2024-12-13 20:18:00,3,421,0.0,40,461.0,Credit Card,43,Delivered,3.9,Cafe Bliss 5,Hyderabad,Street Food,3.1,500
5845,3,2024-12-13 20:19:00,4,1204,240.8,40,1003.2,Wallet,34,Delivered,2.8,Grill Masters 3,Chennai,Continental,4.3,300
3444,18,2024-12-13 20:20:00,1,537,0.0,30,567.0,Cash on Delivery,40,Cancelled,2.9,Sizzle & Steam 18,Chennai,Chinese,3.9,600
5306,45,2024-12-13 20:27:00,1,315,0.0,0,315.0,UPI,30,Delivered,3.9,Royal Feast 45,Ahmedabad,Fast Food,3.3,250
4706,17,2024-12-13 20:30:00,3,401,0.0,49,450.0,Debit Card,40,Delivered,4.5,Spicy Junction 17,Delhi,Chinese,3.4,800
2727,2,2024-12-13 21:33:00,2,639,0.0,30,669.0,Debit Card,23,Delivered,2.9,Spice Junction 2,Lucknow,Continental,4.8,200
1838,18,2024-12-13 21:35:00,1,139,0.0,20,159.0,Cash on Delivery,24,Delivered,4.1,Sizzle & Steam 18,Chennai,Chinese,3.9,600
1541,39,2024-12-13 22:29:00,3,1228,0.0,49,1277.0,Debit Card,36,Delivered,3.4,Wok This Way 39,Pune,North Indian,4.2,350
5385,40,2024-12-13 23:20:00,1,139,27.8,49,160.2,Cash on Delivery,55,Delivered,2.9,Dosa Corner 40,Mumbai,Fast Food,3.7,250
1459,20,2024-12-13 23:33:00,3,1531,306.2,40,1264.8,Wallet,21,Delivered,2.8,Urban Tadka 20,Hyderabad,Street Food,3.4,600
3914,26,2024-12-14 11:25:00,1,114,0.0,0,114.0,Cash on Delivery,53,Delivered,3.2,Chaat Street 26,Hyderabad,Continental,4.4,250
5290,39,2024-12-14 12:33:00,2,644,0.0,40,684.0,Wallet,38,Delivered,2.9,Wok This Way 39,Pune,North Indian,4.2,350
4983,13,2024-12-14 12:49:00,1,141,0.0,30,171.0,Wallet,17,Delivered,4.4,Spice Junction 13,Kolkata,Biryani,4.5,800
1796,14,2024-12-14 14:45:00,2,644,128.8,0,515.2,Credit Card,34,Delivered,4.9,Curry Leaf 14,Pune,South Indian,3.2,150
5809,27,2024-12-14 14:47:00,4,2036,305.4,20,1750.6,UPI,38,Delivered,3.6,Grill Masters 27,Delhi,Fast Food,3.2,150
1721,5,2024-12-14 15:02:00,2,1009,100.9,40,948.1,Credit Card,62,Delivered,4.9,Cafe Bliss 5,Hyderabad,Street Food,3.1,500
5263,27,2024-12-14 17:53:00,3,423,63.45,0,359.55,Wallet,24,Delivered,4.0,Grill Masters 27,Delhi,Fast Food,3.2,150
1926,2,2024-12-14 20:05:00,1,254,50.8,40,243.2,Credit Card,42,Cancelled,2.7,Spice Junction 2,Lucknow,Continental,4.8,200
2409,7,2024-12-14 20:33:00,4,1821,182.1,30,1668.9,Credit Card,16,Delivered,4.5,Wok This Way 7,Bangalore,Street Food,2.9,600
5526,7,2024-12-14 21:04:00,3,923,138.45,20,804.55,UPI,29,Delivered,4.3,Wok This Way 7,Bangalore,Street Food,2.9,600
2086,40,2024-12-14 22:00:00,3,634,0.0,0,634.0,Cash on Delivery,53,Delivered,4.9,Dosa Corner 40,Mumbai,Fast Food,3.7,250
4606,45,2024-12-14 22:09:00,2,401,60.15,30,370.85,Cash on Delivery,27,Delivered,2.8,Royal Feast 45,Ahmedabad,Fast Food,3.3,250
4210,35,2024-12-14 22:31:00,2,217,0.0,30,247.0,Cash on Delivery,24,Delivered,4.0,Momo Magic 35,Hyderabad,Fast Food,4.8,150
2371,30,2024-12-15 08:30:00,2,235,23.5,40,251.5,Cash on Delivery,58,Delivered,3.7,Noodle Bar 30,Pune,South Indian,2.9,800
2071,12,2024-12-15 09:02:00,2,365,0.0,0,365.0,Cash on Delivery,27,Delivered,4.0,Tandoori Nights 12,Mumbai,Continental,4.8,800
5006,7,2024-12-15 09:39:00,2,821,123.15,20,717.85,Credit Card,29,Delivered,3.6,Wok This Way 7,Bangalore,Street Food,2.9,600
1813,45,2024-12-15 12:41:00,1,387,38.7,40,388.3,Wallet,18,Cancelled,3.2,Royal Feast 45,Ahmedabad,Fast Food,3.3,250
1332,40,2024-12-15 13:10:00,2,244,0.0,40,284.0,Cash on Delivery,22,Cancelled,3.6,Dosa Corner 40,Mumbai,Fast Food,3.7,250
2797,13,2024-12-15 14:31:00,4,1210,0.0,40,1250.0,Debit Card,36,Delivered,4.9,Spice Junction 13,Kolkata,Biryani,4.5,800
5496,19,2024-12-15 16:05:00,3,457,45.7,30,441.3,UPI,27,Delivered,4.3,Spice Junction 19,Chennai,Desserts,3.7,150
5824,49,2024-12-15 17:13:00,4,1844,0.0,0,1844.0,Wallet,29,Delivered,4.2,Curry Leaf 49,Pune,Chinese,3.9,350
3410,44,2024-12-15 17:25:00,1,182,18.2,0,163.8,Debit Card,54,Delivered,4.2,Tandoori Nights 44,Hyderabad,South Indian,4.7,150
2595,13,2024-12-15 18:24:00,1,338,33.8,30,334.2,Cash on Delivery,18,Delivered,2.7,Spice Junction 13,Kolkata,Biryani,4.5,800
4173,33,2024-12-15 18:40:00,1,180,27.0,20,173.0,UPI,24,Cancelled,4.7,Pizza Point 33,Chennai,Bakery,2.9,600
1630,33,2024-12-15 18:42:00,2,437,0.0,0,437.0,Wallet,15,Delivered,4.2,Pizza Point 33,Chennai,Bakery,2.9,600
3357,5,2024-12-15 20:30:00,1,475,0.0,0,475.0,Debit Card,39,Delivered,4.1,Cafe Bliss 5,Hyderabad,Street Food,3.1,500
2323,36,2024-12-15 21:12:00,3,897,89.7,20,827.3,UPI,50,Delivered,4.7,Wok This Way 36,Bangalore,Desserts,4.5,500
5440,38,2024-12-16 08:35:00,4,2011,0.0,0,2011.0,Wallet,58,Delivered,3.2,Burger Barn 38,Kolkata,Biryani,3.0,600
3528,5,2024-12-16 10:39:00,4,841,0.0,0,841.0,Wallet,54,Delivered,4.2,Cafe Bliss 5,Hyderabad,Street Food,3.1,500
1900,4,2024-12-16 10:41:00,4,549,0.0,20,569.0,Wallet,40,Delivered,4.8,Cafe Bliss 4,Lucknow,Fast Food,4.1,600
2382,47,2024-12-16 11:30:00,1,533,0.0,30,563.0,UPI,46,Delivered,4.8,Wok This Way 47,Ahmedabad,Street Food,3.5,250
3824,42,2024-12-16 11:34:00,2,529,79.35,49,498.65,Credit Card,55,Delivered,3.8,Sizzle & Steam 42,Lucknow,Chinese,3.8,400
1191,22,2024-12-16 11:50:00,3,420,84.0,49,385.0,Cash on Delivery,35,Delivered,5.0,Urban Tadka 22,Mumbai,Desserts,3.1,250
3933,5,2024-12-16 12:22:00,4,399,39.9,20,379.1,UPI,56,Delivered,4.6,Cafe Bliss 5,Hyderabad,Street Food,3.1,500
5289,49,2024-12-16 12:29:00,4,1845,0.0,49,1894.0,Debit Card,41,Delivered,2.6,Curry Leaf 49,Pune,Chinese,3.9,350
2486,20,2024-12-16 12:30:00,3,429,0.0,30,459.0,Debit Card,62,Delivered,4.4,Urban Tadka 20,Hyderabad,Street Food,3.4,600
4770,16,2024-12-16 15:03:00,1,307,46.05,30,290.95,UPI,34,Cancelled,2.7,Cafe Bliss 16,Chennai,South Indian,3.2,500
1324,12,2024-12-16 17:14:00,4,815,163.0,0,652.0,Debit Card,38,Delivered,4.5,Tandoori Nights 12,Mumbai,Continental,4.8,800
3640,24,2024-12-16 17:17:00,3,942,94.2,49,896.8,Debit Card,51,Delivered,4.7,Cafe Bliss 24,Delhi,Street Food,3.6,600
3782,33,2024-12-16 17:54:00,2,264,0.0,30,294.0,Cash on Delivery,34,Cancelled,4.0,Pizza Point 33,Chennai,Bakery,2.9,600
2567,29,2024-12-16 18:35:00,1,176,35.2,0,140.8,Cash on Delivery,58,Delivered,4.2,Sweet Tooth 29,Kolkata,North Indian,4.0,500
3641,45,2024-12-16 19:06:00,2,1041,0.0,49,1090.0,Cash on Delivery,55,Delivered,4.3,Royal Feast 45,Ahmedabad,Fast Food,3.3,250
3071,50,2024-12-16 19:22:00,4,1007,100.7,20,926.3,UPI,44,Delivered,4.2,Urban Tadka 50,Delhi,Bakery,3.2,500
1667,14,2024-12-16 20:19:00,2,800,0.0,20,820.0,Cash on Delivery,20,Delivered,4.3,Curry Leaf 14,Pune,South Indian,3.2,150
4890,18,2024-12-16 20:43:00,1,175,0.0,30,205.0,Debit Card,41,Delivered,4.1,Sizzle & Steam 18,Chennai,Chinese,3.9,600
2606,27,2024-12-16 21:53:00,2,403,0.0,40,443.0,Cash on Delivery,35,Delivered,3.4,Grill Masters 27,Delhi,Fast Food,3.2,150
5999,43,2024-12-16 22:15:00,3,1241,124.1,20,1136.9,Wallet,56,Delivered,3.4,Grill Masters 43,Chennai,Continental,2.9,250
5516,25,2024-12-16 22:37:00,2,206,41.2,0,164.8,Debit Card,64,Delivered,2.5,Royal Feast 25,Jaipur,Biryani,3.8,250
1585,23,2024-12-16 22:44:00,1,135,0.0,49,184.0,Debit Card,54,Delivered,3.8,Noodle Bar 23,Lucknow,Desserts,3.4,150
2027,47,2024-12-16 23:26:00,1,479,71.85,0,407.15,Wallet,15,Delivered,3.9,Wok This Way 47,Ahmedabad,Street Food,3.5,250
2448,39,2024-12-17 08:19:00,2,928,92.8,20,855.2,UPI,38,Delivered,4.0,Wok This Way 39,Pune,North Indian,4.2,350
2204,33,2024-12-17 10:37:00,3,407,81.4,40,365.6,Wallet,60,Delivered,2.7,Pizza Point 33,Chennai,Bakery,2.9,600
1412,23,2024-12-17 11:31:00,3,1539,307.8,40,1271.2,Wallet,54,Delivered,4.8,Noodle Bar 23,Lucknow,Desserts,3.4,150
2433,17,2024-12-17 12:21:00,1,136,13.6,20,142.4,Credit Card,50,Delivered,4.6,Spicy Junction 17,Delhi,Chinese,3.4,800
3943,26,2024-12-17 12:59:00,3,1054,0.0,49,1103.0,Debit Card,51,Delivered,4.5,Chaat Street 26,Hyderabad,Continental,4.4,250
2813,38,2024-12-17 13:29:00,2,898,89.8,20,828.2,UPI,15,Delivered,2.7,Burger Barn 38,Kolkata,Biryani,3.0,600
3787,30,2024-12-17 15:25:00,1,130,0.0,0,130.0,UPI,34,Delivered,4.4,Noodle Bar 30,Pune,South Indian,2.9,800
4473,46,2024-12-17 15:38:00,1,392,0.0,20,412.0,Wallet,37,Delivered,4.0,Urban Tadka 46,Kolkata,Continental,4.2,350
2826,22,2024-12-17 15:52:00,3,480,72.0,20,428.0,Debit Card,40,Delivered,2.8,Urban Tadka 22,Mumbai,Desserts,3.1,250
2622,25,2024-12-17 17:38:00,4,1240,248.0,40,1032.0,Credit Card,20,Delivered,2.8,Royal Feast 25,Jaipur,Biryani,3.8,250
2192,50,2024-12-17 17:52:00,2,703,105.45,20,617.55,Credit Card,50,Delivered,3.6,Urban Tadka 50,Delhi,Bakery,3.2,500
5220,34,2024-12-17 17:55:00,3,1509,226.35,30,1312.65,Debit Card,32,Delivered,3.7,Biryani House 34,Bangalore,South Indian,4.8,200
5974,12,2024-12-17 18:32:00,1,468,0.0,30,498.0,Credit Card,40,Delivered,4.7,Tandoori Nights 12,Mumbai,Continental,4.8,800
3848,21,2024-12-17 18:51:00,1,449,0.0,20,469.0,Cash on Delivery,22,Cancelled,2.8,Biryani House 21,Pune,South Indian,4.1,600
2717,17,2024-12-17 18:59:00,3,777,0.0,40,817.0,UPI,25,Delivered,4.4,Spicy Junction 17,Delhi,Chinese,3.4,800
5865,6,2024-12-17 20:44:00,4,1243,248.6,30,1024.4,Wallet,30,Delivered,3.9,Pizza Point 6,Mumbai,Desserts,3.1,800
4354,1,2024-12-17 20:48:00,4,834,166.8,30,697.2,Credit Card,51,Delivered,3.4,Wok This Way 1,Pune,Italian,3.6,200
2099,1,2024-12-17 22:55:00,1,245,36.75,30,238.25,Credit Card,45,Delivered,2.6,Wok This Way 1,Pune,Italian,3.6,200
1426,11,2024-12-17 23:04:00,4,808,0.0,49,857.0,Wallet,45,Cancelled,4.8,Noodle Bar 11,Hyderabad,Chinese,2.8,600
2315,17,2024-12-17 23:36:00,3,1210,0.0,49,1259.0,UPI,18,Delivered,4.4,Spicy Junction 17,Delhi,Chinese,3.4,800
2815,8,2024-12-18 08:00:00,2,513,0.0,0,513.0,Cash on Delivery,35,Delivered,2.8,Urban Tadka 8,Hyderabad,Desserts,4.6,350
1716,24,2024-12-18 08:38:00,4,1834,275.1,40,1598.9,Cash on Delivery,47,Delivered,4.1,Cafe Bliss 24,Delhi,Street Food,3.6,600
5191,48,2024-12-18 09:16:00,4,427,0.0,40,467.0,UPI,44,Delivered,4.1,Burger Barn 48,Delhi,Italian,3.9,150
2365,35,2024-12-18 10:18:00,1,192,0.0,20,212.0,Debit Card,32,Delivered,2.6,Momo Magic 35,Hyderabad,Fast Food,4.8,150
4610,24,2024-12-18 11:17:00,2,830,124.5,49,754.5,UPI,52,Delivered,3.4,Cafe Bliss 24,Delhi,Street Food,3.6,600
3584,1,2024-12-18 11:46:00,4,596,0.0,20,616.0,Wallet,34,Delivered,3.3,Wok This Way 1,Pune,Italian,3.6,200
5936,3,2024-12-18 13:17:00,3,755,75.5,20,699.5,Debit Card,24,Cancelled,4.7,Grill Masters 3,Chennai,Continental,4.3,300
5341,20,2024-12-18 14:07:00,4,396,0.0,40,436.0,Wallet,17,Delivered,4.9,Urban Tadka 20,Hyderabad,Street Food,3.4,600
3623,48,2024-12-18 15:01:00,3,796,79.6,49,765.4,Cash on Delivery,37,Delivered,3.5,Burger Barn 48,Delhi,Italian,3.9,150
5669,10,2024-12-18 15:02:00,3,1525,0.0,0,1525.0,Wallet,51,Delivered,4.8,Chaat Street 10,Mumbai,Italian,4.3,350
5921,17,2024-12-18 15:58:00,4,408,0.0,0,408.0,Credit Card,22,Delivered,2.5,Spicy Junction 17,Delhi,Chinese,3.4,800
5624,2,2024-12-18 16:39:00,4,1005,0.0,49,1054.0,Wallet,26,Cancelled,3.9,Spice Junction 2,Lucknow,Continental,4.8,200
3174,3,2024-12-18 17:27:00,4,2013,402.6,0,1610.4,UPI,27,Delivered,3.8,Grill Masters 3,Chennai,Continental,4.3,300
5610,39,2024-12-18 18:57:00,1,527,0.0,40,567.0,Wallet,64,Delivered,4.1,Wok This Way 39,Pune,North Indian,4.2,350
3418,8,2024-12-18 19:31:00,2,630,0.0,30,660.0,Wallet,20,Delivered,3.3,Urban Tadka 8,Hyderabad,Desserts,4.6,350
4509,10,2024-12-18 19:44:00,4,815,81.5,0,733.5,UPI,31,Delivered,2.9,Chaat Street 10,Mumbai,Italian,4.3,350
2941,15,2024-12-18 20:22:00,2,811,0.0,40,851.0,Wallet,43,Delivered,4.3,Biryani House 15,Ahmedabad,North Indian,3.2,800
4853,17,2024-12-18 20:41:00,3,488,0.0,40,528.0,Credit Card,26,Delivered,2.9,Spicy Junction 17,Delhi,Chinese,3.4,800
5700,41,2024-12-18 21:55:00,2,347,0.0,40,387.0,Wallet,58,Delivered,3.8,Dosa Corner 41,Hyderabad,Continental,3.1,600
4365,41,2024-12-18 23:01:00,4,1411,282.2,49,1177.8,Cash on Delivery,47,Delivered,4.2,Dosa Corner 41,Hyderabad,Continental,3.1,600
3099,25,2024-12-18 23:08:00,2,373,37.3,40,375.7,Credit Card,29,Delivered,3.1,Royal Feast 25,Jaipur,Biryani,3.8,250
1250,27,2024-12-18 23:18:00,3,470,0.0,20,490.0,Wallet,42,Delivered,3.6,Grill Masters 27,Delhi,Fast Food,3.2,150
2107,26,2024-12-19 08:54:00,1,496,74.4,0,421.6,Wallet,46,Delivered,4.0,Chaat Street 26,Hyderabad,Continental,4.4,250
1083,19,2024-12-19 12:34:00,3,635,0.0,30,665.0,Credit Card,43,Delivered,3.9,Spice Junction 19,Chennai,Desserts,3.7,150
5565,15,2024-12-19 13:04:00,2,709,0.0,30,739.0,Wallet,15,Delivered,4.9,Biryani House 15,Ahmedabad,North Indian,3.2,800
1725,17,2024-12-19 14:26:00,4,408,81.6,40,366.4,Cash on Delivery,37,Delivered,4.5,Spicy Junction 17,Delhi,Chinese,3.4,800
1189,48,2024-12-19 15:06:00,1,387,58.05,49,377.95,Cash on Delivery,25,Delivered,4.3,Burger Barn 48,Delhi,Italian,3.9,150
3000,10,2024-12-19 16:58:00,3,1086,162.9,30,953.1,Credit Card,18,Cancelled,4.5,Chaat Street 10,Mumbai,Italian,4.3,350
4355,8,2024-12-19 17:20:00,4,641,96.15,40,584.85,UPI,46,Delivered,4.3,Urban Tadka 8,Hyderabad,Desserts,4.6,350
4425,43,2024-12-19 17:28:00,4,1622,0.0,0,1622.0,Wallet,19,Delivered,5.0,Grill Masters 43,Chennai,Continental,2.9,250
3525,23,2024-12-19 18:33:00,2,838,0.0,49,887.0,Debit Card,29,Delivered,4.6,Noodle Bar 23,Lucknow,Desserts,3.4,150
1478,16,2024-12-19 19:05:00,4,640,0.0,0,640.0,Debit Card,56,Delivered,3.3,Cafe Bliss 16,Chennai,South Indian,3.2,500
1385,32,2024-12-19 19:13:00,3,1240,248.0,40,1032.0,Debit Card,34,Delivered,3.9,Grill Masters 32,Hyderabad,Fast Food,3.2,800
1607,27,2024-12-19 22:22:00,1,156,0.0,40,196.0,UPI,45,Delivered,4.0,Grill Masters 27,Delhi,Fast Food,3.2,150
3494,46,2024-12-20 09:17:00,1,382,0.0,40,422.0,Cash on Delivery,40,Delivered,3.4,Urban Tadka 46,Kolkata,Continental,4.2,350
5133,11,2024-12-20 12:17:00,1,345,0.0,20,365.0,Debit Card,41,Delivered,4.4,Noodle Bar 11,Hyderabad,Chinese,2.8,600
4178,26,2024-12-20 12:41:00,4,818,81.8,30,766.2,Cash on Delivery,59,Delivered,3.5,Chaat Street 26,Hyderabad,Continental,4.4,250
2540,49,2024-12-20 15:17:00,4,2004,400.8,0,1603.2,Wallet,55,Delivered,4.4,Curry Leaf 49,Pune,Chinese,3.9,350
5245,22,2024-12-20 16:31:00,2,898,0.0,40,938.0,UPI,31,Delivered,4.1,Urban Tadka 22,Mumbai,Desserts,3.1,250
4264,27,2024-12-20 18:54:00,4,1637,0.0,0,1637.0,Credit Card,30,Cancelled,3.3,Grill Masters 27,Delhi,Fast Food,3.2,150
4588,43,2024-12-20 18:55:00,1,544,0.0,0,544.0,Credit Card,53,Cancelled,4.6,Grill Masters 43,Chennai,Continental,2.9,250
5041,3,2024-12-20 20:52:00,1,196,0.0,0,196.0,Cash on Delivery,33,Delivered,5.0,Grill Masters 3,Chennai,Continental,4.3,300
3969,7,2024-12-20 20:55:00,2,1023,0.0,40,1063.0,Debit Card,33,Delivered,4.8,Wok This Way 7,Bangalore,Street Food,2.9,600
4955,4,2024-12-20 22:30:00,3,466,93.2,49,421.8,Cash on Delivery,19,Cancelled,4.0,Cafe Bliss 4,Lucknow,Fast Food,4.1,600
4263,6,2024-12-20 22:38:00,4,1424,0.0,30,1454.0,Wallet,58,Cancelled,3.5,Pizza Point 6,Mumbai,Desserts,3.1,800
2167,14,2024-12-21 08:21:00,1,222,0.0,49,271.0,Debit Card,19,Delivered,4.5,Curry Leaf 14,Pune,South Indian,3.2,150
3838,4,2024-12-21 08:48:00,1,138,20.7,20,137.3,Cash on Delivery,26,Delivered,4.6,Cafe Bliss 4,Lucknow,Fast Food,4.1,600
4231,2,2024-12-21 10:50:00,3,747,112.05,49,683.95,Debit Card,55,Delivered,3.4,Spice Junction 2,Lucknow,Continental,4.8,200
3699,41,2024-12-21 11:47:00,3,1224,0.0,40,1264.0,Cash on Delivery,24,Delivered,4.7,Dosa Corner 41,Hyderabad,Continental,3.1,600
4651,34,2024-12-21 11:50:00,1,471,47.1,40,463.9,Cash on Delivery,23,Cancelled,4.2,Biryani House 34,Bangalore,South Indian,4.8,200
4451,13,2024-12-21 12:21:00,1,217,0.0,30,247.0,Cash on Delivery,59,Delivered,2.9,Spice Junction 13,Kolkata,Biryani,4.5,800
3656,24,2024-12-21 12:44:00,4,807,121.05,0,685.95,Cash on Delivery,25,Delivered,3.9,Cafe Bliss 24,Delhi,Street Food,3.6,600
1152,20,2024-12-21 12:45:00,2,507,76.05,30,460.95,UPI,23,Delivered,3.5,Urban Tadka 20,Hyderabad,Street Food,3.4,600
4826,19,2024-12-21 14:47:00,4,1829,182.9,0,1646.1,Cash on Delivery,39,Cancelled,4.3,Spice Junction 19,Chennai,Desserts,3.7,150
3273,42,2024-12-21 15:11:00,3,786,157.2,40,668.8,UPI,29,Delivered,3.0,Sizzle & Steam 42,Lucknow,Chinese,3.8,400
3169,14,2024-12-21 16:21:00,1,343,34.3,0,308.7,Credit Card,40,Cancelled,2.9,Curry Leaf 14,Pune,South Indian,3.2,150
4913,44,2024-12-21 21:38:00,2,608,0.0,30,638.0,Cash on Delivery,40,Delivered,4.5,Tandoori Nights 44,Hyderabad,South Indian,4.7,150
3271,10,2024-12-21 21:50:00,2,300,60.0,30,270.0,Cash on Delivery,32,Cancelled,4.4,Chaat Street 10,Mumbai,Italian,4.3,350
4405,19,2024-12-21 22:24:00,1,515,103.0,49,461.0,UPI,31,Delivered,4.6,Spice Junction 19,Chennai,Desserts,3.7,150
1960,41,2024-12-21 23:36:00,2,624,0.0,0,624.0,Debit Card,55,Cancelled,4.6,Dosa Corner 41,Hyderabad,Continental,3.1,600
3457,38,2024-12-21 23:44:00,2,290,0.0,30,320.0,UPI,63,Delivered,3.8,Burger Barn 38,Kolkata,Biryani,3.0,600
4308,9,2024-12-21 23:45:00,4,813,121.95,0,691.05,UPI,37,Delivered,4.1,Curry Leaf 9,Pune,Bakery,4.1,200
4423,49,2024-12-22 09:53:00,4,1208,241.6,49,1015.4,UPI,30,Delivered,3.6,Curry Leaf 49,Pune,Chinese,3.9,350
2480,44,2024-12-22 09:54:00,3,422,0.0,49,471.0,Credit Card,32,Cancelled,2.7,Tandoori Nights 44,Hyderabad,South Indian,4.7,150
5801,20,2024-12-22 10:36:00,4,724,72.4,20,671.6,Debit Card,62,Delivered,2.8,Urban Tadka 20,Hyderabad,Street Food,3.4,600
2309,34,2024-12-22 11:05:00,4,1603,0.0,49,1652.0,UPI,55,Delivered,4.2,Biryani House 34,Bangalore,South Indian,4.8,200
3511,32,2024-12-22 11:28:00,1,107,10.7,30,126.3,Wallet,50,Delivered,3.1,Grill Masters 32,Hyderabad,Fast Food,3.2,800
5053,1,2024-12-22 13:38:00,1,536,0.0,30,566.0,Cash on Delivery,61,Delivered,2.7,Wok This Way 1,Pune,Italian,3.6,200
4623,15,2024-12-22 14:44:00,1,351,35.1,20,335.9,Debit Card,36,Delivered,3.3,Biryani House 15,Ahmedabad,North Indian,3.2,800
4687,21,2024-12-22 14:45:00,4,2005,0.0,20,2025.0,Debit Card,32,Delivered,3.8,Biryani House 21,Pune,South Indian,4.1,600
2291,36,2024-12-22 16:42:00,2,1038,0.0,49,1087.0,Wallet,23,Delivered,3.5,Wok This Way 36,Bangalore,Desserts,4.5,500
1190,12,2024-12-22 17:54:00,3,920,0.0,0,920.0,UPI,36,Delivered,4.1,Tandoori Nights 12,Mumbai,Continental,4.8,800
1133,7,2024-12-22 20:31:00,1,424,0.0,20,444.0,Cash on Delivery,56,Delivered,3.5,Wok This Way 7,Bangalore,Street Food,2.9,600
4450,11,2024-12-22 20:43:00,2,1006,0.0,49,1055.0,UPI,34,Cancelled,3.6,Noodle Bar 11,Hyderabad,Chinese,2.8,600
5276,34,2024-12-22 21:23:00,4,418,83.6,40,374.4,Wallet,56,Delivered,3.9,Biryani House 34,Bangalore,South Indian,4.8,200
1381,16,2024-12-22 21:37:00,4,522,52.2,0,469.8,Debit Card,39,Delivered,3.6,Cafe Bliss 16,Chennai,South Indian,3.2,500
3309,28,2024-12-22 21:39:00,4,620,0.0,30,650.0,Debit Card,35,Delivered,3.5,Spice Junction 28,Ahmedabad,Continental,3.9,350
1991,47,2024-12-22 22:20:00,3,610,0.0,20,630.0,Wallet,19,Delivered,2.9,Wok This Way 47,Ahmedabad,Street Food,3.5,250
2945,39,2024-12-22 23:12:00,2,707,106.05,0,600.95,Debit Card,38,Delivered,4.9,Wok This Way 39,Pune,North Indian,4.2,350
3054,50,2024-12-23 08:24:00,2,399,59.85,30,369.15,Credit Card,27,Delivered,4.9,Urban Tadka 50,Delhi,Bakery,3.2,500
4394,38,2024-12-23 09:15:00,3,1215,0.0,30,1245.0,Debit Card,58,Cancelled,2.9,Burger Barn 38,Kolkata,Biryani,3.0,600
5359,37,2024-12-23 11:29:00,4,405,0.0,0,405.0,Cash on Delivery,25,Delivered,3.6,Curry Leaf 37,Chennai,Chinese,3.4,500
5421,16,2024-12-23 11:37:00,2,212,0.0,30,242.0,Debit Card,61,Cancelled,3.3,Cafe Bliss 16,Chennai,South Indian,3.2,500
3028,44,2024-12-23 12:48:00,3,309,46.35,0,262.65,Debit Card,60,Delivered,4.8,Tandoori Nights 44,Hyderabad,South Indian,4.7,150
3679,38,2024-12-23 13:28:00,3,1226,0.0,0,1226.0,Wallet,17,Delivered,3.7,Burger Barn 38,Kolkata,Biryani,3.0,600
5954,14,2024-12-23 13:43:00,1,392,78.4,30,343.6,Wallet,38,Cancelled,3.4,Curry Leaf 14,Pune,South Indian,3.2,150
5195,11,2024-12-23 13:59:00,2,518,0.0,40,558.0,Debit Card,30,Delivered,2.7,Noodle Bar 11,Hyderabad,Chinese,2.8,600
5379,5,2024-12-23 18:37:00,3,392,58.8,40,373.2,Credit Card,30,Delivered,3.7,Cafe Bliss 5,Hyderabad,Street Food,3.1,500
2238,47,2024-12-23 19:58:00,2,916,183.2,40,772.8,Wallet,63,Delivered,3.9,Wok This Way 47,Ahmedabad,Street Food,3.5,250
1520,19,2024-12-23 20:08:00,1,302,0.0,30,332.0,Wallet,31,Delivered,4.8,Spice Junction 19,Chennai,Desserts,3.7,150
3998,32,2024-12-23 21:01:00,2,307,61.4,40,285.6,Wallet,30,Delivered,3.1,Grill Masters 32,Hyderabad,Fast Food,3.2,800
4347,9,2024-12-23 21:13:00,3,1069,0.0,0,1069.0,Credit Card,26,Delivered,4.0,Curry Leaf 9,Pune,Bakery,4.1,200
2129,49,2024-12-23 21:46:00,1,364,0.0,20,384.0,Cash on Delivery,51,Cancelled,3.2,Curry Leaf 49,Pune,Chinese,3.9,350
1892,11,2024-12-23 21:51:00,4,1411,211.65,0,1199.35,Wallet,44,Delivered,2.7,Noodle Bar 11,Hyderabad,Chinese,2.8,600
3251,42,2024-12-23 22:06:00,3,1212,242.4,20,989.6,Credit Card,42,Delivered,4.1,Sizzle & Steam 42,Lucknow,Chinese,3.8,400
5393,47,2024-12-23 22:24:00,1,487,0.0,0,487.0,Cash on Delivery,32,Delivered,2.9,Wok This Way 47,Ahmedabad,Street Food,3.5,250
1288,22,2024-12-23 23:07:00,3,577,0.0,30,607.0,Debit Card,22,Delivered,4.3,Urban Tadka 22,Mumbai,Desserts,3.1,250
4657,34,2024-12-24 08:25:00,4,717,0.0,20,737.0,UPI,30,Delivered,2.8,Biryani House 34,Bangalore,South Indian,4.8,200
2860,6,2024-12-24 10:13:00,3,1063,212.6,0,850.4,Cash on Delivery,45,Delivered,4.1,Pizza Point 6,Mumbai,Desserts,3.1,800
4572,34,2024-12-24 11:46:00,1,141,28.2,0,112.8,Cash on Delivery,15,Delivered,3.7,Biryani House 34,Bangalore,South Indian,4.8,200
2750,15,2024-12-24 13:06:00,4,757,113.55,40,683.45,Credit Card,42,Delivered,4.0,Biryani House 15,Ahmedabad,North Indian,3.2,800
2081,28,2024-12-24 15:27:00,3,401,0.0,49,450.0,Wallet,20,Delivered,3.9,Spice Junction 28,Ahmedabad,Continental,3.9,350
3344,33,2024-12-24 15:31:00,4,1431,143.1,30,1317.9,Credit Card,46,Delivered,3.1,Pizza Point 33,Chennai,Bakery,2.9,600
1182,48,2024-12-24 16:49:00,1,469,0.0,49,518.0,Cash on Delivery,49,Cancelled,3.7,Burger Barn 48,Delhi,Italian,3.9,150
1375,1,2024-12-24 17:41:00,4,608,60.8,20,567.2,UPI,19,Cancelled,3.3,Wok This Way 1,Pune,Italian,3.6,200
3257,1,2024-12-24 18:50:00,2,441,0.0,40,481.0,UPI,31,Delivered,3.0,Wok This Way 1,Pune,Italian,3.6,200
2240,20,2024-12-24 19:36:00,1,153,15.3,49,186.7,Wallet,44,Delivered,4.5,Urban Tadka 20,Hyderabad,Street Food,3.4,600
2330,36,2024-12-24 21:07:00,3,770,77.0,20,713.0,Cash on Delivery,58,Delivered,3.8,Wok This Way 36,Bangalore,Desserts,4.5,500
1524,1,2024-12-25 10:41:00,4,1409,0.0,49,1458.0,Credit Card,48,Delivered,4.4,Wok This Way 1,Pune,Italian,3.6,200
4975,48,2024-12-25 11:21:00,4,541,0.0,49,590.0,Credit Card,54,Delivered,4.6,Burger Barn 48,Delhi,Italian,3.9,150
5833,45,2024-12-25 11:40:00,4,1227,0.0,49,1276.0,UPI,29,Cancelled,3.8,Royal Feast 45,Ahmedabad,Fast Food,3.3,250
1419,26,2024-12-25 11:54:00,2,509,0.0,49,558.0,UPI,61,Delivered,2.8,Chaat Street 26,Hyderabad,Continental,4.4,250
3436,27,2024-12-25 12:00:00,4,759,0.0,30,789.0,Wallet,16,Cancelled,3.2,Grill Masters 27,Delhi,Fast Food,3.2,150
5684,50,2024-12-25 15:24:00,2,317,0.0,30,347.0,UPI,49,Delivered,4.4,Urban Tadka 50,Delhi,Bakery,3.2,500
2788,36,2024-12-25 15:51:00,1,513,0.0,30,543.0,Debit Card,59,Delivered,4.5,Wok This Way 36,Bangalore,Desserts,4.5,500
2544,49,2024-12-25 18:45:00,3,1533,306.6,0,1226.4,Credit Card,35,Delivered,2.6,Curry Leaf 49,Pune,Chinese,3.9,350
2123,24,2024-12-25 20:05:00,2,299,44.85,40,294.15,Debit Card,42,Delivered,4.2,Cafe Bliss 24,Delhi,Street Food,3.6,600
5443,25,2024-12-25 21:35:00,1,251,0.0,40,291.0,UPI,48,Delivered,3.1,Royal Feast 25,Jaipur,Biryani,3.8,250
2608,45,2024-12-25 21:41:00,2,722,0.0,0,722.0,Wallet,30,Cancelled,3.9,Royal Feast 45,Ahmedabad,Fast Food,3.3,250
1220,6,2024-12-25 22:17:00,4,1398,0.0,30,1428.0,Wallet,25,Delivered,3.9,Pizza Point 6,Mumbai,Desserts,3.1,800
5020,43,2024-12-25 23:07:00,1,171,34.2,0,136.8,Debit Card,43,Delivered,2.9,Grill Masters 43,Chennai,Continental,2.9,250
1788,36,2024-12-25 23:48:00,2,936,93.6,30,872.4,Credit Card,26,Delivered,3.5,Wok This Way 36,Bangalore,Desserts,4.5,500
2193,7,2024-12-26 09:13:00,4,420,63.0,49,406.0,Cash on Delivery,63,Delivered,4.6,Wok This Way 7,Bangalore,Street Food,2.9,600
2771,50,2024-12-26 10:58:00,4,1032,0.0,30,1062.0,UPI,42,Delivered,3.2,Urban Tadka 50,Delhi,Bakery,3.2,500
4931,6,2024-12-26 12:24:00,2,385,77.0,0,308.0,UPI,21,Delivered,3.6,Pizza Point 6,Mumbai,Desserts,3.1,800
2251,30,2024-12-26 12:49:00,1,546,109.2,49,485.8,Debit Card,20,Cancelled,3.9,Noodle Bar 30,Pune,South Indian,2.9,800
1468,41,2024-12-26 15:32:00,2,415,83.0,20,352.0,Credit Card,45,Cancelled,2.6,Dosa Corner 41,Hyderabad,Continental,3.1,600
2049,20,2024-12-26 17:18:00,2,645,0.0,40,685.0,Wallet,21,Delivered,3.5,Urban Tadka 20,Hyderabad,Street Food,3.4,600
3959,25,2024-12-26 17:20:00,4,1796,269.4,49,1575.6,Cash on Delivery,51,Delivered,2.6,Royal Feast 25,Jaipur,Biryani,3.8,250
3239,25,2024-12-26 17:36:00,2,365,54.75,30,340.25,Debit Card,64,Delivered,3.0,Royal Feast 25,Jaipur,Biryani,3.8,250
5656,25,2024-12-26 18:58:00,3,1211,242.2,20,988.8,UPI,59,Cancelled,4.5,Royal Feast 25,Jaipur,Biryani,3.8,250
3294,50,2024-12-26 19:07:00,2,799,79.9,49,768.1,UPI,16,Delivered,3.0,Urban Tadka 50,Delhi,Bakery,3.2,500
4613,45,2024-12-26 20:03:00,2,727,109.05,30,647.95,Wallet,58,Delivered,4.3,Royal Feast 45,Ahmedabad,Fast Food,3.3,250
3521,32,2024-12-26 20:11:00,4,2035,0.0,30,2065.0,Wallet,31,Delivered,4.0,Grill Masters 32,Hyderabad,Fast Food,3.2,800
2456,18,2024-12-26 21:18:00,3,1387,138.7,40,1288.3,UPI,60,Delivered,3.9,Sizzle & Steam 18,Chennai,Chinese,3.9,600
3247,13,2024-12-26 22:39:00,1,298,59.6,40,278.4,Credit Card,33,Delivered,4.6,Spice Junction 13,Kolkata,Biryani,4.5,800
3518,18,2024-12-26 22:54:00,1,317,47.55,20,289.45,Credit Card,34,Cancelled,4.7,Sizzle & Steam 18,Chennai,Chinese,3.9,600
4811,14,2024-12-26 22:59:00,2,727,0.0,0,727.0,Cash on Delivery,54,Delivered,2.6,Curry Leaf 14,Pune,South Indian,3.2,150
4520,29,2024-12-27 10:33:00,3,575,0.0,49,624.0,Cash on Delivery,58,Cancelled,2.6,Sweet Tooth 29,Kolkata,North Indian,4.0,500
4780,19,2024-12-27 11:44:00,4,736,110.4,49,674.6,Credit Card,38,Cancelled,4.8,Spice Junction 19,Chennai,Desserts,3.7,150
3086,10,2024-12-27 12:27:00,4,1627,162.7,20,1484.3,UPI,60,Delivered,4.3,Chaat Street 10,Mumbai,Italian,4.3,350
4335,46,2024-12-27 12:54:00,1,440,88.0,0,352.0,Debit Card,38,Delivered,3.9,Urban Tadka 46,Kolkata,Continental,4.2,350
3727,50,2024-12-27 13:31:00,3,486,0.0,49,535.0,Credit Card,39,Delivered,2.5,Urban Tadka 50,Delhi,Bakery,3.2,500
3581,23,2024-12-27 17:30:00,4,727,0.0,49,776.0,Wallet,63,Cancelled,3.8,Noodle Bar 23,Lucknow,Desserts,3.4,150
1252,2,2024-12-27 17:44:00,3,913,0.0,49,962.0,Credit Card,44,Delivered,4.1,Spice Junction 2,Lucknow,Continental,4.8,200
5612,29,2024-12-27 18:12:00,3,569,0.0,0,569.0,Wallet,28,Delivered,4.0,Sweet Tooth 29,Kolkata,North Indian,4.0,500
5459,34,2024-12-27 19:57:00,1,256,51.2,20,224.8,Credit Card,31,Delivered,4.0,Biryani House 34,Bangalore,South Indian,4.8,200
5369,24,2024-12-27 20:32:00,3,495,49.5,49,494.5,UPI,39,Delivered,4.5,Cafe Bliss 24,Delhi,Street Food,3.6,600
2747,3,2024-12-27 20:47:00,3,332,0.0,40,372.0,Credit Card,23,Delivered,4.5,Grill Masters 3,Chennai,Continental,4.3,300
4129,7,2024-12-27 22:05:00,1,315,0.0,0,315.0,Wallet,49,Delivered,4.1,Wok This Way 7,Bangalore,Street Food,2.9,600
3900,17,2024-12-27 22:27:00,2,198,29.7,40,208.3,Cash on Delivery,63,Cancelled,4.0,Spicy Junction 17,Delhi,Chinese,3.4,800
3133,19,2024-12-27 22:40:00,4,817,0.0,40,857.0,UPI,22,Delivered,4.5,Spice Junction 19,Chennai,Desserts,3.7,150
4611,3,2024-12-27 23:40:00,3,1366,0.0,20,1386.0,Credit Card,38,Delivered,4.2,Grill Masters 3,Chennai,Continental,4.3,300
1019,45,2024-12-28 09:14:00,4,1233,123.3,0,1109.7,Wallet,55,Delivered,2.9,Royal Feast 45,Ahmedabad,Fast Food,3.3,250
1885,15,2024-12-28 12:00:00,1,171,0.0,40,211.0,UPI,46,Delivered,2.7,Biryani House 15,Ahmedabad,North Indian,3.2,800
1846,40,2024-12-28 12:51:00,2,723,0.0,0,723.0,Debit Card,21,Cancelled,3.6,Dosa Corner 40,Mumbai,Fast Food,3.7,250
2393,16,2024-12-28 14:21:00,1,364,54.6,30,339.4,Debit Card,30,Delivered,2.7,Cafe Bliss 16,Chennai,South Indian,3.2,500
5378,45,2024-12-28 16:08:00,3,1239,185.85,49,1102.15,Cash on Delivery,30,Delivered,3.4,Royal Feast 45,Ahmedabad,Fast Food,3.3,250
5903,42,2024-12-28 16:12:00,1,257,0.0,49,306.0,Cash on Delivery,26,Cancelled,2.6,Sizzle & Steam 42,Lucknow,Chinese,3.8,400
4835,38,2024-12-28 16:19:00,2,406,81.2,49,373.8,Cash on Delivery,51,Cancelled,4.0,Burger Barn 38,Kolkata,Biryani,3.0,600
2584,8,2024-12-28 18:33:00,2,399,79.8,0,319.2,Debit Card,58,Cancelled,4.4,Urban Tadka 8,Hyderabad,Desserts,4.6,350
3135,34,2024-12-28 20:46:00,1,114,0.0,40,154.0,UPI,47,Cancelled,3.5,Biryani House 34,Bangalore,South Indian,4.8,200
3918,50,2024-12-28 23:29:00,2,619,92.85,49,575.15,Wallet,29,Delivered,3.1,Urban Tadka 50,Delhi,Bakery,3.2,500
3405,28,2024-12-28 23:30:00,1,145,0.0,40,185.0,Cash on Delivery,39,Cancelled,2.6,Spice Junction 28,Ahmedabad,Continental,3.9,350
5705,40,2024-12-28 23:32:00,2,259,25.9,49,282.1,Wallet,15,Delivered,4.2,Dosa Corner 40,Mumbai,Fast Food,3.7,250
1993,14,2024-12-29 11:01:00,4,1234,123.4,49,1159.6,Debit Card,39,Cancelled,4.5,Curry Leaf 14,Pune,South Indian,3.2,150
4409,45,2024-12-29 12:20:00,1,463,0.0,49,512.0,Wallet,49,Cancelled,4.0,Royal Feast 45,Ahmedabad,Fast Food,3.3,250
1634,47,2024-12-29 13:50:00,4,520,78.0,20,462.0,Wallet,32,Delivered,2.5,Wok This Way 47,Ahmedabad,Street Food,3.5,250
5789,48,2024-12-29 13:57:00,1,378,37.8,30,370.2,Wallet,37,Delivered,2.9,Burger Barn 48,Delhi,Italian,3.9,150
4758,31,2024-12-29 14:07:00,1,531,0.0,49,580.0,Wallet,56,Delivered,3.8,Momo Magic 31,Jaipur,Continental,4.1,500
3535,50,2024-12-29 14:08:00,3,1201,0.0,30,1231.0,Debit Card,39,Delivered,2.6,Urban Tadka 50,Delhi,Bakery,3.2,500
1651,6,2024-12-29 15:22:00,2,213,0.0,30,243.0,Credit Card,52,Delivered,4.6,Pizza Point 6,Mumbai,Desserts,3.1,800
2375,19,2024-12-29 16:27:00,2,535,53.5,0,481.5,Cash on Delivery,57,Delivered,3.9,Spice Junction 19,Chennai,Desserts,3.7,150
3654,1,2024-12-29 17:01:00,3,747,0.0,20,767.0,Cash on Delivery,36,Delivered,2.6,Wok This Way 1,Pune,Italian,3.6,200
3544,9,2024-12-29 17:28:00,3,1081,0.0,30,1111.0,Cash on Delivery,44,Delivered,2.8,Curry Leaf 9,Pune,Bakery,4.1,200
4627,37,2024-12-29 17:29:00,2,744,0.0,49,793.0,Debit Card,36,Delivered,4.0,Curry Leaf 37,Chennai,Chinese,3.4,500
5945,9,2024-12-29 18:14:00,2,610,61.0,49,598.0,UPI,24,Delivered,4.2,Curry Leaf 9,Pune,Bakery,4.1,200
2044,36,2024-12-29 21:10:00,3,617,92.55,40,564.45,Wallet,21,Delivered,3.7,Wok This Way 36,Bangalore,Desserts,4.5,500
2028,36,2024-12-29 22:31:00,4,2019,302.85,0,1716.15,Cash on Delivery,25,Cancelled,3.5,Wok This Way 36,Bangalore,Desserts,4.5,500
4378,28,2024-12-29 23:10:00,4,716,107.4,20,628.6,Credit Card,36,Delivered,4.0,Spice Junction 28,Ahmedabad,Continental,3.9,350
3067,16,2024-12-30 08:02:00,1,345,0.0,0,345.0,UPI,38,Delivered,4.1,Cafe Bliss 16,Chennai,South Indian,3.2,500
3141,45,2024-12-30 09:26:00,1,545,0.0,0,545.0,Credit Card,48,Delivered,3.5,Royal Feast 45,Ahmedabad,Fast Food,3.3,250
4291,42,2024-12-30 10:07:00,4,2030,0.0,49,2079.0,Wallet,34,Delivered,2.6,Sizzle & Steam 42,Lucknow,Chinese,3.8,400
1930,20,2024-12-30 12:47:00,4,634,126.8,20,527.2,Debit Card,41,Delivered,3.6,Urban Tadka 20,Hyderabad,Street Food,3.4,600
4448,46,2024-12-30 13:16:00,1,542,81.3,40,500.7,Debit Card,58,Cancelled,4.5,Urban Tadka 46,Kolkata,Continental,4.2,350
5995,40,2024-12-30 14:20:00,1,496,0.0,0,496.0,UPI,39,Delivered,3.7,Dosa Corner 40,Mumbai,Fast Food,3.7,250
2195,8,2024-12-30 15:22:00,3,395,39.5,40,395.5,Wallet,62,Delivered,4.2,Urban Tadka 8,Hyderabad,Desserts,4.6,350
2172,49,2024-12-30 16:05:00,4,542,81.3,49,509.7,Wallet,50,Delivered,3.0,Curry Leaf 49,Pune,Chinese,3.9,350
4817,35,2024-12-30 16:57:00,2,834,125.1,20,728.9,Cash on Delivery,40,Cancelled,3.3,Momo Magic 35,Hyderabad,Fast Food,4.8,150
2386,19,2024-12-30 17:12:00,3,1510,302.0,30,1238.0,Cash on Delivery,39,Delivered,4.3,Spice Junction 19,Chennai,Desserts,3.7,150
4388,34,2024-12-30 17:25:00,3,1235,0.0,20,1255.0,Cash on Delivery,30,Delivered,2.8,Biryani House 34,Bangalore,South Indian,4.8,200
2055,8,2024-12-30 18:53:00,1,194,0.0,30,224.0,Wallet,46,Delivered,4.1,Urban Tadka 8,Hyderabad,Desserts,4.6,350
4987,36,2024-12-30 20:15:00,2,235,0.0,0,235.0,Debit Card,29,Delivered,4.6,Wok This Way 36,Bangalore,Desserts,4.5,500
4519,2,2024-12-30 20:25:00,4,429,42.9,30,416.1,Debit Card,59,Delivered,4.9,Spice Junction 2,Lucknow,Continental,4.8,200
1913,11,2024-12-30 20:59:00,1,343,0.0,20,363.0,UPI,59,Delivered,3.1,Noodle Bar 11,Hyderabad,Chinese,2.8,600
1413,17,2024-12-30 22:04:00,4,1832,274.8,0,1557.2,Debit Card,42,Cancelled,4.3,Spicy Junction 17,Delhi,Chinese,3.4,800
5947,29,2024-12-30 22:37:00,3,1220,0.0,0,1220.0,Cash on Delivery,64,Cancelled,5.0,Sweet Tooth 29,Kolkata,North Indian,4.0,500
5032,24,2024-12-30 22:55:00,1,180,0.0,0,180.0,Wallet,31,Delivered,3.9,Cafe Bliss 24,Delhi,Street Food,3.6,600
3275,24,2024-12-30 23:07:00,4,1624,243.6,30,1410.4,UPI,58,Delivered,4.8,Cafe Bliss 24,Delhi,Street Food,3.6,600
2318,28,2024-12-31 09:32:00,2,446,66.9,49,428.1,Credit Card,36,Delivered,4.0,Spice Junction 28,Ahmedabad,Continental,3.9,350
3992,33,2024-12-31 09:33:00,1,164,0.0,49,213.0,Credit Card,27,Delivered,2.7,Pizza Point 33,Chennai,Bakery,2.9,600
4421,49,2024-12-31 09:57:00,2,271,54.2,40,256.8,Debit Card,44,Delivered,4.2,Curry Leaf 49,Pune,Chinese,3.9,350
3224,29,2024-12-31 11:00:00,3,1088,0.0,0,1088.0,Credit Card,32,Delivered,2.8,Sweet Tooth 29,Kolkata,North Indian,4.0,500
3264,21,2024-12-31 11:20:00,3,1519,303.8,49,1264.2,Cash on Delivery,19,Delivered,4.5,Biryani House 21,Pune,South Indian,4.1,600
5782,14,2024-12-31 12:45:00,3,761,114.15,20,666.85,Credit Card,16,Delivered,4.9,Curry Leaf 14,Pune,South Indian,3.2,150
2916,29,2024-12-31 15:24:00,1,182,18.2,0,163.8,UPI,33,Delivered,4.3,Sweet Tooth 29,Kolkata,North Indian,4.0,500
2394,6,2024-12-31 15:43:00,2,418,62.7,20,375.3,Cash on Delivery,60,Delivered,2.6,Pizza Point 6,Mumbai,Desserts,3.1,800
5301,4,2024-12-31 16:09:00,2,814,0.0,49,863.0,Cash on Delivery,18,Delivered,4.5,Cafe Bliss 4,Lucknow,Fast Food,4.1,600
3705,12,2024-12-31 16:48:00,4,1813,0.0,0,1813.0,Wallet,26,Delivered,2.7,Tandoori Nights 12,Mumbai,Continental,4.8,800
4055,10,2024-12-31 17:26:00,3,450,67.5,30,412.5,Credit Card,17,Delivered,3.3,Chaat Street 10,Mumbai,Italian,4.3,350
2224,7,2024-12-31 19:30:00,2,998,99.8,49,947.2,Credit Card,34,Delivered,4.2,Wok This Way 7,Bangalore,Street Food,2.9,600
